tsa,au_id,stratum_code,si_level,ifm,curve_id,age,volume
29,2901000,SBPS_PLI,L,unmanaged,2901000,1,0.0
29,2901000,SBPS_PLI,L,unmanaged,2901000,10,0.0
29,2901000,SBPS_PLI,L,unmanaged,2901000,20,0.03
29,2901000,SBPS_PLI,L,unmanaged,2901000,30,0.16
29,2901000,SBPS_PLI,L,unmanaged,2901000,40,0.57
29,2901000,SBPS_PLI,L,unmanaged,2901000,50,1.53
29,2901000,SBPS_PLI,L,unmanaged,2901000,60,3.38
29,2901000,SBPS_PLI,L,unmanaged,2901000,70,8.45
29,2901000,SBPS_PLI,L,unmanaged,2901000,80,11.0
29,2901000,SBPS_PLI,L,unmanaged,2901000,90,19.78
29,2901000,SBPS_PLI,L,unmanaged,2901000,100,27.86
29,2901000,SBPS_PLI,L,unmanaged,2901000,110,35.87
29,2901000,SBPS_PLI,L,unmanaged,2901000,120,43.5
29,2901000,SBPS_PLI,L,unmanaged,2901000,130,50.6
29,2901000,SBPS_PLI,L,unmanaged,2901000,140,57.21
29,2901000,SBPS_PLI,L,unmanaged,2901000,150,63.27
29,2901000,SBPS_PLI,L,unmanaged,2901000,160,68.58
29,2901000,SBPS_PLI,L,unmanaged,2901000,170,73.03
29,2901000,SBPS_PLI,L,unmanaged,2901000,180,76.51
29,2901000,SBPS_PLI,L,unmanaged,2901000,190,78.92
29,2901000,SBPS_PLI,L,unmanaged,2901000,200,80.25
29,2901000,SBPS_PLI,L,unmanaged,2901000,210,80.78
29,2901000,SBPS_PLI,L,unmanaged,2901000,220,80.85
29,2901000,SBPS_PLI,L,unmanaged,2901000,230,80.75
29,2901000,SBPS_PLI,L,unmanaged,2901000,240,80.57
29,2901000,SBPS_PLI,L,unmanaged,2901000,250,80.36
29,2901000,SBPS_PLI,L,unmanaged,2901000,260,80.12
29,2901000,SBPS_PLI,L,unmanaged,2901000,270,79.87
29,2901000,SBPS_PLI,L,unmanaged,2901000,280,79.62
29,2901000,SBPS_PLI,L,unmanaged,2901000,290,79.3
29,2901000,SBPS_PLI,L,unmanaged,2901000,299,79.79
29,2901000,SBPS_PLI,L,managed,2921000,0,0.0
29,2901000,SBPS_PLI,L,managed,2921000,10,0.0
29,2901000,SBPS_PLI,L,managed,2921000,20,0.0
29,2901000,SBPS_PLI,L,managed,2921000,30,0.0
29,2901000,SBPS_PLI,L,managed,2921000,40,0.0
29,2901000,SBPS_PLI,L,managed,2921000,50,0.0
29,2901000,SBPS_PLI,L,managed,2921000,60,0.2
29,2901000,SBPS_PLI,L,managed,2921000,70,0.9
29,2901000,SBPS_PLI,L,managed,2921000,80,3.6
29,2901000,SBPS_PLI,L,managed,2921000,90,8.1
29,2901000,SBPS_PLI,L,managed,2921000,100,15.0
29,2901000,SBPS_PLI,L,managed,2921000,110,22.0
29,2901000,SBPS_PLI,L,managed,2921000,120,28.9
29,2901000,SBPS_PLI,L,managed,2921000,130,36.3
29,2901000,SBPS_PLI,L,managed,2921000,140,41.9
29,2901000,SBPS_PLI,L,managed,2921000,150,46.7
29,2901000,SBPS_PLI,L,managed,2921000,160,51.2
29,2901000,SBPS_PLI,L,managed,2921000,170,55.3
29,2901000,SBPS_PLI,L,managed,2921000,180,59.1
29,2901000,SBPS_PLI,L,managed,2921000,190,62.3
29,2901000,SBPS_PLI,L,managed,2921000,200,65.1
29,2901000,SBPS_PLI,L,managed,2921000,210,67.4
29,2901000,SBPS_PLI,L,managed,2921000,220,69.3
29,2901000,SBPS_PLI,L,managed,2921000,230,70.9
29,2901000,SBPS_PLI,L,managed,2921000,240,72.3
29,2901000,SBPS_PLI,L,managed,2921000,250,73.4
29,2901000,SBPS_PLI,L,managed,2921000,260,74.2
29,2901000,SBPS_PLI,L,managed,2921000,270,74.9
29,2901000,SBPS_PLI,L,managed,2921000,280,75.5
29,2901000,SBPS_PLI,L,managed,2921000,290,75.8
29,2901000,SBPS_PLI,L,managed,2921000,300,76.1
29,2901000,SBPS_PLI,L,managed,2921000,310,76.3
29,2901000,SBPS_PLI,L,managed,2921000,320,76.4
29,2901000,SBPS_PLI,L,managed,2921000,330,76.4
29,2901000,SBPS_PLI,L,managed,2921000,340,76.3
29,2901000,SBPS_PLI,L,managed,2921000,350,76.2
29,2901001,MS_PLI,L,unmanaged,2901001,1,0.0
29,2901001,MS_PLI,L,unmanaged,2901001,10,0.0
29,2901001,MS_PLI,L,unmanaged,2901001,20,0.0
29,2901001,MS_PLI,L,unmanaged,2901001,30,0.02
29,2901001,MS_PLI,L,unmanaged,2901001,40,0.11
29,2901001,MS_PLI,L,unmanaged,2901001,50,0.45
29,2901001,MS_PLI,L,unmanaged,2901001,60,0.85
29,2901001,MS_PLI,L,unmanaged,2901001,70,3.35
29,2901001,MS_PLI,L,unmanaged,2901001,80,8.96
29,2901001,MS_PLI,L,unmanaged,2901001,90,14.81
29,2901001,MS_PLI,L,unmanaged,2901001,100,21.62
29,2901001,MS_PLI,L,unmanaged,2901001,110,29.38
29,2901001,MS_PLI,L,unmanaged,2901001,120,37.81
29,2901001,MS_PLI,L,unmanaged,2901001,130,46.45
29,2901001,MS_PLI,L,unmanaged,2901001,140,54.81
29,2901001,MS_PLI,L,unmanaged,2901001,150,62.29
29,2901001,MS_PLI,L,unmanaged,2901001,160,68.32
29,2901001,MS_PLI,L,unmanaged,2901001,170,72.66
29,2901001,MS_PLI,L,unmanaged,2901001,180,75.54
29,2901001,MS_PLI,L,unmanaged,2901001,190,77.39
29,2901001,MS_PLI,L,unmanaged,2901001,200,78.59
29,2901001,MS_PLI,L,unmanaged,2901001,210,79.33
29,2901001,MS_PLI,L,unmanaged,2901001,220,79.75
29,2901001,MS_PLI,L,unmanaged,2901001,230,79.94
29,2901001,MS_PLI,L,unmanaged,2901001,240,79.97
29,2901001,MS_PLI,L,unmanaged,2901001,250,79.89
29,2901001,MS_PLI,L,unmanaged,2901001,260,79.75
29,2901001,MS_PLI,L,unmanaged,2901001,270,79.58
29,2901001,MS_PLI,L,unmanaged,2901001,280,79.39
29,2901001,MS_PLI,L,unmanaged,2901001,290,79.2
29,2901001,MS_PLI,L,unmanaged,2901001,299,79.02
29,2901001,MS_PLI,L,managed,2921001,0,0.0
29,2901001,MS_PLI,L,managed,2921001,10,0.0
29,2901001,MS_PLI,L,managed,2921001,20,0.0
29,2901001,MS_PLI,L,managed,2921001,30,0.0
29,2901001,MS_PLI,L,managed,2921001,40,0.0
29,2901001,MS_PLI,L,managed,2921001,50,0.0
29,2901001,MS_PLI,L,managed,2921001,60,0.1
29,2901001,MS_PLI,L,managed,2921001,70,1.6
29,2901001,MS_PLI,L,managed,2921001,80,4.9
29,2901001,MS_PLI,L,managed,2921001,90,13.4
29,2901001,MS_PLI,L,managed,2921001,100,22.2
29,2901001,MS_PLI,L,managed,2921001,110,31.7
29,2901001,MS_PLI,L,managed,2921001,120,41.6
29,2901001,MS_PLI,L,managed,2921001,130,50.6
29,2901001,MS_PLI,L,managed,2921001,140,58.2
29,2901001,MS_PLI,L,managed,2921001,150,65.6
29,2901001,MS_PLI,L,managed,2921001,160,72.3
29,2901001,MS_PLI,L,managed,2921001,170,78.3
29,2901001,MS_PLI,L,managed,2921001,180,83.5
29,2901001,MS_PLI,L,managed,2921001,190,88.1
29,2901001,MS_PLI,L,managed,2921001,200,92.1
29,2901001,MS_PLI,L,managed,2921001,210,95.5
29,2901001,MS_PLI,L,managed,2921001,220,98.5
29,2901001,MS_PLI,L,managed,2921001,230,101.0
29,2901001,MS_PLI,L,managed,2921001,240,103.2
29,2901001,MS_PLI,L,managed,2921001,250,105.2
29,2901001,MS_PLI,L,managed,2921001,260,106.9
29,2901001,MS_PLI,L,managed,2921001,270,108.3
29,2901001,MS_PLI,L,managed,2921001,280,109.6
29,2901001,MS_PLI,L,managed,2921001,290,110.6
29,2901001,MS_PLI,L,managed,2921001,300,111.4
29,2901001,MS_PLI,L,managed,2921001,310,112.1
29,2901001,MS_PLI,L,managed,2921001,320,112.7
29,2901001,MS_PLI,L,managed,2921001,330,113.1
29,2901001,MS_PLI,L,managed,2921001,340,113.4
29,2901001,MS_PLI,L,managed,2921001,350,113.6
29,2901002,IDF_FD,L,unmanaged,2901002,1,0.0
29,2901002,IDF_FD,L,unmanaged,2901002,10,0.02
29,2901002,IDF_FD,L,unmanaged,2901002,20,0.34
29,2901002,IDF_FD,L,unmanaged,2901002,30,1.73
29,2901002,IDF_FD,L,unmanaged,2901002,40,4.98
29,2901002,IDF_FD,L,unmanaged,2901002,50,10.48
29,2901002,IDF_FD,L,unmanaged,2901002,60,19.61
29,2901002,IDF_FD,L,unmanaged,2901002,70,27.4
29,2901002,IDF_FD,L,unmanaged,2901002,80,36.85
29,2901002,IDF_FD,L,unmanaged,2901002,90,46.84
29,2901002,IDF_FD,L,unmanaged,2901002,100,57.1
29,2901002,IDF_FD,L,unmanaged,2901002,110,67.11
29,2901002,IDF_FD,L,unmanaged,2901002,120,76.13
29,2901002,IDF_FD,L,unmanaged,2901002,130,83.52
29,2901002,IDF_FD,L,unmanaged,2901002,140,89.03
29,2901002,IDF_FD,L,unmanaged,2901002,150,92.79
29,2901002,IDF_FD,L,unmanaged,2901002,160,95.17
29,2901002,IDF_FD,L,unmanaged,2901002,170,96.67
29,2901002,IDF_FD,L,unmanaged,2901002,180,98.0
29,2901002,IDF_FD,L,unmanaged,2901002,190,99.63
29,2901002,IDF_FD,L,unmanaged,2901002,200,101.34
29,2901002,IDF_FD,L,unmanaged,2901002,210,102.49
29,2901002,IDF_FD,L,unmanaged,2901002,220,102.68
29,2901002,IDF_FD,L,unmanaged,2901002,230,102.14
29,2901002,IDF_FD,L,unmanaged,2901002,240,101.31
29,2901002,IDF_FD,L,unmanaged,2901002,250,100.49
29,2901002,IDF_FD,L,unmanaged,2901002,260,99.75
29,2901002,IDF_FD,L,unmanaged,2901002,270,99.12
29,2901002,IDF_FD,L,unmanaged,2901002,280,98.56
29,2901002,IDF_FD,L,unmanaged,2901002,290,98.0
29,2901002,IDF_FD,L,unmanaged,2901002,299,97.68
29,2901002,IDF_FD,L,managed,2921002,0,0.0
29,2901002,IDF_FD,L,managed,2921002,10,0.0
29,2901002,IDF_FD,L,managed,2921002,20,0.0
29,2901002,IDF_FD,L,managed,2921002,30,0.0
29,2901002,IDF_FD,L,managed,2921002,40,0.0
29,2901002,IDF_FD,L,managed,2921002,50,0.6
29,2901002,IDF_FD,L,managed,2921002,60,4.2
29,2901002,IDF_FD,L,managed,2921002,70,12.1
29,2901002,IDF_FD,L,managed,2921002,80,22.9
29,2901002,IDF_FD,L,managed,2921002,90,34.4
29,2901002,IDF_FD,L,managed,2921002,100,46.7
29,2901002,IDF_FD,L,managed,2921002,110,57.8
29,2901002,IDF_FD,L,managed,2921002,120,68.6
29,2901002,IDF_FD,L,managed,2921002,130,78.5
29,2901002,IDF_FD,L,managed,2921002,140,86.6
29,2901002,IDF_FD,L,managed,2921002,150,93.7
29,2901002,IDF_FD,L,managed,2921002,160,100.4
29,2901002,IDF_FD,L,managed,2921002,170,106.5
29,2901002,IDF_FD,L,managed,2921002,180,112.0
29,2901002,IDF_FD,L,managed,2921002,190,116.7
29,2901002,IDF_FD,L,managed,2921002,200,120.9
29,2901002,IDF_FD,L,managed,2921002,210,124.5
29,2901002,IDF_FD,L,managed,2921002,220,127.6
29,2901002,IDF_FD,L,managed,2921002,230,130.4
29,2901002,IDF_FD,L,managed,2921002,240,132.9
29,2901002,IDF_FD,L,managed,2921002,250,135.1
29,2901002,IDF_FD,L,managed,2921002,260,137.0
29,2901002,IDF_FD,L,managed,2921002,270,138.6
29,2901002,IDF_FD,L,managed,2921002,280,140.0
29,2901002,IDF_FD,L,managed,2921002,290,141.2
29,2901002,IDF_FD,L,managed,2921002,300,142.2
29,2901002,IDF_FD,L,managed,2921002,310,143.1
29,2901002,IDF_FD,L,managed,2921002,320,143.9
29,2901002,IDF_FD,L,managed,2921002,330,144.5
29,2901002,IDF_FD,L,managed,2921002,340,145.1
29,2901002,IDF_FD,L,managed,2921002,350,145.5
29,2901003,IDF_FDI,L,unmanaged,2901003,1,0.0
29,2901003,IDF_FDI,L,unmanaged,2901003,10,0.51
29,2901003,IDF_FDI,L,unmanaged,2901003,20,2.11
29,2901003,IDF_FDI,L,unmanaged,2901003,30,4.83
29,2901003,IDF_FDI,L,unmanaged,2901003,40,8.68
29,2901003,IDF_FDI,L,unmanaged,2901003,50,13.67
29,2901003,IDF_FDI,L,unmanaged,2901003,60,19.79
29,2901003,IDF_FDI,L,unmanaged,2901003,70,26.49
29,2901003,IDF_FDI,L,unmanaged,2901003,80,34.5
29,2901003,IDF_FDI,L,unmanaged,2901003,90,45.1
29,2901003,IDF_FDI,L,unmanaged,2901003,100,55.76
29,2901003,IDF_FDI,L,unmanaged,2901003,110,66.58
29,2901003,IDF_FDI,L,unmanaged,2901003,120,75.98
29,2901003,IDF_FDI,L,unmanaged,2901003,130,82.72
29,2901003,IDF_FDI,L,unmanaged,2901003,140,86.75
29,2901003,IDF_FDI,L,unmanaged,2901003,150,89.0
29,2901003,IDF_FDI,L,unmanaged,2901003,160,90.39
29,2901003,IDF_FDI,L,unmanaged,2901003,170,91.42
29,2901003,IDF_FDI,L,unmanaged,2901003,180,92.31
29,2901003,IDF_FDI,L,unmanaged,2901003,190,93.26
29,2901003,IDF_FDI,L,unmanaged,2901003,200,94.25
29,2901003,IDF_FDI,L,unmanaged,2901003,210,95.02
29,2901003,IDF_FDI,L,unmanaged,2901003,220,95.38
29,2901003,IDF_FDI,L,unmanaged,2901003,230,95.37
29,2901003,IDF_FDI,L,unmanaged,2901003,240,95.2
29,2901003,IDF_FDI,L,unmanaged,2901003,250,95.04
29,2901003,IDF_FDI,L,unmanaged,2901003,260,94.88
29,2901003,IDF_FDI,L,unmanaged,2901003,270,94.68
29,2901003,IDF_FDI,L,unmanaged,2901003,280,94.4
29,2901003,IDF_FDI,L,unmanaged,2901003,290,94.0
29,2901003,IDF_FDI,L,unmanaged,2901003,299,94.25
29,2901003,IDF_FDI,L,managed,2921003,0,0.0
29,2901003,IDF_FDI,L,managed,2921003,10,0.0
29,2901003,IDF_FDI,L,managed,2921003,20,0.0
29,2901003,IDF_FDI,L,managed,2921003,30,0.0
29,2901003,IDF_FDI,L,managed,2921003,40,0.0
29,2901003,IDF_FDI,L,managed,2921003,50,0.5
29,2901003,IDF_FDI,L,managed,2921003,60,4.1
29,2901003,IDF_FDI,L,managed,2921003,70,12.8
29,2901003,IDF_FDI,L,managed,2921003,80,24.6
29,2901003,IDF_FDI,L,managed,2921003,90,37.3
29,2901003,IDF_FDI,L,managed,2921003,100,50.9
29,2901003,IDF_FDI,L,managed,2921003,110,63.5
29,2901003,IDF_FDI,L,managed,2921003,120,75.4
29,2901003,IDF_FDI,L,managed,2921003,130,86.5
29,2901003,IDF_FDI,L,managed,2921003,140,95.6
29,2901003,IDF_FDI,L,managed,2921003,150,103.7
29,2901003,IDF_FDI,L,managed,2921003,160,111.2
29,2901003,IDF_FDI,L,managed,2921003,170,118.1
29,2901003,IDF_FDI,L,managed,2921003,180,124.1
29,2901003,IDF_FDI,L,managed,2921003,190,129.6
29,2901003,IDF_FDI,L,managed,2921003,200,134.3
29,2901003,IDF_FDI,L,managed,2921003,210,138.4
29,2901003,IDF_FDI,L,managed,2921003,220,141.9
29,2901003,IDF_FDI,L,managed,2921003,230,145.0
29,2901003,IDF_FDI,L,managed,2921003,240,147.9
29,2901003,IDF_FDI,L,managed,2921003,250,150.4
29,2901003,IDF_FDI,L,managed,2921003,260,152.5
29,2901003,IDF_FDI,L,managed,2921003,270,154.4
29,2901003,IDF_FDI,L,managed,2921003,280,156.0
29,2901003,IDF_FDI,L,managed,2921003,290,157.3
29,2901003,IDF_FDI,L,managed,2921003,300,158.5
29,2901003,IDF_FDI,L,managed,2921003,310,159.5
29,2901003,IDF_FDI,L,managed,2921003,320,160.4
29,2901003,IDF_FDI,L,managed,2921003,330,161.1
29,2901003,IDF_FDI,L,managed,2921003,340,161.8
29,2901003,IDF_FDI,L,managed,2921003,350,162.3
29,2901004,MS_PL,L,unmanaged,2901004,1,0.0
29,2901004,MS_PL,L,unmanaged,2901004,10,0.0
29,2901004,MS_PL,L,unmanaged,2901004,20,0.0
29,2901004,MS_PL,L,unmanaged,2901004,30,0.01
29,2901004,MS_PL,L,unmanaged,2901004,40,0.05
29,2901004,MS_PL,L,unmanaged,2901004,50,0.29
29,2901004,MS_PL,L,unmanaged,2901004,60,1.01
29,2901004,MS_PL,L,unmanaged,2901004,70,2.8
29,2901004,MS_PL,L,unmanaged,2901004,80,6.1
29,2901004,MS_PL,L,unmanaged,2901004,90,10.11
29,2901004,MS_PL,L,unmanaged,2901004,100,15.11
29,2901004,MS_PL,L,unmanaged,2901004,110,21.23
29,2901004,MS_PL,L,unmanaged,2901004,120,28.5
29,2901004,MS_PL,L,unmanaged,2901004,130,36.48
29,2901004,MS_PL,L,unmanaged,2901004,140,44.41
29,2901004,MS_PL,L,unmanaged,2901004,150,51.61
29,2901004,MS_PL,L,unmanaged,2901004,160,57.85
29,2901004,MS_PL,L,unmanaged,2901004,170,63.29
29,2901004,MS_PL,L,unmanaged,2901004,180,68.19
29,2901004,MS_PL,L,unmanaged,2901004,190,72.76
29,2901004,MS_PL,L,unmanaged,2901004,200,77.04
29,2901004,MS_PL,L,unmanaged,2901004,210,80.87
29,2901004,MS_PL,L,unmanaged,2901004,220,84.01
29,2901004,MS_PL,L,unmanaged,2901004,230,86.33
29,2901004,MS_PL,L,unmanaged,2901004,240,87.89
29,2901004,MS_PL,L,unmanaged,2901004,250,88.86
29,2901004,MS_PL,L,unmanaged,2901004,260,89.4
29,2901004,MS_PL,L,unmanaged,2901004,270,89.64
29,2901004,MS_PL,L,unmanaged,2901004,280,89.64
29,2901004,MS_PL,L,unmanaged,2901004,290,89.5
29,2901004,MS_PL,L,unmanaged,2901004,299,89.4
29,2901004,MS_PL,L,managed,2921004,0,0.0
29,2901004,MS_PL,L,managed,2921004,10,0.0
29,2901004,MS_PL,L,managed,2921004,20,0.0
29,2901004,MS_PL,L,managed,2921004,30,0.0
29,2901004,MS_PL,L,managed,2921004,40,0.0
29,2901004,MS_PL,L,managed,2921004,50,0.0
29,2901004,MS_PL,L,managed,2921004,60,0.0
29,2901004,MS_PL,L,managed,2921004,70,0.1
29,2901004,MS_PL,L,managed,2921004,80,0.2
29,2901004,MS_PL,L,managed,2921004,90,2.0
29,2901004,MS_PL,L,managed,2921004,100,4.3
29,2901004,MS_PL,L,managed,2921004,110,8.8
29,2901004,MS_PL,L,managed,2921004,120,14.0
29,2901004,MS_PL,L,managed,2921004,130,18.9
29,2901004,MS_PL,L,managed,2921004,140,23.3
29,2901004,MS_PL,L,managed,2921004,150,27.9
29,2901004,MS_PL,L,managed,2921004,160,32.5
29,2901004,MS_PL,L,managed,2921004,170,36.7
29,2901004,MS_PL,L,managed,2921004,180,40.4
29,2901004,MS_PL,L,managed,2921004,190,43.8
29,2901004,MS_PL,L,managed,2921004,200,46.9
29,2901004,MS_PL,L,managed,2921004,210,49.5
29,2901004,MS_PL,L,managed,2921004,220,51.9
29,2901004,MS_PL,L,managed,2921004,230,54.0
29,2901004,MS_PL,L,managed,2921004,240,55.8
29,2901004,MS_PL,L,managed,2921004,250,57.5
29,2901004,MS_PL,L,managed,2921004,260,59.0
29,2901004,MS_PL,L,managed,2921004,270,60.3
29,2901004,MS_PL,L,managed,2921004,280,61.5
29,2901004,MS_PL,L,managed,2921004,290,62.5
29,2901004,MS_PL,L,managed,2921004,300,63.4
29,2901004,MS_PL,L,managed,2921004,310,64.2
29,2901004,MS_PL,L,managed,2921004,320,64.9
29,2901004,MS_PL,L,managed,2921004,330,65.4
29,2901004,MS_PL,L,managed,2921004,340,65.9
29,2901004,MS_PL,L,managed,2921004,350,66.3
29,2901005,SBPS_PL,L,unmanaged,2901005,1,0.0
29,2901005,SBPS_PL,L,unmanaged,2901005,10,0.0
29,2901005,SBPS_PL,L,unmanaged,2901005,20,0.0
29,2901005,SBPS_PL,L,unmanaged,2901005,30,0.08
29,2901005,SBPS_PL,L,unmanaged,2901005,40,0.77
29,2901005,SBPS_PL,L,unmanaged,2901005,50,3.49
29,2901005,SBPS_PL,L,unmanaged,2901005,60,10.23
29,2901005,SBPS_PL,L,unmanaged,2901005,70,20.4
29,2901005,SBPS_PL,L,unmanaged,2901005,80,34.01
29,2901005,SBPS_PL,L,unmanaged,2901005,90,46.92
29,2901005,SBPS_PL,L,unmanaged,2901005,100,59.25
29,2901005,SBPS_PL,L,unmanaged,2901005,110,70.72
29,2901005,SBPS_PL,L,unmanaged,2901005,120,81.22
29,2901005,SBPS_PL,L,unmanaged,2901005,130,90.79
29,2901005,SBPS_PL,L,unmanaged,2901005,140,99.41
29,2901005,SBPS_PL,L,unmanaged,2901005,150,106.95
29,2901005,SBPS_PL,L,unmanaged,2901005,160,113.27
29,2901005,SBPS_PL,L,unmanaged,2901005,170,118.3
29,2901005,SBPS_PL,L,unmanaged,2901005,180,122.04
29,2901005,SBPS_PL,L,unmanaged,2901005,190,124.53
29,2901005,SBPS_PL,L,unmanaged,2901005,200,125.85
29,2901005,SBPS_PL,L,unmanaged,2901005,210,126.22
29,2901005,SBPS_PL,L,unmanaged,2901005,220,126.0
29,2901005,SBPS_PL,L,unmanaged,2901005,230,125.59
29,2901005,SBPS_PL,L,unmanaged,2901005,240,125.26
29,2901005,SBPS_PL,L,unmanaged,2901005,250,125.06
29,2901005,SBPS_PL,L,unmanaged,2901005,260,124.88
29,2901005,SBPS_PL,L,unmanaged,2901005,270,124.62
29,2901005,SBPS_PL,L,unmanaged,2901005,280,124.24
29,2901005,SBPS_PL,L,unmanaged,2901005,290,123.8
29,2901005,SBPS_PL,L,unmanaged,2901005,299,123.41
29,2901005,SBPS_PL,L,managed,2921005,0,0.0
29,2901005,SBPS_PL,L,managed,2921005,10,0.0
29,2901005,SBPS_PL,L,managed,2921005,20,0.0
29,2901005,SBPS_PL,L,managed,2921005,30,0.0
29,2901005,SBPS_PL,L,managed,2921005,40,0.0
29,2901005,SBPS_PL,L,managed,2921005,50,0.1
29,2901005,SBPS_PL,L,managed,2921005,60,1.2
29,2901005,SBPS_PL,L,managed,2921005,70,5.5
29,2901005,SBPS_PL,L,managed,2921005,80,13.7
29,2901005,SBPS_PL,L,managed,2921005,90,24.1
29,2901005,SBPS_PL,L,managed,2921005,100,35.6
29,2901005,SBPS_PL,L,managed,2921005,110,47.0
29,2901005,SBPS_PL,L,managed,2921005,120,57.6
29,2901005,SBPS_PL,L,managed,2921005,130,67.2
29,2901005,SBPS_PL,L,managed,2921005,140,74.0
29,2901005,SBPS_PL,L,managed,2921005,150,79.6
29,2901005,SBPS_PL,L,managed,2921005,160,85.0
29,2901005,SBPS_PL,L,managed,2921005,170,90.2
29,2901005,SBPS_PL,L,managed,2921005,180,94.7
29,2901005,SBPS_PL,L,managed,2921005,190,98.6
29,2901005,SBPS_PL,L,managed,2921005,200,101.8
29,2901005,SBPS_PL,L,managed,2921005,210,104.5
29,2901005,SBPS_PL,L,managed,2921005,220,106.6
29,2901005,SBPS_PL,L,managed,2921005,230,108.3
29,2901005,SBPS_PL,L,managed,2921005,240,109.8
29,2901005,SBPS_PL,L,managed,2921005,250,110.9
29,2901005,SBPS_PL,L,managed,2921005,260,111.7
29,2901005,SBPS_PL,L,managed,2921005,270,112.4
29,2901005,SBPS_PL,L,managed,2921005,280,112.8
29,2901005,SBPS_PL,L,managed,2921005,290,113.0
29,2901005,SBPS_PL,L,managed,2921005,300,113.2
29,2901005,SBPS_PL,L,managed,2921005,310,113.2
29,2901005,SBPS_PL,L,managed,2921005,320,113.1
29,2901005,SBPS_PL,L,managed,2921005,330,112.9
29,2901005,SBPS_PL,L,managed,2921005,340,112.6
29,2901005,SBPS_PL,L,managed,2921005,350,112.3
29,2901006,ESSF_BL,L,unmanaged,2901006,1,0.0
29,2901006,ESSF_BL,L,unmanaged,2901006,10,0.0
29,2901006,ESSF_BL,L,unmanaged,2901006,20,0.0
29,2901006,ESSF_BL,L,unmanaged,2901006,30,0.0
29,2901006,ESSF_BL,L,unmanaged,2901006,40,0.0
29,2901006,ESSF_BL,L,unmanaged,2901006,50,0.03
29,2901006,ESSF_BL,L,unmanaged,2901006,60,0.18
29,2901006,ESSF_BL,L,unmanaged,2901006,70,0.77
29,2901006,ESSF_BL,L,unmanaged,2901006,80,2.53
29,2901006,ESSF_BL,L,unmanaged,2901006,90,7.3
29,2901006,ESSF_BL,L,unmanaged,2901006,100,20.47
29,2901006,ESSF_BL,L,unmanaged,2901006,110,33.17
29,2901006,ESSF_BL,L,unmanaged,2901006,120,46.15
29,2901006,ESSF_BL,L,unmanaged,2901006,130,58.56
29,2901006,ESSF_BL,L,unmanaged,2901006,140,69.68
29,2901006,ESSF_BL,L,unmanaged,2901006,150,79.27
29,2901006,ESSF_BL,L,unmanaged,2901006,160,87.36
29,2901006,ESSF_BL,L,unmanaged,2901006,170,94.08
29,2901006,ESSF_BL,L,unmanaged,2901006,180,99.59
29,2901006,ESSF_BL,L,unmanaged,2901006,190,103.92
29,2901006,ESSF_BL,L,unmanaged,2901006,200,107.07
29,2901006,ESSF_BL,L,unmanaged,2901006,210,109.1
29,2901006,ESSF_BL,L,unmanaged,2901006,220,110.29
29,2901006,ESSF_BL,L,unmanaged,2901006,230,111.05
29,2901006,ESSF_BL,L,unmanaged,2901006,240,111.69
29,2901006,ESSF_BL,L,unmanaged,2901006,250,112.27
29,2901006,ESSF_BL,L,unmanaged,2901006,260,112.77
29,2901006,ESSF_BL,L,unmanaged,2901006,270,113.15
29,2901006,ESSF_BL,L,unmanaged,2901006,280,113.44
29,2901006,ESSF_BL,L,unmanaged,2901006,290,113.7
29,2901006,ESSF_BL,L,unmanaged,2901006,299,113.91
29,2901006,ESSF_BL,L,managed,2921006,0,0.0
29,2901006,ESSF_BL,L,managed,2921006,10,0.0
29,2901006,ESSF_BL,L,managed,2921006,20,0.0
29,2901006,ESSF_BL,L,managed,2921006,30,0.0
29,2901006,ESSF_BL,L,managed,2921006,40,0.0
29,2901006,ESSF_BL,L,managed,2921006,50,0.0
29,2901006,ESSF_BL,L,managed,2921006,60,0.0
29,2901006,ESSF_BL,L,managed,2921006,70,0.0
29,2901006,ESSF_BL,L,managed,2921006,80,0.0
29,2901006,ESSF_BL,L,managed,2921006,90,0.2
29,2901006,ESSF_BL,L,managed,2921006,100,1.8
29,2901006,ESSF_BL,L,managed,2921006,110,5.2
29,2901006,ESSF_BL,L,managed,2921006,120,11.6
29,2901006,ESSF_BL,L,managed,2921006,130,20.0
29,2901006,ESSF_BL,L,managed,2921006,140,31.0
29,2901006,ESSF_BL,L,managed,2921006,150,41.4
29,2901006,ESSF_BL,L,managed,2921006,160,52.7
29,2901006,ESSF_BL,L,managed,2921006,170,63.8
29,2901006,ESSF_BL,L,managed,2921006,180,74.6
29,2901006,ESSF_BL,L,managed,2921006,190,84.9
29,2901006,ESSF_BL,L,managed,2921006,200,94.7
29,2901006,ESSF_BL,L,managed,2921006,210,104.0
29,2901006,ESSF_BL,L,managed,2921006,220,112.7
29,2901006,ESSF_BL,L,managed,2921006,230,120.8
29,2901006,ESSF_BL,L,managed,2921006,240,128.1
29,2901006,ESSF_BL,L,managed,2921006,250,135.0
29,2901006,ESSF_BL,L,managed,2921006,260,141.2
29,2901006,ESSF_BL,L,managed,2921006,270,147.0
29,2901006,ESSF_BL,L,managed,2921006,280,152.3
29,2901006,ESSF_BL,L,managed,2921006,290,157.1
29,2901006,ESSF_BL,L,managed,2921006,300,161.5
29,2901006,ESSF_BL,L,managed,2921006,310,165.5
29,2901006,ESSF_BL,L,managed,2921006,320,169.1
29,2901006,ESSF_BL,L,managed,2921006,330,172.4
29,2901006,ESSF_BL,L,managed,2921006,340,175.4
29,2901006,ESSF_BL,L,managed,2921006,350,178.1
29,2901007,ESSF_PL,L,unmanaged,2901007,1,0.0
29,2901007,ESSF_PL,L,unmanaged,2901007,10,0.0
29,2901007,ESSF_PL,L,unmanaged,2901007,20,0.0
29,2901007,ESSF_PL,L,unmanaged,2901007,30,0.05
29,2901007,ESSF_PL,L,unmanaged,2901007,40,0.39
29,2901007,ESSF_PL,L,unmanaged,2901007,50,1.63
29,2901007,ESSF_PL,L,unmanaged,2901007,60,4.8
29,2901007,ESSF_PL,L,unmanaged,2901007,70,8.8
29,2901007,ESSF_PL,L,unmanaged,2901007,80,13.94
29,2901007,ESSF_PL,L,unmanaged,2901007,90,19.31
29,2901007,ESSF_PL,L,unmanaged,2901007,100,25.47
29,2901007,ESSF_PL,L,unmanaged,2901007,110,32.73
29,2901007,ESSF_PL,L,unmanaged,2901007,120,40.79
29,2901007,ESSF_PL,L,unmanaged,2901007,130,48.84
29,2901007,ESSF_PL,L,unmanaged,2901007,140,56.18
29,2901007,ESSF_PL,L,unmanaged,2901007,150,62.46
29,2901007,ESSF_PL,L,unmanaged,2901007,160,67.67
29,2901007,ESSF_PL,L,unmanaged,2901007,170,72.16
29,2901007,ESSF_PL,L,unmanaged,2901007,180,76.66
29,2901007,ESSF_PL,L,unmanaged,2901007,190,81.81
29,2901007,ESSF_PL,L,unmanaged,2901007,200,87.35
29,2901007,ESSF_PL,L,unmanaged,2901007,210,92.21
29,2901007,ESSF_PL,L,unmanaged,2901007,220,95.5
29,2901007,ESSF_PL,L,unmanaged,2901007,230,97.3
29,2901007,ESSF_PL,L,unmanaged,2901007,240,98.04
29,2901007,ESSF_PL,L,unmanaged,2901007,250,98.02
29,2901007,ESSF_PL,L,unmanaged,2901007,260,97.47
29,2901007,ESSF_PL,L,unmanaged,2901007,270,96.79
29,2901007,ESSF_PL,L,unmanaged,2901007,280,96.29
29,2901007,ESSF_PL,L,unmanaged,2901007,290,96.0
29,2901007,ESSF_PL,L,unmanaged,2901007,299,96.0
29,2901007,ESSF_PL,L,managed,2921007,0,0.0
29,2901007,ESSF_PL,L,managed,2921007,10,0.0
29,2901007,ESSF_PL,L,managed,2921007,20,0.0
29,2901007,ESSF_PL,L,managed,2921007,30,0.0
29,2901007,ESSF_PL,L,managed,2921007,40,0.0
29,2901007,ESSF_PL,L,managed,2921007,50,0.0
29,2901007,ESSF_PL,L,managed,2921007,60,0.1
29,2901007,ESSF_PL,L,managed,2921007,70,2.1
29,2901007,ESSF_PL,L,managed,2921007,80,5.6
29,2901007,ESSF_PL,L,managed,2921007,90,14.2
29,2901007,ESSF_PL,L,managed,2921007,100,21.6
29,2901007,ESSF_PL,L,managed,2921007,110,30.0
29,2901007,ESSF_PL,L,managed,2921007,120,38.2
29,2901007,ESSF_PL,L,managed,2921007,130,45.1
29,2901007,ESSF_PL,L,managed,2921007,140,51.3
29,2901007,ESSF_PL,L,managed,2921007,150,57.5
29,2901007,ESSF_PL,L,managed,2921007,160,62.6
29,2901007,ESSF_PL,L,managed,2921007,170,66.9
29,2901007,ESSF_PL,L,managed,2921007,180,70.5
29,2901007,ESSF_PL,L,managed,2921007,190,73.5
29,2901007,ESSF_PL,L,managed,2921007,200,76.0
29,2901007,ESSF_PL,L,managed,2921007,210,78.0
29,2901007,ESSF_PL,L,managed,2921007,220,79.7
29,2901007,ESSF_PL,L,managed,2921007,230,81.1
29,2901007,ESSF_PL,L,managed,2921007,240,82.4
29,2901007,ESSF_PL,L,managed,2921007,250,83.4
29,2901007,ESSF_PL,L,managed,2921007,260,84.2
29,2901007,ESSF_PL,L,managed,2921007,270,84.8
29,2901007,ESSF_PL,L,managed,2921007,280,85.3
29,2901007,ESSF_PL,L,managed,2921007,290,85.5
29,2901007,ESSF_PL,L,managed,2921007,300,85.7
29,2901007,ESSF_PL,L,managed,2921007,310,85.8
29,2901007,ESSF_PL,L,managed,2921007,320,85.7
29,2901007,ESSF_PL,L,managed,2921007,330,85.6
29,2901007,ESSF_PL,L,managed,2921007,340,85.5
29,2901007,ESSF_PL,L,managed,2921007,350,85.2
29,2901008,IDF_PL,L,unmanaged,2901008,1,0.0
29,2901008,IDF_PL,L,unmanaged,2901008,10,0.01
29,2901008,IDF_PL,L,unmanaged,2901008,20,0.1
29,2901008,IDF_PL,L,unmanaged,2901008,30,0.51
29,2901008,IDF_PL,L,unmanaged,2901008,40,1.67
29,2901008,IDF_PL,L,unmanaged,2901008,50,4.2
29,2901008,IDF_PL,L,unmanaged,2901008,60,8.92
29,2901008,IDF_PL,L,unmanaged,2901008,70,17.77
29,2901008,IDF_PL,L,unmanaged,2901008,80,27.5
29,2901008,IDF_PL,L,unmanaged,2901008,90,47.19
29,2901008,IDF_PL,L,unmanaged,2901008,100,64.18
29,2901008,IDF_PL,L,unmanaged,2901008,110,79.42
29,2901008,IDF_PL,L,unmanaged,2901008,120,92.63
29,2901008,IDF_PL,L,unmanaged,2901008,130,104.04
29,2901008,IDF_PL,L,unmanaged,2901008,140,113.76
29,2901008,IDF_PL,L,unmanaged,2901008,150,121.47
29,2901008,IDF_PL,L,unmanaged,2901008,160,127.02
29,2901008,IDF_PL,L,unmanaged,2901008,170,130.63
29,2901008,IDF_PL,L,unmanaged,2901008,180,132.72
29,2901008,IDF_PL,L,unmanaged,2901008,190,133.65
29,2901008,IDF_PL,L,unmanaged,2901008,200,133.78
29,2901008,IDF_PL,L,unmanaged,2901008,210,133.52
29,2901008,IDF_PL,L,unmanaged,2901008,220,133.21
29,2901008,IDF_PL,L,unmanaged,2901008,230,133.0
29,2901008,IDF_PL,L,unmanaged,2901008,240,132.83
29,2901008,IDF_PL,L,unmanaged,2901008,250,132.64
29,2901008,IDF_PL,L,unmanaged,2901008,260,132.42
29,2901008,IDF_PL,L,unmanaged,2901008,270,132.17
29,2901008,IDF_PL,L,unmanaged,2901008,280,131.88
29,2901008,IDF_PL,L,unmanaged,2901008,290,131.6
29,2901008,IDF_PL,L,unmanaged,2901008,299,131.24
29,2901008,IDF_PL,L,managed,2921008,0,0.0
29,2901008,IDF_PL,L,managed,2921008,10,0.0
29,2901008,IDF_PL,L,managed,2921008,20,0.0
29,2901008,IDF_PL,L,managed,2921008,30,0.0
29,2901008,IDF_PL,L,managed,2921008,40,0.0
29,2901008,IDF_PL,L,managed,2921008,50,0.1
29,2901008,IDF_PL,L,managed,2921008,60,1.4
29,2901008,IDF_PL,L,managed,2921008,70,6.2
29,2901008,IDF_PL,L,managed,2921008,80,15.8
29,2901008,IDF_PL,L,managed,2921008,90,26.7
29,2901008,IDF_PL,L,managed,2921008,100,38.7
29,2901008,IDF_PL,L,managed,2921008,110,49.9
29,2901008,IDF_PL,L,managed,2921008,120,61.1
29,2901008,IDF_PL,L,managed,2921008,130,71.0
29,2901008,IDF_PL,L,managed,2921008,140,78.9
29,2901008,IDF_PL,L,managed,2921008,150,85.5
29,2901008,IDF_PL,L,managed,2921008,160,92.2
29,2901008,IDF_PL,L,managed,2921008,170,98.2
29,2901008,IDF_PL,L,managed,2921008,180,103.4
29,2901008,IDF_PL,L,managed,2921008,190,107.7
29,2901008,IDF_PL,L,managed,2921008,200,111.5
29,2901008,IDF_PL,L,managed,2921008,210,114.7
29,2901008,IDF_PL,L,managed,2921008,220,117.3
29,2901008,IDF_PL,L,managed,2921008,230,119.6
29,2901008,IDF_PL,L,managed,2921008,240,121.5
29,2901008,IDF_PL,L,managed,2921008,250,123.1
29,2901008,IDF_PL,L,managed,2921008,260,124.4
29,2901008,IDF_PL,L,managed,2921008,270,125.5
29,2901008,IDF_PL,L,managed,2921008,280,126.4
29,2901008,IDF_PL,L,managed,2921008,290,127.1
29,2901008,IDF_PL,L,managed,2921008,300,127.6
29,2901008,IDF_PL,L,managed,2921008,310,128.1
29,2901008,IDF_PL,L,managed,2921008,320,128.4
29,2901008,IDF_PL,L,managed,2921008,330,128.5
29,2901008,IDF_PL,L,managed,2921008,340,128.6
29,2901008,IDF_PL,L,managed,2921008,350,128.6
29,2901009,ESSF_SE,L,unmanaged,2901009,1,0.0
29,2901009,ESSF_SE,L,unmanaged,2901009,10,0.01
29,2901009,ESSF_SE,L,unmanaged,2901009,20,0.13
29,2901009,ESSF_SE,L,unmanaged,2901009,30,0.62
29,2901009,ESSF_SE,L,unmanaged,2901009,40,1.77
29,2901009,ESSF_SE,L,unmanaged,2901009,50,3.86
29,2901009,ESSF_SE,L,unmanaged,2901009,60,7.11
29,2901009,ESSF_SE,L,unmanaged,2901009,70,11.63
29,2901009,ESSF_SE,L,unmanaged,2901009,80,17.47
29,2901009,ESSF_SE,L,unmanaged,2901009,90,24.59
29,2901009,ESSF_SE,L,unmanaged,2901009,100,32.87
29,2901009,ESSF_SE,L,unmanaged,2901009,110,42.15
29,2901009,ESSF_SE,L,unmanaged,2901009,120,52.21
29,2901009,ESSF_SE,L,unmanaged,2901009,130,62.65
29,2901009,ESSF_SE,L,unmanaged,2901009,140,73.79
29,2901009,ESSF_SE,L,unmanaged,2901009,150,83.54
29,2901009,ESSF_SE,L,unmanaged,2901009,160,91.25
29,2901009,ESSF_SE,L,unmanaged,2901009,170,96.52
29,2901009,ESSF_SE,L,unmanaged,2901009,180,99.76
29,2901009,ESSF_SE,L,unmanaged,2901009,190,102.11
29,2901009,ESSF_SE,L,unmanaged,2901009,200,104.86
29,2901009,ESSF_SE,L,unmanaged,2901009,210,108.81
29,2901009,ESSF_SE,L,unmanaged,2901009,220,113.65
29,2901009,ESSF_SE,L,unmanaged,2901009,230,118.19
29,2901009,ESSF_SE,L,unmanaged,2901009,240,121.35
29,2901009,ESSF_SE,L,unmanaged,2901009,250,122.96
29,2901009,ESSF_SE,L,unmanaged,2901009,260,123.57
29,2901009,ESSF_SE,L,unmanaged,2901009,270,123.77
29,2901009,ESSF_SE,L,unmanaged,2901009,280,123.89
29,2901009,ESSF_SE,L,unmanaged,2901009,290,124.0
29,2901009,ESSF_SE,L,unmanaged,2901009,299,124.32
29,2901009,ESSF_SE,L,managed,2921009,0,0.0
29,2901009,ESSF_SE,L,managed,2921009,10,0.0
29,2901009,ESSF_SE,L,managed,2921009,20,0.0
29,2901009,ESSF_SE,L,managed,2921009,30,0.0
29,2901009,ESSF_SE,L,managed,2921009,40,0.0
29,2901009,ESSF_SE,L,managed,2921009,50,0.0
29,2901009,ESSF_SE,L,managed,2921009,60,0.0
29,2901009,ESSF_SE,L,managed,2921009,70,0.1
29,2901009,ESSF_SE,L,managed,2921009,80,0.2
29,2901009,ESSF_SE,L,managed,2921009,90,3.0
29,2901009,ESSF_SE,L,managed,2921009,100,7.9
29,2901009,ESSF_SE,L,managed,2921009,110,15.9
29,2901009,ESSF_SE,L,managed,2921009,120,25.1
29,2901009,ESSF_SE,L,managed,2921009,130,35.2
29,2901009,ESSF_SE,L,managed,2921009,140,45.1
29,2901009,ESSF_SE,L,managed,2921009,150,54.8
29,2901009,ESSF_SE,L,managed,2921009,160,64.3
29,2901009,ESSF_SE,L,managed,2921009,170,73.2
29,2901009,ESSF_SE,L,managed,2921009,180,81.2
29,2901009,ESSF_SE,L,managed,2921009,190,88.6
29,2901009,ESSF_SE,L,managed,2921009,200,95.2
29,2901009,ESSF_SE,L,managed,2921009,210,101.2
29,2901009,ESSF_SE,L,managed,2921009,220,106.6
29,2901009,ESSF_SE,L,managed,2921009,230,111.4
29,2901009,ESSF_SE,L,managed,2921009,240,115.6
29,2901009,ESSF_SE,L,managed,2921009,250,119.3
29,2901009,ESSF_SE,L,managed,2921009,260,122.6
29,2901009,ESSF_SE,L,managed,2921009,270,125.5
29,2901009,ESSF_SE,L,managed,2921009,280,128.0
29,2901009,ESSF_SE,L,managed,2921009,290,130.2
29,2901009,ESSF_SE,L,managed,2921009,300,132.0
29,2901009,ESSF_SE,L,managed,2921009,310,133.6
29,2901009,ESSF_SE,L,managed,2921009,320,135.0
29,2901009,ESSF_SE,L,managed,2921009,330,136.1
29,2901009,ESSF_SE,L,managed,2921009,340,137.0
29,2901009,ESSF_SE,L,managed,2921009,350,137.7
29,2901010,SBPS_SX,L,unmanaged,2901010,1,0.0
29,2901010,SBPS_SX,L,unmanaged,2901010,10,0.0
29,2901010,SBPS_SX,L,unmanaged,2901010,20,0.02
29,2901010,SBPS_SX,L,unmanaged,2901010,30,0.42
29,2901010,SBPS_SX,L,unmanaged,2901010,40,2.45
29,2901010,SBPS_SX,L,unmanaged,2901010,50,7.74
29,2901010,SBPS_SX,L,unmanaged,2901010,60,16.8
29,2901010,SBPS_SX,L,unmanaged,2901010,70,28.2
29,2901010,SBPS_SX,L,unmanaged,2901010,80,38.94
29,2901010,SBPS_SX,L,unmanaged,2901010,90,49.46
29,2901010,SBPS_SX,L,unmanaged,2901010,100,59.27
29,2901010,SBPS_SX,L,unmanaged,2901010,110,68.04
29,2901010,SBPS_SX,L,unmanaged,2901010,120,75.67
29,2901010,SBPS_SX,L,unmanaged,2901010,130,82.48
29,2901010,SBPS_SX,L,unmanaged,2901010,140,88.86
29,2901010,SBPS_SX,L,unmanaged,2901010,150,94.78
29,2901010,SBPS_SX,L,unmanaged,2901010,160,99.72
29,2901010,SBPS_SX,L,unmanaged,2901010,170,103.24
29,2901010,SBPS_SX,L,unmanaged,2901010,180,105.23
29,2901010,SBPS_SX,L,unmanaged,2901010,190,105.97
29,2901010,SBPS_SX,L,unmanaged,2901010,200,105.79
29,2901010,SBPS_SX,L,unmanaged,2901010,210,105.06
29,2901010,SBPS_SX,L,unmanaged,2901010,220,104.07
29,2901010,SBPS_SX,L,unmanaged,2901010,230,103.02
29,2901010,SBPS_SX,L,unmanaged,2901010,240,102.02
29,2901010,SBPS_SX,L,unmanaged,2901010,250,101.1
29,2901010,SBPS_SX,L,unmanaged,2901010,260,100.29
29,2901010,SBPS_SX,L,unmanaged,2901010,270,99.58
29,2901010,SBPS_SX,L,unmanaged,2901010,280,98.92
29,2901010,SBPS_SX,L,unmanaged,2901010,290,98.3
29,2901010,SBPS_SX,L,unmanaged,2901010,299,97.85
29,2901010,SBPS_SX,L,managed,2921010,0,0.0
29,2901010,SBPS_SX,L,managed,2921010,10,0.0
29,2901010,SBPS_SX,L,managed,2921010,20,0.0
29,2901010,SBPS_SX,L,managed,2921010,30,0.0
29,2901010,SBPS_SX,L,managed,2921010,40,0.0
29,2901010,SBPS_SX,L,managed,2921010,50,0.0
29,2901010,SBPS_SX,L,managed,2921010,60,0.0
29,2901010,SBPS_SX,L,managed,2921010,70,0.2
29,2901010,SBPS_SX,L,managed,2921010,80,0.8
29,2901010,SBPS_SX,L,managed,2921010,90,6.0
29,2901010,SBPS_SX,L,managed,2921010,100,15.7
29,2901010,SBPS_SX,L,managed,2921010,110,30.2
29,2901010,SBPS_SX,L,managed,2921010,120,46.7
29,2901010,SBPS_SX,L,managed,2921010,130,64.7
29,2901010,SBPS_SX,L,managed,2921010,140,82.8
29,2901010,SBPS_SX,L,managed,2921010,150,100.9
29,2901010,SBPS_SX,L,managed,2921010,160,118.2
29,2901010,SBPS_SX,L,managed,2921010,170,135.1
29,2901010,SBPS_SX,L,managed,2921010,180,150.8
29,2901010,SBPS_SX,L,managed,2921010,190,165.6
29,2901010,SBPS_SX,L,managed,2921010,200,179.3
29,2901010,SBPS_SX,L,managed,2921010,210,192.3
29,2901010,SBPS_SX,L,managed,2921010,220,204.3
29,2901010,SBPS_SX,L,managed,2921010,230,215.4
29,2901010,SBPS_SX,L,managed,2921010,240,225.4
29,2901010,SBPS_SX,L,managed,2921010,250,234.6
29,2901010,SBPS_SX,L,managed,2921010,260,243.1
29,2901010,SBPS_SX,L,managed,2921010,270,251.0
29,2901010,SBPS_SX,L,managed,2921010,280,258.2
29,2901010,SBPS_SX,L,managed,2921010,290,264.9
29,2901010,SBPS_SX,L,managed,2921010,300,271.0
29,2901010,SBPS_SX,L,managed,2921010,310,276.6
29,2901010,SBPS_SX,L,managed,2921010,320,281.7
29,2901010,SBPS_SX,L,managed,2921010,330,286.4
29,2901010,SBPS_SX,L,managed,2921010,340,290.7
29,2901010,SBPS_SX,L,managed,2921010,350,294.6
29,2901011,IDF_PLI,L,unmanaged,2901011,1,0.0
29,2901011,IDF_PLI,L,unmanaged,2901011,10,0.0
29,2901011,IDF_PLI,L,unmanaged,2901011,20,0.0
29,2901011,IDF_PLI,L,unmanaged,2901011,30,0.04
29,2901011,IDF_PLI,L,unmanaged,2901011,40,0.4
29,2901011,IDF_PLI,L,unmanaged,2901011,50,1.91
29,2901011,IDF_PLI,L,unmanaged,2901011,60,5.63
29,2901011,IDF_PLI,L,unmanaged,2901011,70,12.8
29,2901011,IDF_PLI,L,unmanaged,2901011,80,21.72
29,2901011,IDF_PLI,L,unmanaged,2901011,90,31.0
29,2901011,IDF_PLI,L,unmanaged,2901011,100,40.91
29,2901011,IDF_PLI,L,unmanaged,2901011,110,51.27
29,2901011,IDF_PLI,L,unmanaged,2901011,120,61.5
29,2901011,IDF_PLI,L,unmanaged,2901011,130,70.86
29,2901011,IDF_PLI,L,unmanaged,2901011,140,78.76
29,2901011,IDF_PLI,L,unmanaged,2901011,150,85.0
29,2901011,IDF_PLI,L,unmanaged,2901011,160,89.64
29,2901011,IDF_PLI,L,unmanaged,2901011,170,92.87
29,2901011,IDF_PLI,L,unmanaged,2901011,180,94.88
29,2901011,IDF_PLI,L,unmanaged,2901011,190,95.9
29,2901011,IDF_PLI,L,unmanaged,2901011,200,96.25
29,2901011,IDF_PLI,L,unmanaged,2901011,210,96.31
29,2901011,IDF_PLI,L,unmanaged,2901011,220,96.38
29,2901011,IDF_PLI,L,unmanaged,2901011,230,96.57
29,2901011,IDF_PLI,L,unmanaged,2901011,240,96.81
29,2901011,IDF_PLI,L,unmanaged,2901011,250,97.0
29,2901011,IDF_PLI,L,unmanaged,2901011,260,97.07
29,2901011,IDF_PLI,L,unmanaged,2901011,270,97.04
29,2901011,IDF_PLI,L,unmanaged,2901011,280,96.92
29,2901011,IDF_PLI,L,unmanaged,2901011,290,96.7
29,2901011,IDF_PLI,L,unmanaged,2901011,299,97.79
29,2901011,IDF_PLI,L,managed,2921011,0,0.0
29,2901011,IDF_PLI,L,managed,2921011,10,0.0
29,2901011,IDF_PLI,L,managed,2921011,20,0.0
29,2901011,IDF_PLI,L,managed,2921011,30,0.0
29,2901011,IDF_PLI,L,managed,2921011,40,0.0
29,2901011,IDF_PLI,L,managed,2921011,50,0.0
29,2901011,IDF_PLI,L,managed,2921011,60,0.2
29,2901011,IDF_PLI,L,managed,2921011,70,2.9
29,2901011,IDF_PLI,L,managed,2921011,80,9.4
29,2901011,IDF_PLI,L,managed,2921011,90,18.8
29,2901011,IDF_PLI,L,managed,2921011,100,28.9
29,2901011,IDF_PLI,L,managed,2921011,110,40.2
29,2901011,IDF_PLI,L,managed,2921011,120,50.7
29,2901011,IDF_PLI,L,managed,2921011,130,60.4
29,2901011,IDF_PLI,L,managed,2921011,140,69.0
29,2901011,IDF_PLI,L,managed,2921011,150,76.3
29,2901011,IDF_PLI,L,managed,2921011,160,83.1
29,2901011,IDF_PLI,L,managed,2921011,170,89.2
29,2901011,IDF_PLI,L,managed,2921011,180,94.4
29,2901011,IDF_PLI,L,managed,2921011,190,99.0
29,2901011,IDF_PLI,L,managed,2921011,200,103.2
29,2901011,IDF_PLI,L,managed,2921011,210,106.8
29,2901011,IDF_PLI,L,managed,2921011,220,110.0
29,2901011,IDF_PLI,L,managed,2921011,230,112.7
29,2901011,IDF_PLI,L,managed,2921011,240,114.9
29,2901011,IDF_PLI,L,managed,2921011,250,116.8
29,2901011,IDF_PLI,L,managed,2921011,260,118.4
29,2901011,IDF_PLI,L,managed,2921011,270,119.8
29,2901011,IDF_PLI,L,managed,2921011,280,120.9
29,2901011,IDF_PLI,L,managed,2921011,290,121.8
29,2901011,IDF_PLI,L,managed,2921011,300,122.6
29,2901011,IDF_PLI,L,managed,2921011,310,123.1
29,2901011,IDF_PLI,L,managed,2921011,320,123.6
29,2901011,IDF_PLI,L,managed,2921011,330,123.9
29,2901011,IDF_PLI,L,managed,2921011,340,124.1
29,2901011,IDF_PLI,L,managed,2921011,350,124.3
29,2901012,ICH_FD,L,unmanaged,2901012,1,0.0
29,2901012,ICH_FD,L,unmanaged,2901012,10,0.12
29,2901012,ICH_FD,L,unmanaged,2901012,20,1.55
29,2901012,ICH_FD,L,unmanaged,2901012,30,6.28
29,2901012,ICH_FD,L,unmanaged,2901012,40,16.12
29,2901012,ICH_FD,L,unmanaged,2901012,50,32.19
29,2901012,ICH_FD,L,unmanaged,2901012,60,56.25
29,2901012,ICH_FD,L,unmanaged,2901012,70,82.5
29,2901012,ICH_FD,L,unmanaged,2901012,80,117.37
29,2901012,ICH_FD,L,unmanaged,2901012,90,147.93
29,2901012,ICH_FD,L,unmanaged,2901012,100,173.93
29,2901012,ICH_FD,L,unmanaged,2901012,110,194.85
29,2901012,ICH_FD,L,unmanaged,2901012,120,211.51
29,2901012,ICH_FD,L,unmanaged,2901012,130,225.83
29,2901012,ICH_FD,L,unmanaged,2901012,140,239.98
29,2901012,ICH_FD,L,unmanaged,2901012,150,255.1
29,2901012,ICH_FD,L,unmanaged,2901012,160,270.58
29,2901012,ICH_FD,L,unmanaged,2901012,170,284.62
29,2901012,ICH_FD,L,unmanaged,2901012,180,295.97
29,2901012,ICH_FD,L,unmanaged,2901012,190,304.63
29,2901012,ICH_FD,L,unmanaged,2901012,200,311.07
29,2901012,ICH_FD,L,unmanaged,2901012,210,315.42
29,2901012,ICH_FD,L,unmanaged,2901012,220,317.8
29,2901012,ICH_FD,L,unmanaged,2901012,230,318.84
29,2901012,ICH_FD,L,unmanaged,2901012,240,319.22
29,2901012,ICH_FD,L,unmanaged,2901012,250,319.17
29,2901012,ICH_FD,L,unmanaged,2901012,260,318.6
29,2901012,ICH_FD,L,unmanaged,2901012,270,317.57
29,2901012,ICH_FD,L,unmanaged,2901012,280,316.35
29,2901012,ICH_FD,L,unmanaged,2901012,290,314.9
29,2901012,ICH_FD,L,unmanaged,2901012,299,314.34
29,2901012,ICH_FD,L,managed,2921012,0,0.0
29,2901012,ICH_FD,L,managed,2921012,10,0.0
29,2901012,ICH_FD,L,managed,2921012,20,0.0
29,2901012,ICH_FD,L,managed,2921012,30,0.0
29,2901012,ICH_FD,L,managed,2921012,40,3.7
29,2901012,ICH_FD,L,managed,2921012,50,20.4
29,2901012,ICH_FD,L,managed,2921012,60,45.8
29,2901012,ICH_FD,L,managed,2921012,70,74.0
29,2901012,ICH_FD,L,managed,2921012,80,103.0
29,2901012,ICH_FD,L,managed,2921012,90,130.8
29,2901012,ICH_FD,L,managed,2921012,100,155.4
29,2901012,ICH_FD,L,managed,2921012,110,177.4
29,2901012,ICH_FD,L,managed,2921012,120,196.9
29,2901012,ICH_FD,L,managed,2921012,130,213.4
29,2901012,ICH_FD,L,managed,2921012,140,225.8
29,2901012,ICH_FD,L,managed,2921012,150,236.0
29,2901012,ICH_FD,L,managed,2921012,160,245.8
29,2901012,ICH_FD,L,managed,2921012,170,255.0
29,2901012,ICH_FD,L,managed,2921012,180,262.9
29,2901012,ICH_FD,L,managed,2921012,190,269.6
29,2901012,ICH_FD,L,managed,2921012,200,275.6
29,2901012,ICH_FD,L,managed,2921012,210,280.7
29,2901012,ICH_FD,L,managed,2921012,220,285.1
29,2901012,ICH_FD,L,managed,2921012,230,288.8
29,2901012,ICH_FD,L,managed,2921012,240,292.1
29,2901012,ICH_FD,L,managed,2921012,250,294.9
29,2901012,ICH_FD,L,managed,2921012,260,297.3
29,2901012,ICH_FD,L,managed,2921012,270,299.3
29,2901012,ICH_FD,L,managed,2921012,280,301.0
29,2901012,ICH_FD,L,managed,2921012,290,302.3
29,2901012,ICH_FD,L,managed,2921012,300,303.5
29,2901012,ICH_FD,L,managed,2921012,310,304.5
29,2901012,ICH_FD,L,managed,2921012,320,305.3
29,2901012,ICH_FD,L,managed,2921012,330,305.8
29,2901012,ICH_FD,L,managed,2921012,340,306.2
29,2901012,ICH_FD,L,managed,2921012,350,306.4
29,2901013,SBS_FDI,L,unmanaged,2901013,1,0.0
29,2901013,SBS_FDI,L,unmanaged,2901013,10,0.13
29,2901013,SBS_FDI,L,unmanaged,2901013,20,2.84
29,2901013,SBS_FDI,L,unmanaged,2901013,30,13.21
29,2901013,SBS_FDI,L,unmanaged,2901013,40,33.81
29,2901013,SBS_FDI,L,unmanaged,2901013,50,62.71
29,2901013,SBS_FDI,L,unmanaged,2901013,60,94.86
29,2901013,SBS_FDI,L,unmanaged,2901013,70,126.5
29,2901013,SBS_FDI,L,unmanaged,2901013,80,150.68
29,2901013,SBS_FDI,L,unmanaged,2901013,90,174.24
29,2901013,SBS_FDI,L,unmanaged,2901013,100,195.44
29,2901013,SBS_FDI,L,unmanaged,2901013,110,214.22
29,2901013,SBS_FDI,L,unmanaged,2901013,120,230.71
29,2901013,SBS_FDI,L,unmanaged,2901013,130,244.88
29,2901013,SBS_FDI,L,unmanaged,2901013,140,256.61
29,2901013,SBS_FDI,L,unmanaged,2901013,150,265.85
29,2901013,SBS_FDI,L,unmanaged,2901013,160,272.7
29,2901013,SBS_FDI,L,unmanaged,2901013,170,277.4
29,2901013,SBS_FDI,L,unmanaged,2901013,180,280.32
29,2901013,SBS_FDI,L,unmanaged,2901013,190,281.89
29,2901013,SBS_FDI,L,unmanaged,2901013,200,282.52
29,2901013,SBS_FDI,L,unmanaged,2901013,210,282.45
29,2901013,SBS_FDI,L,unmanaged,2901013,220,281.81
29,2901013,SBS_FDI,L,unmanaged,2901013,230,280.67
29,2901013,SBS_FDI,L,unmanaged,2901013,240,279.1
29,2901013,SBS_FDI,L,unmanaged,2901013,250,277.3
29,2901013,SBS_FDI,L,unmanaged,2901013,260,275.49
29,2901013,SBS_FDI,L,unmanaged,2901013,270,273.81
29,2901013,SBS_FDI,L,unmanaged,2901013,280,272.27
29,2901013,SBS_FDI,L,unmanaged,2901013,290,270.75
29,2901013,SBS_FDI,L,unmanaged,2901013,299,269.78
29,2901013,SBS_FDI,L,managed,2921013,0,0.0
29,2901013,SBS_FDI,L,managed,2921013,10,0.0
29,2901013,SBS_FDI,L,managed,2921013,20,0.0
29,2901013,SBS_FDI,L,managed,2921013,30,0.1
29,2901013,SBS_FDI,L,managed,2921013,40,9.9
29,2901013,SBS_FDI,L,managed,2921013,50,33.9
29,2901013,SBS_FDI,L,managed,2921013,60,66.0
29,2901013,SBS_FDI,L,managed,2921013,70,101.0
29,2901013,SBS_FDI,L,managed,2921013,80,135.2
29,2901013,SBS_FDI,L,managed,2921013,90,166.0
29,2901013,SBS_FDI,L,managed,2921013,100,193.5
29,2901013,SBS_FDI,L,managed,2921013,110,217.4
29,2901013,SBS_FDI,L,managed,2921013,120,238.2
29,2901013,SBS_FDI,L,managed,2921013,130,255.6
29,2901013,SBS_FDI,L,managed,2921013,140,268.2
29,2901013,SBS_FDI,L,managed,2921013,150,278.5
29,2901013,SBS_FDI,L,managed,2921013,160,288.5
29,2901013,SBS_FDI,L,managed,2921013,170,298.0
29,2901013,SBS_FDI,L,managed,2921013,180,306.0
29,2901013,SBS_FDI,L,managed,2921013,190,313.0
29,2901013,SBS_FDI,L,managed,2921013,200,319.2
29,2901013,SBS_FDI,L,managed,2921013,210,324.5
29,2901013,SBS_FDI,L,managed,2921013,220,329.0
29,2901013,SBS_FDI,L,managed,2921013,230,333.0
29,2901013,SBS_FDI,L,managed,2921013,240,336.4
29,2901013,SBS_FDI,L,managed,2921013,250,339.3
29,2901013,SBS_FDI,L,managed,2921013,260,341.7
29,2901013,SBS_FDI,L,managed,2921013,270,343.7
29,2901013,SBS_FDI,L,managed,2921013,280,345.4
29,2901013,SBS_FDI,L,managed,2921013,290,346.9
29,2901013,SBS_FDI,L,managed,2921013,300,348.2
29,2901013,SBS_FDI,L,managed,2921013,310,349.2
29,2901013,SBS_FDI,L,managed,2921013,320,350.0
29,2901013,SBS_FDI,L,managed,2921013,330,350.5
29,2901013,SBS_FDI,L,managed,2921013,340,350.8
29,2901013,SBS_FDI,L,managed,2921013,350,351.0
29,2901014,ESSF_PLI,L,unmanaged,2901014,1,0.0
29,2901014,ESSF_PLI,L,unmanaged,2901014,10,0.0
29,2901014,ESSF_PLI,L,unmanaged,2901014,20,0.04
29,2901014,ESSF_PLI,L,unmanaged,2901014,30,0.27
29,2901014,ESSF_PLI,L,unmanaged,2901014,40,0.98
29,2901014,ESSF_PLI,L,unmanaged,2901014,50,2.47
29,2901014,ESSF_PLI,L,unmanaged,2901014,60,4.98
29,2901014,ESSF_PLI,L,unmanaged,2901014,70,8.62
29,2901014,ESSF_PLI,L,unmanaged,2901014,80,13.32
29,2901014,ESSF_PLI,L,unmanaged,2901014,90,18.88
29,2901014,ESSF_PLI,L,unmanaged,2901014,100,24.76
29,2901014,ESSF_PLI,L,unmanaged,2901014,110,31.3
29,2901014,ESSF_PLI,L,unmanaged,2901014,120,37.68
29,2901014,ESSF_PLI,L,unmanaged,2901014,130,43.58
29,2901014,ESSF_PLI,L,unmanaged,2901014,140,48.77
29,2901014,ESSF_PLI,L,unmanaged,2901014,150,52.99
29,2901014,ESSF_PLI,L,unmanaged,2901014,160,56.17
29,2901014,ESSF_PLI,L,unmanaged,2901014,170,58.38
29,2901014,ESSF_PLI,L,unmanaged,2901014,180,59.82
29,2901014,ESSF_PLI,L,unmanaged,2901014,190,60.75
29,2901014,ESSF_PLI,L,unmanaged,2901014,200,61.39
29,2901014,ESSF_PLI,L,unmanaged,2901014,210,61.86
29,2901014,ESSF_PLI,L,unmanaged,2901014,220,62.16
29,2901014,ESSF_PLI,L,unmanaged,2901014,230,62.35
29,2901014,ESSF_PLI,L,unmanaged,2901014,240,62.45
29,2901014,ESSF_PLI,L,unmanaged,2901014,250,62.51
29,2901014,ESSF_PLI,L,unmanaged,2901014,260,62.54
29,2901014,ESSF_PLI,L,unmanaged,2901014,270,62.54
29,2901014,ESSF_PLI,L,unmanaged,2901014,280,62.53
29,2901014,ESSF_PLI,L,unmanaged,2901014,290,62.5
29,2901014,ESSF_PLI,L,unmanaged,2901014,299,62.54
29,2901014,ESSF_PLI,L,managed,2921014,0,0.0
29,2901014,ESSF_PLI,L,managed,2921014,10,0.0
29,2901014,ESSF_PLI,L,managed,2921014,20,0.0
29,2901014,ESSF_PLI,L,managed,2921014,30,0.0
29,2901014,ESSF_PLI,L,managed,2921014,40,0.0
29,2901014,ESSF_PLI,L,managed,2921014,50,0.0
29,2901014,ESSF_PLI,L,managed,2921014,60,0.1
29,2901014,ESSF_PLI,L,managed,2921014,70,1.9
29,2901014,ESSF_PLI,L,managed,2921014,80,5.4
29,2901014,ESSF_PLI,L,managed,2921014,90,12.3
29,2901014,ESSF_PLI,L,managed,2921014,100,18.2
29,2901014,ESSF_PLI,L,managed,2921014,110,25.3
29,2901014,ESSF_PLI,L,managed,2921014,120,31.8
29,2901014,ESSF_PLI,L,managed,2921014,130,37.3
29,2901014,ESSF_PLI,L,managed,2921014,140,42.6
29,2901014,ESSF_PLI,L,managed,2921014,150,47.5
29,2901014,ESSF_PLI,L,managed,2921014,160,51.5
29,2901014,ESSF_PLI,L,managed,2921014,170,55.0
29,2901014,ESSF_PLI,L,managed,2921014,180,57.8
29,2901014,ESSF_PLI,L,managed,2921014,190,60.2
29,2901014,ESSF_PLI,L,managed,2921014,200,62.1
29,2901014,ESSF_PLI,L,managed,2921014,210,63.7
29,2901014,ESSF_PLI,L,managed,2921014,220,65.1
29,2901014,ESSF_PLI,L,managed,2921014,230,66.4
29,2901014,ESSF_PLI,L,managed,2921014,240,67.5
29,2901014,ESSF_PLI,L,managed,2921014,250,68.3
29,2901014,ESSF_PLI,L,managed,2921014,260,68.9
29,2901014,ESSF_PLI,L,managed,2921014,270,69.3
29,2901014,ESSF_PLI,L,managed,2921014,280,69.7
29,2901014,ESSF_PLI,L,managed,2921014,290,69.9
29,2901014,ESSF_PLI,L,managed,2921014,300,70.0
29,2901014,ESSF_PLI,L,managed,2921014,310,70.0
29,2901014,ESSF_PLI,L,managed,2921014,320,70.0
29,2901014,ESSF_PLI,L,managed,2921014,330,69.9
29,2901014,ESSF_PLI,L,managed,2921014,340,69.7
29,2901014,ESSF_PLI,L,managed,2921014,350,69.5
29,2901015,ICH_SX,L,unmanaged,2901015,1,0.0
29,2901015,ICH_SX,L,unmanaged,2901015,10,0.0
29,2901015,ICH_SX,L,unmanaged,2901015,20,0.0
29,2901015,ICH_SX,L,unmanaged,2901015,30,0.19
29,2901015,ICH_SX,L,unmanaged,2901015,40,1.85
29,2901015,ICH_SX,L,unmanaged,2901015,50,8.33
29,2901015,ICH_SX,L,unmanaged,2901015,60,22.53
29,2901015,ICH_SX,L,unmanaged,2901015,70,47.3
29,2901015,ICH_SX,L,unmanaged,2901015,80,70.4
29,2901015,ICH_SX,L,unmanaged,2901015,90,93.8
29,2901015,ICH_SX,L,unmanaged,2901015,100,116.43
29,2901015,ICH_SX,L,unmanaged,2901015,110,138.71
29,2901015,ICH_SX,L,unmanaged,2901015,120,161.16
29,2901015,ICH_SX,L,unmanaged,2901015,130,183.51
29,2901015,ICH_SX,L,unmanaged,2901015,140,204.37
29,2901015,ICH_SX,L,unmanaged,2901015,150,222.09
29,2901015,ICH_SX,L,unmanaged,2901015,160,235.87
29,2901015,ICH_SX,L,unmanaged,2901015,170,246.2
29,2901015,ICH_SX,L,unmanaged,2901015,180,254.56
29,2901015,ICH_SX,L,unmanaged,2901015,190,262.36
29,2901015,ICH_SX,L,unmanaged,2901015,200,270.0
29,2901015,ICH_SX,L,unmanaged,2901015,210,276.9
29,2901015,ICH_SX,L,unmanaged,2901015,220,282.64
29,2901015,ICH_SX,L,unmanaged,2901015,230,287.49
29,2901015,ICH_SX,L,unmanaged,2901015,240,291.84
29,2901015,ICH_SX,L,unmanaged,2901015,250,295.66
29,2901015,ICH_SX,L,unmanaged,2901015,260,298.67
29,2901015,ICH_SX,L,unmanaged,2901015,270,300.65
29,2901015,ICH_SX,L,unmanaged,2901015,280,301.44
29,2901015,ICH_SX,L,unmanaged,2901015,290,301.35
29,2901015,ICH_SX,L,unmanaged,2901015,299,303.6
29,2901015,ICH_SX,L,managed,2921015,0,0.0
29,2901015,ICH_SX,L,managed,2921015,10,0.0
29,2901015,ICH_SX,L,managed,2921015,20,0.0
29,2901015,ICH_SX,L,managed,2921015,30,0.0
29,2901015,ICH_SX,L,managed,2921015,40,0.0
29,2901015,ICH_SX,L,managed,2921015,50,0.4
29,2901015,ICH_SX,L,managed,2921015,60,8.6
29,2901015,ICH_SX,L,managed,2921015,70,31.8
29,2901015,ICH_SX,L,managed,2921015,80,60.4
29,2901015,ICH_SX,L,managed,2921015,90,91.6
29,2901015,ICH_SX,L,managed,2921015,100,121.8
29,2901015,ICH_SX,L,managed,2921015,110,150.8
29,2901015,ICH_SX,L,managed,2921015,120,177.1
29,2901015,ICH_SX,L,managed,2921015,130,200.9
29,2901015,ICH_SX,L,managed,2921015,140,222.5
29,2901015,ICH_SX,L,managed,2921015,150,241.6
29,2901015,ICH_SX,L,managed,2921015,160,258.3
29,2901015,ICH_SX,L,managed,2921015,170,273.3
29,2901015,ICH_SX,L,managed,2921015,180,286.6
29,2901015,ICH_SX,L,managed,2921015,190,298.5
29,2901015,ICH_SX,L,managed,2921015,200,309.1
29,2901015,ICH_SX,L,managed,2921015,210,318.6
29,2901015,ICH_SX,L,managed,2921015,220,327.0
29,2901015,ICH_SX,L,managed,2921015,230,334.4
29,2901015,ICH_SX,L,managed,2921015,240,340.7
29,2901015,ICH_SX,L,managed,2921015,250,346.4
29,2901015,ICH_SX,L,managed,2921015,260,351.4
29,2901015,ICH_SX,L,managed,2921015,270,355.9
29,2901015,ICH_SX,L,managed,2921015,280,359.9
29,2901015,ICH_SX,L,managed,2921015,290,363.6
29,2901015,ICH_SX,L,managed,2921015,300,366.8
29,2901015,ICH_SX,L,managed,2921015,310,369.6
29,2901015,ICH_SX,L,managed,2921015,320,371.7
29,2901015,ICH_SX,L,managed,2921015,330,373.6
29,2901015,ICH_SX,L,managed,2921015,340,375.1
29,2901015,ICH_SX,L,managed,2921015,350,376.4
29,2901016,ICH_CW,L,unmanaged,2901016,1,0.0
29,2901016,ICH_CW,L,unmanaged,2901016,10,0.0
29,2901016,ICH_CW,L,unmanaged,2901016,20,0.04
29,2901016,ICH_CW,L,unmanaged,2901016,30,0.79
29,2901016,ICH_CW,L,unmanaged,2901016,40,5.15
29,2901016,ICH_CW,L,unmanaged,2901016,50,18.33
29,2901016,ICH_CW,L,unmanaged,2901016,60,44.6
29,2901016,ICH_CW,L,unmanaged,2901016,70,83.63
29,2901016,ICH_CW,L,unmanaged,2901016,80,129.69
29,2901016,ICH_CW,L,unmanaged,2901016,90,174.05
29,2901016,ICH_CW,L,unmanaged,2901016,100,206.42
29,2901016,ICH_CW,L,unmanaged,2901016,110,229.8
29,2901016,ICH_CW,L,unmanaged,2901016,120,232.46
29,2901016,ICH_CW,L,unmanaged,2901016,130,235.5
29,2901016,ICH_CW,L,unmanaged,2901016,140,236.34
29,2901016,ICH_CW,L,unmanaged,2901016,150,236.63
29,2901016,ICH_CW,L,unmanaged,2901016,160,238.23
29,2901016,ICH_CW,L,unmanaged,2901016,170,241.86
29,2901016,ICH_CW,L,unmanaged,2901016,180,246.89
29,2901016,ICH_CW,L,unmanaged,2901016,190,251.79
29,2901016,ICH_CW,L,unmanaged,2901016,200,255.18
29,2901016,ICH_CW,L,unmanaged,2901016,210,256.74
29,2901016,ICH_CW,L,unmanaged,2901016,220,257.19
29,2901016,ICH_CW,L,unmanaged,2901016,230,257.69
29,2901016,ICH_CW,L,unmanaged,2901016,240,259.24
29,2901016,ICH_CW,L,unmanaged,2901016,250,262.26
29,2901016,ICH_CW,L,unmanaged,2901016,260,266.13
29,2901016,ICH_CW,L,unmanaged,2901016,270,269.63
29,2901016,ICH_CW,L,unmanaged,2901016,280,271.9
29,2901016,ICH_CW,L,unmanaged,2901016,290,273.45
29,2901016,ICH_CW,L,unmanaged,2901016,299,273.76
29,2901016,ICH_CW,L,managed,2921016,0,0.0
29,2901016,ICH_CW,L,managed,2921016,10,0.0
29,2901016,ICH_CW,L,managed,2921016,20,0.0
29,2901016,ICH_CW,L,managed,2921016,30,0.0
29,2901016,ICH_CW,L,managed,2921016,40,0.0
29,2901016,ICH_CW,L,managed,2921016,50,0.0
29,2901016,ICH_CW,L,managed,2921016,60,1.0
29,2901016,ICH_CW,L,managed,2921016,70,8.9
29,2901016,ICH_CW,L,managed,2921016,80,28.9
29,2901016,ICH_CW,L,managed,2921016,90,60.3
29,2901016,ICH_CW,L,managed,2921016,100,91.9
29,2901016,ICH_CW,L,managed,2921016,110,121.7
29,2901016,ICH_CW,L,managed,2921016,120,149.2
29,2901016,ICH_CW,L,managed,2921016,130,173.9
29,2901016,ICH_CW,L,managed,2921016,140,196.7
29,2901016,ICH_CW,L,managed,2921016,150,219.1
29,2901016,ICH_CW,L,managed,2921016,160,239.4
29,2901016,ICH_CW,L,managed,2921016,170,257.4
29,2901016,ICH_CW,L,managed,2921016,180,273.7
29,2901016,ICH_CW,L,managed,2921016,190,289.0
29,2901016,ICH_CW,L,managed,2921016,200,304.4
29,2901016,ICH_CW,L,managed,2921016,210,318.3
29,2901016,ICH_CW,L,managed,2921016,220,330.9
29,2901016,ICH_CW,L,managed,2921016,230,342.5
29,2901016,ICH_CW,L,managed,2921016,240,353.1
29,2901016,ICH_CW,L,managed,2921016,250,362.6
29,2901016,ICH_CW,L,managed,2921016,260,371.3
29,2901016,ICH_CW,L,managed,2921016,270,379.1
29,2901016,ICH_CW,L,managed,2921016,280,386.2
29,2901016,ICH_CW,L,managed,2921016,290,392.6
29,2901016,ICH_CW,L,managed,2921016,300,398.4
29,2901016,ICH_CW,L,managed,2921016,310,403.5
29,2901016,ICH_CW,L,managed,2921016,320,408.2
29,2901016,ICH_CW,L,managed,2921016,330,412.3
29,2901016,ICH_CW,L,managed,2921016,340,416.1
29,2901016,ICH_CW,L,managed,2921016,350,420.1
29,2901017,SBS_SX,L,unmanaged,2901017,1,0.07
29,2901017,SBS_SX,L,unmanaged,2901017,10,4.0
29,2901017,SBS_SX,L,unmanaged,2901017,20,12.72
29,2901017,SBS_SX,L,unmanaged,2901017,30,24.29
29,2901017,SBS_SX,L,unmanaged,2901017,40,37.65
29,2901017,SBS_SX,L,unmanaged,2901017,50,52.04
29,2901017,SBS_SX,L,unmanaged,2901017,60,65.54
29,2901017,SBS_SX,L,unmanaged,2901017,70,78.15
29,2901017,SBS_SX,L,unmanaged,2901017,80,97.76
29,2901017,SBS_SX,L,unmanaged,2901017,90,115.47
29,2901017,SBS_SX,L,unmanaged,2901017,100,134.72
29,2901017,SBS_SX,L,unmanaged,2901017,110,155.87
29,2901017,SBS_SX,L,unmanaged,2901017,120,177.95
29,2901017,SBS_SX,L,unmanaged,2901017,130,198.96
29,2901017,SBS_SX,L,unmanaged,2901017,140,216.95
29,2901017,SBS_SX,L,unmanaged,2901017,150,230.85
29,2901017,SBS_SX,L,unmanaged,2901017,160,240.38
29,2901017,SBS_SX,L,unmanaged,2901017,170,246.05
29,2901017,SBS_SX,L,unmanaged,2901017,180,248.97
29,2901017,SBS_SX,L,unmanaged,2901017,190,250.28
29,2901017,SBS_SX,L,unmanaged,2901017,200,250.77
29,2901017,SBS_SX,L,unmanaged,2901017,210,250.86
29,2901017,SBS_SX,L,unmanaged,2901017,220,250.86
29,2901017,SBS_SX,L,unmanaged,2901017,230,251.16
29,2901017,SBS_SX,L,unmanaged,2901017,240,251.82
29,2901017,SBS_SX,L,unmanaged,2901017,250,252.39
29,2901017,SBS_SX,L,unmanaged,2901017,260,252.24
29,2901017,SBS_SX,L,unmanaged,2901017,270,251.21
29,2901017,SBS_SX,L,unmanaged,2901017,280,249.57
29,2901017,SBS_SX,L,unmanaged,2901017,290,247.7
29,2901017,SBS_SX,L,unmanaged,2901017,299,246.26
29,2901017,SBS_SX,L,managed,2921017,0,0.0
29,2901017,SBS_SX,L,managed,2921017,10,0.0
29,2901017,SBS_SX,L,managed,2921017,20,0.0
29,2901017,SBS_SX,L,managed,2921017,30,0.0
29,2901017,SBS_SX,L,managed,2921017,40,1.4
29,2901017,SBS_SX,L,managed,2921017,50,15.7
29,2901017,SBS_SX,L,managed,2921017,60,46.1
29,2901017,SBS_SX,L,managed,2921017,70,82.7
29,2901017,SBS_SX,L,managed,2921017,80,119.9
29,2901017,SBS_SX,L,managed,2921017,90,154.5
29,2901017,SBS_SX,L,managed,2921017,100,185.4
29,2901017,SBS_SX,L,managed,2921017,110,212.1
29,2901017,SBS_SX,L,managed,2921017,120,235.1
29,2901017,SBS_SX,L,managed,2921017,130,254.6
29,2901017,SBS_SX,L,managed,2921017,140,271.2
29,2901017,SBS_SX,L,managed,2921017,150,285.2
29,2901017,SBS_SX,L,managed,2921017,160,297.1
29,2901017,SBS_SX,L,managed,2921017,170,307.3
29,2901017,SBS_SX,L,managed,2921017,180,316.0
29,2901017,SBS_SX,L,managed,2921017,190,323.4
29,2901017,SBS_SX,L,managed,2921017,200,329.7
29,2901017,SBS_SX,L,managed,2921017,210,335.1
29,2901017,SBS_SX,L,managed,2921017,220,339.7
29,2901017,SBS_SX,L,managed,2921017,230,343.5
29,2901017,SBS_SX,L,managed,2921017,240,346.5
29,2901017,SBS_SX,L,managed,2921017,250,349.0
29,2901017,SBS_SX,L,managed,2921017,260,351.0
29,2901017,SBS_SX,L,managed,2921017,270,352.7
29,2901017,SBS_SX,L,managed,2921017,280,354.0
29,2901017,SBS_SX,L,managed,2921017,290,354.9
29,2901017,SBS_SX,L,managed,2921017,300,355.6
29,2901017,SBS_SX,L,managed,2921017,310,356.0
29,2901017,SBS_SX,L,managed,2921017,320,356.1
29,2901017,SBS_SX,L,managed,2921017,330,356.1
29,2901017,SBS_SX,L,managed,2921017,340,355.9
29,2901017,SBS_SX,L,managed,2921017,350,355.5
29,2902000,SBPS_PLI,M,unmanaged,2902000,1,0.0
29,2902000,SBPS_PLI,M,unmanaged,2902000,10,0.02
29,2902000,SBPS_PLI,M,unmanaged,2902000,20,0.25
29,2902000,SBPS_PLI,M,unmanaged,2902000,30,0.96
29,2902000,SBPS_PLI,M,unmanaged,2902000,40,2.5
29,2902000,SBPS_PLI,M,unmanaged,2902000,50,5.27
29,2902000,SBPS_PLI,M,unmanaged,2902000,60,9.78
29,2902000,SBPS_PLI,M,unmanaged,2902000,70,15.5
29,2902000,SBPS_PLI,M,unmanaged,2902000,80,25.11
29,2902000,SBPS_PLI,M,unmanaged,2902000,90,34.37
29,2902000,SBPS_PLI,M,unmanaged,2902000,100,44.47
29,2902000,SBPS_PLI,M,unmanaged,2902000,110,55.67
29,2902000,SBPS_PLI,M,unmanaged,2902000,120,67.41
29,2902000,SBPS_PLI,M,unmanaged,2902000,130,78.54
29,2902000,SBPS_PLI,M,unmanaged,2902000,140,87.97
29,2902000,SBPS_PLI,M,unmanaged,2902000,150,95.33
29,2902000,SBPS_PLI,M,unmanaged,2902000,160,100.88
29,2902000,SBPS_PLI,M,unmanaged,2902000,170,105.08
29,2902000,SBPS_PLI,M,unmanaged,2902000,180,108.14
29,2902000,SBPS_PLI,M,unmanaged,2902000,190,110.13
29,2902000,SBPS_PLI,M,unmanaged,2902000,200,111.12
29,2902000,SBPS_PLI,M,unmanaged,2902000,210,111.36
29,2902000,SBPS_PLI,M,unmanaged,2902000,220,111.2
29,2902000,SBPS_PLI,M,unmanaged,2902000,230,110.91
29,2902000,SBPS_PLI,M,unmanaged,2902000,240,110.59
29,2902000,SBPS_PLI,M,unmanaged,2902000,250,110.27
29,2902000,SBPS_PLI,M,unmanaged,2902000,260,109.95
29,2902000,SBPS_PLI,M,unmanaged,2902000,270,109.64
29,2902000,SBPS_PLI,M,unmanaged,2902000,280,109.34
29,2902000,SBPS_PLI,M,unmanaged,2902000,290,109.0
29,2902000,SBPS_PLI,M,unmanaged,2902000,299,109.77
29,2902000,SBPS_PLI,M,managed,2922000,0,0.0
29,2902000,SBPS_PLI,M,managed,2922000,10,0.0
29,2902000,SBPS_PLI,M,managed,2922000,20,0.0
29,2902000,SBPS_PLI,M,managed,2922000,30,0.0
29,2902000,SBPS_PLI,M,managed,2922000,40,0.0
29,2902000,SBPS_PLI,M,managed,2922000,50,0.2
29,2902000,SBPS_PLI,M,managed,2922000,60,3.0
29,2902000,SBPS_PLI,M,managed,2922000,70,9.9
29,2902000,SBPS_PLI,M,managed,2922000,80,21.0
29,2902000,SBPS_PLI,M,managed,2922000,90,33.8
29,2902000,SBPS_PLI,M,managed,2922000,100,46.7
29,2902000,SBPS_PLI,M,managed,2922000,110,58.7
29,2902000,SBPS_PLI,M,managed,2922000,120,70.3
29,2902000,SBPS_PLI,M,managed,2922000,130,80.3
29,2902000,SBPS_PLI,M,managed,2922000,140,87.2
29,2902000,SBPS_PLI,M,managed,2922000,150,92.8
29,2902000,SBPS_PLI,M,managed,2922000,160,98.4
29,2902000,SBPS_PLI,M,managed,2922000,170,103.7
29,2902000,SBPS_PLI,M,managed,2922000,180,108.2
29,2902000,SBPS_PLI,M,managed,2922000,190,112.0
29,2902000,SBPS_PLI,M,managed,2922000,200,115.0
29,2902000,SBPS_PLI,M,managed,2922000,210,117.4
29,2902000,SBPS_PLI,M,managed,2922000,220,119.5
29,2902000,SBPS_PLI,M,managed,2922000,230,121.2
29,2902000,SBPS_PLI,M,managed,2922000,240,122.6
29,2902000,SBPS_PLI,M,managed,2922000,250,123.6
29,2902000,SBPS_PLI,M,managed,2922000,260,124.3
29,2902000,SBPS_PLI,M,managed,2922000,270,124.8
29,2902000,SBPS_PLI,M,managed,2922000,280,125.2
29,2902000,SBPS_PLI,M,managed,2922000,290,125.3
29,2902000,SBPS_PLI,M,managed,2922000,300,125.3
29,2902000,SBPS_PLI,M,managed,2922000,310,125.2
29,2902000,SBPS_PLI,M,managed,2922000,320,125.0
29,2902000,SBPS_PLI,M,managed,2922000,330,124.7
29,2902000,SBPS_PLI,M,managed,2922000,340,124.4
29,2902000,SBPS_PLI,M,managed,2922000,350,124.0
29,2902001,MS_PLI,M,unmanaged,2902001,1,0.0
29,2902001,MS_PLI,M,unmanaged,2902001,10,0.0
29,2902001,MS_PLI,M,unmanaged,2902001,20,0.0
29,2902001,MS_PLI,M,unmanaged,2902001,30,0.0
29,2902001,MS_PLI,M,unmanaged,2902001,40,0.04
29,2902001,MS_PLI,M,unmanaged,2902001,50,0.3
29,2902001,MS_PLI,M,unmanaged,2902001,60,0.61
29,2902001,MS_PLI,M,unmanaged,2902001,70,6.6
29,2902001,MS_PLI,M,unmanaged,2902001,80,21.39
29,2902001,MS_PLI,M,unmanaged,2902001,90,34.64
29,2902001,MS_PLI,M,unmanaged,2902001,100,47.29
29,2902001,MS_PLI,M,unmanaged,2902001,110,60.21
29,2902001,MS_PLI,M,unmanaged,2902001,120,74.0
29,2902001,MS_PLI,M,unmanaged,2902001,130,88.22
29,2902001,MS_PLI,M,unmanaged,2902001,140,101.38
29,2902001,MS_PLI,M,unmanaged,2902001,150,111.93
29,2902001,MS_PLI,M,unmanaged,2902001,160,119.21
29,2902001,MS_PLI,M,unmanaged,2902001,170,123.67
29,2902001,MS_PLI,M,unmanaged,2902001,180,126.2
29,2902001,MS_PLI,M,unmanaged,2902001,190,127.58
29,2902001,MS_PLI,M,unmanaged,2902001,200,128.27
29,2902001,MS_PLI,M,unmanaged,2902001,210,128.56
29,2902001,MS_PLI,M,unmanaged,2902001,220,128.6
29,2902001,MS_PLI,M,unmanaged,2902001,230,128.52
29,2902001,MS_PLI,M,unmanaged,2902001,240,128.36
29,2902001,MS_PLI,M,unmanaged,2902001,250,128.16
29,2902001,MS_PLI,M,unmanaged,2902001,260,127.91
29,2902001,MS_PLI,M,unmanaged,2902001,270,127.63
29,2902001,MS_PLI,M,unmanaged,2902001,280,127.32
29,2902001,MS_PLI,M,unmanaged,2902001,290,127.0
29,2902001,MS_PLI,M,unmanaged,2902001,299,126.71
29,2902001,MS_PLI,M,managed,2922001,0,0.0
29,2902001,MS_PLI,M,managed,2922001,10,0.0
29,2902001,MS_PLI,M,managed,2922001,20,0.0
29,2902001,MS_PLI,M,managed,2922001,30,0.0
29,2902001,MS_PLI,M,managed,2922001,40,0.0
29,2902001,MS_PLI,M,managed,2922001,50,0.1
29,2902001,MS_PLI,M,managed,2922001,60,1.2
29,2902001,MS_PLI,M,managed,2922001,70,5.3
29,2902001,MS_PLI,M,managed,2922001,80,16.4
29,2902001,MS_PLI,M,managed,2922001,90,28.1
29,2902001,MS_PLI,M,managed,2922001,100,42.2
29,2902001,MS_PLI,M,managed,2922001,110,55.5
29,2902001,MS_PLI,M,managed,2922001,120,68.3
29,2902001,MS_PLI,M,managed,2922001,130,80.1
29,2902001,MS_PLI,M,managed,2922001,140,89.5
29,2902001,MS_PLI,M,managed,2922001,150,97.6
29,2902001,MS_PLI,M,managed,2922001,160,104.9
29,2902001,MS_PLI,M,managed,2922001,170,112.2
29,2902001,MS_PLI,M,managed,2922001,180,118.5
29,2902001,MS_PLI,M,managed,2922001,190,123.8
29,2902001,MS_PLI,M,managed,2922001,200,128.4
29,2902001,MS_PLI,M,managed,2922001,210,132.2
29,2902001,MS_PLI,M,managed,2922001,220,135.5
29,2902001,MS_PLI,M,managed,2922001,230,138.3
29,2902001,MS_PLI,M,managed,2922001,240,140.7
29,2902001,MS_PLI,M,managed,2922001,250,142.6
29,2902001,MS_PLI,M,managed,2922001,260,144.3
29,2902001,MS_PLI,M,managed,2922001,270,145.6
29,2902001,MS_PLI,M,managed,2922001,280,146.7
29,2902001,MS_PLI,M,managed,2922001,290,147.6
29,2902001,MS_PLI,M,managed,2922001,300,148.2
29,2902001,MS_PLI,M,managed,2922001,310,148.7
29,2902001,MS_PLI,M,managed,2922001,320,149.1
29,2902001,MS_PLI,M,managed,2922001,330,149.3
29,2902001,MS_PLI,M,managed,2922001,340,149.4
29,2902001,MS_PLI,M,managed,2922001,350,149.4
29,2902002,IDF_FD,M,unmanaged,2902002,1,0.01
29,2902002,IDF_FD,M,unmanaged,2902002,10,1.21
29,2902002,IDF_FD,M,unmanaged,2902002,20,4.56
29,2902002,IDF_FD,M,unmanaged,2902002,30,9.83
29,2902002,IDF_FD,M,unmanaged,2902002,40,16.89
29,2902002,IDF_FD,M,unmanaged,2902002,50,25.61
29,2902002,IDF_FD,M,unmanaged,2902002,60,36.14
29,2902002,IDF_FD,M,unmanaged,2902002,70,45.65
29,2902002,IDF_FD,M,unmanaged,2902002,80,61.19
29,2902002,IDF_FD,M,unmanaged,2902002,90,75.15
29,2902002,IDF_FD,M,unmanaged,2902002,100,88.89
29,2902002,IDF_FD,M,unmanaged,2902002,110,101.99
29,2902002,IDF_FD,M,unmanaged,2902002,120,113.91
29,2902002,IDF_FD,M,unmanaged,2902002,130,124.1
29,2902002,IDF_FD,M,unmanaged,2902002,140,132.23
29,2902002,IDF_FD,M,unmanaged,2902002,150,138.28
29,2902002,IDF_FD,M,unmanaged,2902002,160,142.46
29,2902002,IDF_FD,M,unmanaged,2902002,170,145.1
29,2902002,IDF_FD,M,unmanaged,2902002,180,146.54
29,2902002,IDF_FD,M,unmanaged,2902002,190,147.14
29,2902002,IDF_FD,M,unmanaged,2902002,200,147.21
29,2902002,IDF_FD,M,unmanaged,2902002,210,147.03
29,2902002,IDF_FD,M,unmanaged,2902002,220,146.69
29,2902002,IDF_FD,M,unmanaged,2902002,230,146.23
29,2902002,IDF_FD,M,unmanaged,2902002,240,145.63
29,2902002,IDF_FD,M,unmanaged,2902002,250,144.93
29,2902002,IDF_FD,M,unmanaged,2902002,260,144.21
29,2902002,IDF_FD,M,unmanaged,2902002,270,143.53
29,2902002,IDF_FD,M,unmanaged,2902002,280,142.9
29,2902002,IDF_FD,M,unmanaged,2902002,290,142.3
29,2902002,IDF_FD,M,unmanaged,2902002,299,141.83
29,2902002,IDF_FD,M,managed,2922002,0,0.0
29,2902002,IDF_FD,M,managed,2922002,10,0.0
29,2902002,IDF_FD,M,managed,2922002,20,0.0
29,2902002,IDF_FD,M,managed,2922002,30,0.0
29,2902002,IDF_FD,M,managed,2922002,40,0.7
29,2902002,IDF_FD,M,managed,2922002,50,7.1
29,2902002,IDF_FD,M,managed,2922002,60,20.1
29,2902002,IDF_FD,M,managed,2922002,70,37.4
29,2902002,IDF_FD,M,managed,2922002,80,55.6
29,2902002,IDF_FD,M,managed,2922002,90,74.1
29,2902002,IDF_FD,M,managed,2922002,100,91.1
29,2902002,IDF_FD,M,managed,2922002,110,107.1
29,2902002,IDF_FD,M,managed,2922002,120,121.1
29,2902002,IDF_FD,M,managed,2922002,130,133.3
29,2902002,IDF_FD,M,managed,2922002,140,142.7
29,2902002,IDF_FD,M,managed,2922002,150,151.0
29,2902002,IDF_FD,M,managed,2922002,160,158.7
29,2902002,IDF_FD,M,managed,2922002,170,165.6
29,2902002,IDF_FD,M,managed,2922002,180,171.8
29,2902002,IDF_FD,M,managed,2922002,190,177.1
29,2902002,IDF_FD,M,managed,2922002,200,181.6
29,2902002,IDF_FD,M,managed,2922002,210,185.4
29,2902002,IDF_FD,M,managed,2922002,220,188.9
29,2902002,IDF_FD,M,managed,2922002,230,191.9
29,2902002,IDF_FD,M,managed,2922002,240,194.5
29,2902002,IDF_FD,M,managed,2922002,250,196.7
29,2902002,IDF_FD,M,managed,2922002,260,198.5
29,2902002,IDF_FD,M,managed,2922002,270,200.2
29,2902002,IDF_FD,M,managed,2922002,280,201.7
29,2902002,IDF_FD,M,managed,2922002,290,202.9
29,2902002,IDF_FD,M,managed,2922002,300,203.9
29,2902002,IDF_FD,M,managed,2922002,310,204.7
29,2902002,IDF_FD,M,managed,2922002,320,205.3
29,2902002,IDF_FD,M,managed,2922002,330,205.8
29,2902002,IDF_FD,M,managed,2922002,340,206.1
29,2902002,IDF_FD,M,managed,2922002,350,206.3
29,2902003,IDF_FDI,M,unmanaged,2902003,1,0.0
29,2902003,IDF_FDI,M,unmanaged,2902003,10,0.01
29,2902003,IDF_FDI,M,unmanaged,2902003,20,0.37
29,2902003,IDF_FDI,M,unmanaged,2902003,30,2.13
29,2902003,IDF_FDI,M,unmanaged,2902003,40,6.68
29,2902003,IDF_FDI,M,unmanaged,2902003,50,14.97
29,2902003,IDF_FDI,M,unmanaged,2902003,60,27.82
29,2902003,IDF_FDI,M,unmanaged,2902003,70,42.1
29,2902003,IDF_FDI,M,unmanaged,2902003,80,59.4
29,2902003,IDF_FDI,M,unmanaged,2902003,90,75.65
29,2902003,IDF_FDI,M,unmanaged,2902003,100,90.72
29,2902003,IDF_FDI,M,unmanaged,2902003,110,104.33
29,2902003,IDF_FDI,M,unmanaged,2902003,120,116.51
29,2902003,IDF_FDI,M,unmanaged,2902003,130,127.35
29,2902003,IDF_FDI,M,unmanaged,2902003,140,136.73
29,2902003,IDF_FDI,M,unmanaged,2902003,150,144.4
29,2902003,IDF_FDI,M,unmanaged,2902003,160,150.27
29,2902003,IDF_FDI,M,unmanaged,2902003,170,154.48
29,2902003,IDF_FDI,M,unmanaged,2902003,180,157.18
29,2902003,IDF_FDI,M,unmanaged,2902003,190,158.47
29,2902003,IDF_FDI,M,unmanaged,2902003,200,158.53
29,2902003,IDF_FDI,M,unmanaged,2902003,210,157.76
29,2902003,IDF_FDI,M,unmanaged,2902003,220,156.62
29,2902003,IDF_FDI,M,unmanaged,2902003,230,155.44
29,2902003,IDF_FDI,M,unmanaged,2902003,240,154.43
29,2902003,IDF_FDI,M,unmanaged,2902003,250,153.69
29,2902003,IDF_FDI,M,unmanaged,2902003,260,153.16
29,2902003,IDF_FDI,M,unmanaged,2902003,270,152.75
29,2902003,IDF_FDI,M,unmanaged,2902003,280,152.38
29,2902003,IDF_FDI,M,unmanaged,2902003,290,152.0
29,2902003,IDF_FDI,M,unmanaged,2902003,299,151.8
29,2902003,IDF_FDI,M,managed,2922003,0,0.0
29,2902003,IDF_FDI,M,managed,2922003,10,0.0
29,2902003,IDF_FDI,M,managed,2922003,20,0.0
29,2902003,IDF_FDI,M,managed,2922003,30,0.0
29,2902003,IDF_FDI,M,managed,2922003,40,0.5
29,2902003,IDF_FDI,M,managed,2922003,50,7.4
29,2902003,IDF_FDI,M,managed,2922003,60,21.9
29,2902003,IDF_FDI,M,managed,2922003,70,41.4
29,2902003,IDF_FDI,M,managed,2922003,80,62.7
29,2902003,IDF_FDI,M,managed,2922003,90,83.9
29,2902003,IDF_FDI,M,managed,2922003,100,103.7
29,2902003,IDF_FDI,M,managed,2922003,110,122.4
29,2902003,IDF_FDI,M,managed,2922003,120,138.8
29,2902003,IDF_FDI,M,managed,2922003,130,153.3
29,2902003,IDF_FDI,M,managed,2922003,140,164.3
29,2902003,IDF_FDI,M,managed,2922003,150,174.0
29,2902003,IDF_FDI,M,managed,2922003,160,183.3
29,2902003,IDF_FDI,M,managed,2922003,170,191.5
29,2902003,IDF_FDI,M,managed,2922003,180,198.7
29,2902003,IDF_FDI,M,managed,2922003,190,205.0
29,2902003,IDF_FDI,M,managed,2922003,200,210.5
29,2902003,IDF_FDI,M,managed,2922003,210,215.1
29,2902003,IDF_FDI,M,managed,2922003,220,219.1
29,2902003,IDF_FDI,M,managed,2922003,230,222.7
29,2902003,IDF_FDI,M,managed,2922003,240,225.8
29,2902003,IDF_FDI,M,managed,2922003,250,228.4
29,2902003,IDF_FDI,M,managed,2922003,260,230.6
29,2902003,IDF_FDI,M,managed,2922003,270,232.6
29,2902003,IDF_FDI,M,managed,2922003,280,234.2
29,2902003,IDF_FDI,M,managed,2922003,290,235.7
29,2902003,IDF_FDI,M,managed,2922003,300,236.9
29,2902003,IDF_FDI,M,managed,2922003,310,237.9
29,2902003,IDF_FDI,M,managed,2922003,320,238.7
29,2902003,IDF_FDI,M,managed,2922003,330,239.3
29,2902003,IDF_FDI,M,managed,2922003,340,239.7
29,2902003,IDF_FDI,M,managed,2922003,350,240.0
29,2902004,MS_PL,M,unmanaged,2902004,1,0.0
29,2902004,MS_PL,M,unmanaged,2902004,10,0.0
29,2902004,MS_PL,M,unmanaged,2902004,20,0.0
29,2902004,MS_PL,M,unmanaged,2902004,30,0.02
29,2902004,MS_PL,M,unmanaged,2902004,40,0.27
29,2902004,MS_PL,M,unmanaged,2902004,50,1.47
29,2902004,MS_PL,M,unmanaged,2902004,60,5.58
29,2902004,MS_PL,M,unmanaged,2902004,70,12.7
29,2902004,MS_PL,M,unmanaged,2902004,80,25.44
29,2902004,MS_PL,M,unmanaged,2902004,90,37.47
29,2902004,MS_PL,M,unmanaged,2902004,100,49.45
29,2902004,MS_PL,M,unmanaged,2902004,110,61.66
29,2902004,MS_PL,M,unmanaged,2902004,120,74.13
29,2902004,MS_PL,M,unmanaged,2902004,130,86.16
29,2902004,MS_PL,M,unmanaged,2902004,140,96.5
29,2902004,MS_PL,M,unmanaged,2902004,150,104.26
29,2902004,MS_PL,M,unmanaged,2902004,160,109.51
29,2902004,MS_PL,M,unmanaged,2902004,170,112.99
29,2902004,MS_PL,M,unmanaged,2902004,180,115.53
29,2902004,MS_PL,M,unmanaged,2902004,190,117.73
29,2902004,MS_PL,M,unmanaged,2902004,200,119.76
29,2902004,MS_PL,M,unmanaged,2902004,210,121.37
29,2902004,MS_PL,M,unmanaged,2902004,220,122.18
29,2902004,MS_PL,M,unmanaged,2902004,230,122.16
29,2902004,MS_PL,M,unmanaged,2902004,240,121.75
29,2902004,MS_PL,M,unmanaged,2902004,250,121.49
29,2902004,MS_PL,M,unmanaged,2902004,260,121.57
29,2902004,MS_PL,M,unmanaged,2902004,270,121.74
29,2902004,MS_PL,M,unmanaged,2902004,280,121.71
29,2902004,MS_PL,M,unmanaged,2902004,290,121.55
29,2902004,MS_PL,M,unmanaged,2902004,299,120.87
29,2902004,MS_PL,M,managed,2922004,0,0.0
29,2902004,MS_PL,M,managed,2922004,10,0.0
29,2902004,MS_PL,M,managed,2922004,20,0.0
29,2902004,MS_PL,M,managed,2922004,30,0.0
29,2902004,MS_PL,M,managed,2922004,40,0.0
29,2902004,MS_PL,M,managed,2922004,50,0.1
29,2902004,MS_PL,M,managed,2922004,60,2.3
29,2902004,MS_PL,M,managed,2922004,70,9.3
29,2902004,MS_PL,M,managed,2922004,80,19.1
29,2902004,MS_PL,M,managed,2922004,90,31.6
29,2902004,MS_PL,M,managed,2922004,100,43.6
29,2902004,MS_PL,M,managed,2922004,110,55.7
29,2902004,MS_PL,M,managed,2922004,120,66.5
29,2902004,MS_PL,M,managed,2922004,130,76.0
29,2902004,MS_PL,M,managed,2922004,140,84.2
29,2902004,MS_PL,M,managed,2922004,150,91.6
29,2902004,MS_PL,M,managed,2922004,160,98.1
29,2902004,MS_PL,M,managed,2922004,170,103.8
29,2902004,MS_PL,M,managed,2922004,180,108.6
29,2902004,MS_PL,M,managed,2922004,190,112.8
29,2902004,MS_PL,M,managed,2922004,200,116.2
29,2902004,MS_PL,M,managed,2922004,210,119.4
29,2902004,MS_PL,M,managed,2922004,220,122.1
29,2902004,MS_PL,M,managed,2922004,230,124.3
29,2902004,MS_PL,M,managed,2922004,240,126.2
29,2902004,MS_PL,M,managed,2922004,250,127.7
29,2902004,MS_PL,M,managed,2922004,260,128.9
29,2902004,MS_PL,M,managed,2922004,270,129.9
29,2902004,MS_PL,M,managed,2922004,280,130.7
29,2902004,MS_PL,M,managed,2922004,290,131.3
29,2902004,MS_PL,M,managed,2922004,300,131.8
29,2902004,MS_PL,M,managed,2922004,310,132.1
29,2902004,MS_PL,M,managed,2922004,320,132.3
29,2902004,MS_PL,M,managed,2922004,330,132.3
29,2902004,MS_PL,M,managed,2922004,340,132.4
29,2902004,MS_PL,M,managed,2922004,350,132.3
29,2902005,SBPS_PL,M,unmanaged,2902005,1,0.0
29,2902005,SBPS_PL,M,unmanaged,2902005,10,0.0
29,2902005,SBPS_PL,M,unmanaged,2902005,20,0.05
29,2902005,SBPS_PL,M,unmanaged,2902005,30,0.71
29,2902005,SBPS_PL,M,unmanaged,2902005,40,3.67
29,2902005,SBPS_PL,M,unmanaged,2902005,50,10.99
29,2902005,SBPS_PL,M,unmanaged,2902005,60,22.85
29,2902005,SBPS_PL,M,unmanaged,2902005,70,38.8
29,2902005,SBPS_PL,M,unmanaged,2902005,80,54.72
29,2902005,SBPS_PL,M,unmanaged,2902005,90,69.98
29,2902005,SBPS_PL,M,unmanaged,2902005,100,84.18
29,2902005,SBPS_PL,M,unmanaged,2902005,110,97.07
29,2902005,SBPS_PL,M,unmanaged,2902005,120,108.7
29,2902005,SBPS_PL,M,unmanaged,2902005,130,119.02
29,2902005,SBPS_PL,M,unmanaged,2902005,140,127.63
29,2902005,SBPS_PL,M,unmanaged,2902005,150,134.09
29,2902005,SBPS_PL,M,unmanaged,2902005,160,138.4
29,2902005,SBPS_PL,M,unmanaged,2902005,170,141.07
29,2902005,SBPS_PL,M,unmanaged,2902005,180,142.64
29,2902005,SBPS_PL,M,unmanaged,2902005,190,143.44
29,2902005,SBPS_PL,M,unmanaged,2902005,200,143.68
29,2902005,SBPS_PL,M,unmanaged,2902005,210,143.51
29,2902005,SBPS_PL,M,unmanaged,2902005,220,143.11
29,2902005,SBPS_PL,M,unmanaged,2902005,230,142.64
29,2902005,SBPS_PL,M,unmanaged,2902005,240,142.23
29,2902005,SBPS_PL,M,unmanaged,2902005,250,141.95
29,2902005,SBPS_PL,M,unmanaged,2902005,260,141.76
29,2902005,SBPS_PL,M,unmanaged,2902005,270,141.52
29,2902005,SBPS_PL,M,unmanaged,2902005,280,141.12
29,2902005,SBPS_PL,M,unmanaged,2902005,290,140.6
29,2902005,SBPS_PL,M,unmanaged,2902005,299,140.08
29,2902005,SBPS_PL,M,managed,2922005,0,0.0
29,2902005,SBPS_PL,M,managed,2922005,10,0.0
29,2902005,SBPS_PL,M,managed,2922005,20,0.0
29,2902005,SBPS_PL,M,managed,2922005,30,0.0
29,2902005,SBPS_PL,M,managed,2922005,40,0.2
29,2902005,SBPS_PL,M,managed,2922005,50,2.8
29,2902005,SBPS_PL,M,managed,2922005,60,12.7
29,2902005,SBPS_PL,M,managed,2922005,70,28.6
29,2902005,SBPS_PL,M,managed,2922005,80,48.2
29,2902005,SBPS_PL,M,managed,2922005,90,67.3
29,2902005,SBPS_PL,M,managed,2922005,100,85.5
29,2902005,SBPS_PL,M,managed,2922005,110,102.4
29,2902005,SBPS_PL,M,managed,2922005,120,117.5
29,2902005,SBPS_PL,M,managed,2922005,130,130.5
29,2902005,SBPS_PL,M,managed,2922005,140,138.2
29,2902005,SBPS_PL,M,managed,2922005,150,143.9
29,2902005,SBPS_PL,M,managed,2922005,160,150.2
29,2902005,SBPS_PL,M,managed,2922005,170,156.3
29,2902005,SBPS_PL,M,managed,2922005,180,161.4
29,2902005,SBPS_PL,M,managed,2922005,190,165.5
29,2902005,SBPS_PL,M,managed,2922005,200,168.8
29,2902005,SBPS_PL,M,managed,2922005,210,171.5
29,2902005,SBPS_PL,M,managed,2922005,220,173.6
29,2902005,SBPS_PL,M,managed,2922005,230,175.2
29,2902005,SBPS_PL,M,managed,2922005,240,176.3
29,2902005,SBPS_PL,M,managed,2922005,250,177.1
29,2902005,SBPS_PL,M,managed,2922005,260,177.6
29,2902005,SBPS_PL,M,managed,2922005,270,177.8
29,2902005,SBPS_PL,M,managed,2922005,280,177.8
29,2902005,SBPS_PL,M,managed,2922005,290,177.7
29,2902005,SBPS_PL,M,managed,2922005,300,177.4
29,2902005,SBPS_PL,M,managed,2922005,310,177.0
29,2902005,SBPS_PL,M,managed,2922005,320,176.5
29,2902005,SBPS_PL,M,managed,2922005,330,175.9
29,2902005,SBPS_PL,M,managed,2922005,340,175.2
29,2902005,SBPS_PL,M,managed,2922005,350,174.5
29,2902006,ESSF_BL,M,unmanaged,2902006,1,0.0
29,2902006,ESSF_BL,M,unmanaged,2902006,10,0.0
29,2902006,ESSF_BL,M,unmanaged,2902006,20,0.0
29,2902006,ESSF_BL,M,unmanaged,2902006,30,0.03
29,2902006,ESSF_BL,M,unmanaged,2902006,40,0.3
29,2902006,ESSF_BL,M,unmanaged,2902006,50,1.58
29,2902006,ESSF_BL,M,unmanaged,2902006,60,4.66
29,2902006,ESSF_BL,M,unmanaged,2902006,70,13.7
29,2902006,ESSF_BL,M,unmanaged,2902006,80,25.6
29,2902006,ESSF_BL,M,unmanaged,2902006,90,39.67
29,2902006,ESSF_BL,M,unmanaged,2902006,100,57.42
29,2902006,ESSF_BL,M,unmanaged,2902006,110,78.23
29,2902006,ESSF_BL,M,unmanaged,2902006,120,99.18
29,2902006,ESSF_BL,M,unmanaged,2902006,130,117.25
29,2902006,ESSF_BL,M,unmanaged,2902006,140,131.25
29,2902006,ESSF_BL,M,unmanaged,2902006,150,141.59
29,2902006,ESSF_BL,M,unmanaged,2902006,160,149.27
29,2902006,ESSF_BL,M,unmanaged,2902006,170,155.11
29,2902006,ESSF_BL,M,unmanaged,2902006,180,159.65
29,2902006,ESSF_BL,M,unmanaged,2902006,190,163.17
29,2902006,ESSF_BL,M,unmanaged,2902006,200,165.8
29,2902006,ESSF_BL,M,unmanaged,2902006,210,167.6
29,2902006,ESSF_BL,M,unmanaged,2902006,220,168.68
29,2902006,ESSF_BL,M,unmanaged,2902006,230,169.3
29,2902006,ESSF_BL,M,unmanaged,2902006,240,169.7
29,2902006,ESSF_BL,M,unmanaged,2902006,250,170.02
29,2902006,ESSF_BL,M,unmanaged,2902006,260,170.32
29,2902006,ESSF_BL,M,unmanaged,2902006,270,170.59
29,2902006,ESSF_BL,M,unmanaged,2902006,280,170.84
29,2902006,ESSF_BL,M,unmanaged,2902006,290,171.1
29,2902006,ESSF_BL,M,unmanaged,2902006,299,171.28
29,2902006,ESSF_BL,M,managed,2922006,0,0.0
29,2902006,ESSF_BL,M,managed,2922006,10,0.0
29,2902006,ESSF_BL,M,managed,2922006,20,0.0
29,2902006,ESSF_BL,M,managed,2922006,30,0.0
29,2902006,ESSF_BL,M,managed,2922006,40,0.0
29,2902006,ESSF_BL,M,managed,2922006,50,0.0
29,2902006,ESSF_BL,M,managed,2922006,60,0.0
29,2902006,ESSF_BL,M,managed,2922006,70,0.3
29,2902006,ESSF_BL,M,managed,2922006,80,3.4
29,2902006,ESSF_BL,M,managed,2922006,90,10.1
29,2902006,ESSF_BL,M,managed,2922006,100,22.4
29,2902006,ESSF_BL,M,managed,2922006,110,38.4
29,2902006,ESSF_BL,M,managed,2922006,120,54.7
29,2902006,ESSF_BL,M,managed,2922006,130,71.7
29,2902006,ESSF_BL,M,managed,2922006,140,88.4
29,2902006,ESSF_BL,M,managed,2922006,150,104.2
29,2902006,ESSF_BL,M,managed,2922006,160,119.3
29,2902006,ESSF_BL,M,managed,2922006,170,133.2
29,2902006,ESSF_BL,M,managed,2922006,180,145.9
29,2902006,ESSF_BL,M,managed,2922006,190,157.6
29,2902006,ESSF_BL,M,managed,2922006,200,168.2
29,2902006,ESSF_BL,M,managed,2922006,210,177.8
29,2902006,ESSF_BL,M,managed,2922006,220,186.4
29,2902006,ESSF_BL,M,managed,2922006,230,194.3
29,2902006,ESSF_BL,M,managed,2922006,240,201.3
29,2902006,ESSF_BL,M,managed,2922006,250,207.6
29,2902006,ESSF_BL,M,managed,2922006,260,213.3
29,2902006,ESSF_BL,M,managed,2922006,270,218.3
29,2902006,ESSF_BL,M,managed,2922006,280,222.8
29,2902006,ESSF_BL,M,managed,2922006,290,226.7
29,2902006,ESSF_BL,M,managed,2922006,300,230.3
29,2902006,ESSF_BL,M,managed,2922006,310,233.4
29,2902006,ESSF_BL,M,managed,2922006,320,236.1
29,2902006,ESSF_BL,M,managed,2922006,330,238.5
29,2902006,ESSF_BL,M,managed,2922006,340,240.6
29,2902006,ESSF_BL,M,managed,2922006,350,242.4
29,2902007,ESSF_PL,M,unmanaged,2902007,1,0.0
29,2902007,ESSF_PL,M,unmanaged,2902007,10,0.0
29,2902007,ESSF_PL,M,unmanaged,2902007,20,0.12
29,2902007,ESSF_PL,M,unmanaged,2902007,30,0.81
29,2902007,ESSF_PL,M,unmanaged,2902007,40,2.93
29,2902007,ESSF_PL,M,unmanaged,2902007,50,7.33
29,2902007,ESSF_PL,M,unmanaged,2902007,60,14.59
29,2902007,ESSF_PL,M,unmanaged,2902007,70,24.2
29,2902007,ESSF_PL,M,unmanaged,2902007,80,36.81
29,2902007,ESSF_PL,M,unmanaged,2902007,90,49.89
29,2902007,ESSF_PL,M,unmanaged,2902007,100,64.16
29,2902007,ESSF_PL,M,unmanaged,2902007,110,79.19
29,2902007,ESSF_PL,M,unmanaged,2902007,120,94.28
29,2902007,ESSF_PL,M,unmanaged,2902007,130,108.88
29,2902007,ESSF_PL,M,unmanaged,2902007,140,122.35
29,2902007,ESSF_PL,M,unmanaged,2902007,150,133.74
29,2902007,ESSF_PL,M,unmanaged,2902007,160,142.44
29,2902007,ESSF_PL,M,unmanaged,2902007,170,149.01
29,2902007,ESSF_PL,M,unmanaged,2902007,180,154.83
29,2902007,ESSF_PL,M,unmanaged,2902007,190,160.84
29,2902007,ESSF_PL,M,unmanaged,2902007,200,166.73
29,2902007,ESSF_PL,M,unmanaged,2902007,210,171.38
29,2902007,ESSF_PL,M,unmanaged,2902007,220,174.12
29,2902007,ESSF_PL,M,unmanaged,2902007,230,175.26
29,2902007,ESSF_PL,M,unmanaged,2902007,240,175.55
29,2902007,ESSF_PL,M,unmanaged,2902007,250,175.54
29,2902007,ESSF_PL,M,unmanaged,2902007,260,175.43
29,2902007,ESSF_PL,M,unmanaged,2902007,270,175.27
29,2902007,ESSF_PL,M,unmanaged,2902007,280,175.08
29,2902007,ESSF_PL,M,unmanaged,2902007,290,174.9
29,2902007,ESSF_PL,M,unmanaged,2902007,299,174.7
29,2902007,ESSF_PL,M,managed,2922007,0,0.0
29,2902007,ESSF_PL,M,managed,2922007,10,0.0
29,2902007,ESSF_PL,M,managed,2922007,20,0.0
29,2902007,ESSF_PL,M,managed,2922007,30,0.0
29,2902007,ESSF_PL,M,managed,2922007,40,0.1
29,2902007,ESSF_PL,M,managed,2922007,50,2.2
29,2902007,ESSF_PL,M,managed,2922007,60,12.6
29,2902007,ESSF_PL,M,managed,2922007,70,28.7
29,2902007,ESSF_PL,M,managed,2922007,80,49.4
29,2902007,ESSF_PL,M,managed,2922007,90,68.5
29,2902007,ESSF_PL,M,managed,2922007,100,86.7
29,2902007,ESSF_PL,M,managed,2922007,110,102.2
29,2902007,ESSF_PL,M,managed,2922007,120,117.4
29,2902007,ESSF_PL,M,managed,2922007,130,130.1
29,2902007,ESSF_PL,M,managed,2922007,140,140.6
29,2902007,ESSF_PL,M,managed,2922007,150,150.3
29,2902007,ESSF_PL,M,managed,2922007,160,158.6
29,2902007,ESSF_PL,M,managed,2922007,170,165.4
29,2902007,ESSF_PL,M,managed,2922007,180,170.8
29,2902007,ESSF_PL,M,managed,2922007,190,175.3
29,2902007,ESSF_PL,M,managed,2922007,200,178.8
29,2902007,ESSF_PL,M,managed,2922007,210,181.6
29,2902007,ESSF_PL,M,managed,2922007,220,183.7
29,2902007,ESSF_PL,M,managed,2922007,230,185.3
29,2902007,ESSF_PL,M,managed,2922007,240,186.5
29,2902007,ESSF_PL,M,managed,2922007,250,187.3
29,2902007,ESSF_PL,M,managed,2922007,260,187.8
29,2902007,ESSF_PL,M,managed,2922007,270,188.0
29,2902007,ESSF_PL,M,managed,2922007,280,188.1
29,2902007,ESSF_PL,M,managed,2922007,290,188.0
29,2902007,ESSF_PL,M,managed,2922007,300,187.7
29,2902007,ESSF_PL,M,managed,2922007,310,187.3
29,2902007,ESSF_PL,M,managed,2922007,320,186.8
29,2902007,ESSF_PL,M,managed,2922007,330,186.2
29,2902007,ESSF_PL,M,managed,2922007,340,185.4
29,2902007,ESSF_PL,M,managed,2922007,350,184.7
29,2902008,IDF_PL,M,unmanaged,2902008,1,0.0
29,2902008,IDF_PL,M,unmanaged,2902008,10,0.0
29,2902008,IDF_PL,M,unmanaged,2902008,20,0.04
29,2902008,IDF_PL,M,unmanaged,2902008,30,0.69
29,2902008,IDF_PL,M,unmanaged,2902008,40,3.93
29,2902008,IDF_PL,M,unmanaged,2902008,50,12.36
29,2902008,IDF_PL,M,unmanaged,2902008,60,28.11
29,2902008,IDF_PL,M,unmanaged,2902008,70,46.0
29,2902008,IDF_PL,M,unmanaged,2902008,80,64.61
29,2902008,IDF_PL,M,unmanaged,2902008,90,82.86
29,2902008,IDF_PL,M,unmanaged,2902008,100,100.23
29,2902008,IDF_PL,M,unmanaged,2902008,110,116.47
29,2902008,IDF_PL,M,unmanaged,2902008,120,131.16
29,2902008,IDF_PL,M,unmanaged,2902008,130,143.59
29,2902008,IDF_PL,M,unmanaged,2902008,140,153.1
29,2902008,IDF_PL,M,unmanaged,2902008,150,159.65
29,2902008,IDF_PL,M,unmanaged,2902008,160,163.86
29,2902008,IDF_PL,M,unmanaged,2902008,170,166.51
29,2902008,IDF_PL,M,unmanaged,2902008,180,168.21
29,2902008,IDF_PL,M,unmanaged,2902008,190,169.3
29,2902008,IDF_PL,M,unmanaged,2902008,200,169.96
29,2902008,IDF_PL,M,unmanaged,2902008,210,170.25
29,2902008,IDF_PL,M,unmanaged,2902008,220,170.28
29,2902008,IDF_PL,M,unmanaged,2902008,230,170.12
29,2902008,IDF_PL,M,unmanaged,2902008,240,169.87
29,2902008,IDF_PL,M,unmanaged,2902008,250,169.54
29,2902008,IDF_PL,M,unmanaged,2902008,260,169.15
29,2902008,IDF_PL,M,unmanaged,2902008,270,168.71
29,2902008,IDF_PL,M,unmanaged,2902008,280,168.22
29,2902008,IDF_PL,M,unmanaged,2902008,290,167.7
29,2902008,IDF_PL,M,unmanaged,2902008,299,167.31
29,2902008,IDF_PL,M,managed,2922008,0,0.0
29,2902008,IDF_PL,M,managed,2922008,10,0.0
29,2902008,IDF_PL,M,managed,2922008,20,0.0
29,2902008,IDF_PL,M,managed,2922008,30,0.0
29,2902008,IDF_PL,M,managed,2922008,40,0.1
29,2902008,IDF_PL,M,managed,2922008,50,2.3
29,2902008,IDF_PL,M,managed,2922008,60,13.0
29,2902008,IDF_PL,M,managed,2922008,70,29.9
29,2902008,IDF_PL,M,managed,2922008,80,51.1
29,2902008,IDF_PL,M,managed,2922008,90,72.7
29,2902008,IDF_PL,M,managed,2922008,100,92.8
29,2902008,IDF_PL,M,managed,2922008,110,111.5
29,2902008,IDF_PL,M,managed,2922008,120,128.6
29,2902008,IDF_PL,M,managed,2922008,130,143.1
29,2902008,IDF_PL,M,managed,2922008,140,154.6
29,2902008,IDF_PL,M,managed,2922008,150,164.3
29,2902008,IDF_PL,M,managed,2922008,160,173.2
29,2902008,IDF_PL,M,managed,2922008,170,181.2
29,2902008,IDF_PL,M,managed,2922008,180,187.9
29,2902008,IDF_PL,M,managed,2922008,190,193.4
29,2902008,IDF_PL,M,managed,2922008,200,198.1
29,2902008,IDF_PL,M,managed,2922008,210,201.9
29,2902008,IDF_PL,M,managed,2922008,220,205.0
29,2902008,IDF_PL,M,managed,2922008,230,207.7
29,2902008,IDF_PL,M,managed,2922008,240,209.9
29,2902008,IDF_PL,M,managed,2922008,250,211.6
29,2902008,IDF_PL,M,managed,2922008,260,212.9
29,2902008,IDF_PL,M,managed,2922008,270,213.9
29,2902008,IDF_PL,M,managed,2922008,280,214.6
29,2902008,IDF_PL,M,managed,2922008,290,215.1
29,2902008,IDF_PL,M,managed,2922008,300,215.3
29,2902008,IDF_PL,M,managed,2922008,310,215.4
29,2902008,IDF_PL,M,managed,2922008,320,215.4
29,2902008,IDF_PL,M,managed,2922008,330,215.2
29,2902008,IDF_PL,M,managed,2922008,340,214.9
29,2902008,IDF_PL,M,managed,2922008,350,214.5
29,2902009,ESSF_SE,M,unmanaged,2902009,1,0.0
29,2902009,ESSF_SE,M,unmanaged,2902009,10,0.0
29,2902009,ESSF_SE,M,unmanaged,2902009,20,0.0
29,2902009,ESSF_SE,M,unmanaged,2902009,30,0.04
29,2902009,ESSF_SE,M,unmanaged,2902009,40,0.47
29,2902009,ESSF_SE,M,unmanaged,2902009,50,2.39
29,2902009,ESSF_SE,M,unmanaged,2902009,60,7.54
29,2902009,ESSF_SE,M,unmanaged,2902009,70,17.22
29,2902009,ESSF_SE,M,unmanaged,2902009,80,31.07
29,2902009,ESSF_SE,M,unmanaged,2902009,90,43.84
29,2902009,ESSF_SE,M,unmanaged,2902009,100,69.6
29,2902009,ESSF_SE,M,unmanaged,2902009,110,70.5
29,2902009,ESSF_SE,M,unmanaged,2902009,120,79.98
29,2902009,ESSF_SE,M,unmanaged,2902009,130,91.74
29,2902009,ESSF_SE,M,unmanaged,2902009,140,104.23
29,2902009,ESSF_SE,M,unmanaged,2902009,150,116.53
29,2902009,ESSF_SE,M,unmanaged,2902009,160,128.91
29,2902009,ESSF_SE,M,unmanaged,2902009,170,141.7
29,2902009,ESSF_SE,M,unmanaged,2902009,180,154.19
29,2902009,ESSF_SE,M,unmanaged,2902009,190,165.15
29,2902009,ESSF_SE,M,unmanaged,2902009,200,173.87
29,2902009,ESSF_SE,M,unmanaged,2902009,210,180.45
29,2902009,ESSF_SE,M,unmanaged,2902009,220,185.33
29,2902009,ESSF_SE,M,unmanaged,2902009,230,188.98
29,2902009,ESSF_SE,M,unmanaged,2902009,240,191.95
29,2902009,ESSF_SE,M,unmanaged,2902009,250,194.89
29,2902009,ESSF_SE,M,unmanaged,2902009,260,198.2
29,2902009,ESSF_SE,M,unmanaged,2902009,270,201.74
29,2902009,ESSF_SE,M,unmanaged,2902009,280,205.08
29,2902009,ESSF_SE,M,unmanaged,2902009,290,208.9
29,2902009,ESSF_SE,M,unmanaged,2902009,299,207.81
29,2902009,ESSF_SE,M,managed,2922009,0,0.0
29,2902009,ESSF_SE,M,managed,2922009,10,0.0
29,2902009,ESSF_SE,M,managed,2922009,20,0.0
29,2902009,ESSF_SE,M,managed,2922009,30,0.0
29,2902009,ESSF_SE,M,managed,2922009,40,0.0
29,2902009,ESSF_SE,M,managed,2922009,50,0.0
29,2902009,ESSF_SE,M,managed,2922009,60,0.2
29,2902009,ESSF_SE,M,managed,2922009,70,2.8
29,2902009,ESSF_SE,M,managed,2922009,80,10.0
29,2902009,ESSF_SE,M,managed,2922009,90,22.5
29,2902009,ESSF_SE,M,managed,2922009,100,37.4
29,2902009,ESSF_SE,M,managed,2922009,110,53.9
29,2902009,ESSF_SE,M,managed,2922009,120,70.3
29,2902009,ESSF_SE,M,managed,2922009,130,86.3
29,2902009,ESSF_SE,M,managed,2922009,140,101.3
29,2902009,ESSF_SE,M,managed,2922009,150,115.0
29,2902009,ESSF_SE,M,managed,2922009,160,127.4
29,2902009,ESSF_SE,M,managed,2922009,170,138.6
29,2902009,ESSF_SE,M,managed,2922009,180,148.5
29,2902009,ESSF_SE,M,managed,2922009,190,157.4
29,2902009,ESSF_SE,M,managed,2922009,200,165.3
29,2902009,ESSF_SE,M,managed,2922009,210,172.3
29,2902009,ESSF_SE,M,managed,2922009,220,178.4
29,2902009,ESSF_SE,M,managed,2922009,230,183.7
29,2902009,ESSF_SE,M,managed,2922009,240,188.4
29,2902009,ESSF_SE,M,managed,2922009,250,192.4
29,2902009,ESSF_SE,M,managed,2922009,260,195.9
29,2902009,ESSF_SE,M,managed,2922009,270,198.9
29,2902009,ESSF_SE,M,managed,2922009,280,201.5
29,2902009,ESSF_SE,M,managed,2922009,290,203.6
29,2902009,ESSF_SE,M,managed,2922009,300,205.4
29,2902009,ESSF_SE,M,managed,2922009,310,206.9
29,2902009,ESSF_SE,M,managed,2922009,320,208.1
29,2902009,ESSF_SE,M,managed,2922009,330,209.1
29,2902009,ESSF_SE,M,managed,2922009,340,209.8
29,2902009,ESSF_SE,M,managed,2922009,350,210.3
29,2902010,SBPS_SX,M,unmanaged,2902010,1,0.0
29,2902010,SBPS_SX,M,unmanaged,2902010,10,0.01
29,2902010,SBPS_SX,M,unmanaged,2902010,20,0.18
29,2902010,SBPS_SX,M,unmanaged,2902010,30,1.16
29,2902010,SBPS_SX,M,unmanaged,2902010,40,3.92
29,2902010,SBPS_SX,M,unmanaged,2902010,50,9.21
29,2902010,SBPS_SX,M,unmanaged,2902010,60,16.87
29,2902010,SBPS_SX,M,unmanaged,2902010,70,27.0
29,2902010,SBPS_SX,M,unmanaged,2902010,80,38.64
29,2902010,SBPS_SX,M,unmanaged,2902010,90,49.65
29,2902010,SBPS_SX,M,unmanaged,2902010,100,60.34
29,2902010,SBPS_SX,M,unmanaged,2902010,110,70.88
29,2902010,SBPS_SX,M,unmanaged,2902010,120,81.65
29,2902010,SBPS_SX,M,unmanaged,2902010,130,92.98
29,2902010,SBPS_SX,M,unmanaged,2902010,140,104.67
29,2902010,SBPS_SX,M,unmanaged,2902010,150,115.79
29,2902010,SBPS_SX,M,unmanaged,2902010,160,125.04
29,2902010,SBPS_SX,M,unmanaged,2902010,170,131.53
29,2902010,SBPS_SX,M,unmanaged,2902010,180,135.18
29,2902010,SBPS_SX,M,unmanaged,2902010,190,136.53
29,2902010,SBPS_SX,M,unmanaged,2902010,200,136.29
29,2902010,SBPS_SX,M,unmanaged,2902010,210,135.09
29,2902010,SBPS_SX,M,unmanaged,2902010,220,133.43
29,2902010,SBPS_SX,M,unmanaged,2902010,230,131.67
29,2902010,SBPS_SX,M,unmanaged,2902010,240,129.96
29,2902010,SBPS_SX,M,unmanaged,2902010,250,128.38
29,2902010,SBPS_SX,M,unmanaged,2902010,260,126.96
29,2902010,SBPS_SX,M,unmanaged,2902010,270,125.75
29,2902010,SBPS_SX,M,unmanaged,2902010,280,124.78
29,2902010,SBPS_SX,M,unmanaged,2902010,290,123.9
29,2902010,SBPS_SX,M,unmanaged,2902010,299,123.47
29,2902010,SBPS_SX,M,managed,2922010,0,0.0
29,2902010,SBPS_SX,M,managed,2922010,10,0.0
29,2902010,SBPS_SX,M,managed,2922010,20,0.0
29,2902010,SBPS_SX,M,managed,2922010,30,0.0
29,2902010,SBPS_SX,M,managed,2922010,40,0.0
29,2902010,SBPS_SX,M,managed,2922010,50,0.0
29,2902010,SBPS_SX,M,managed,2922010,60,0.3
29,2902010,SBPS_SX,M,managed,2922010,70,5.1
29,2902010,SBPS_SX,M,managed,2922010,80,16.7
29,2902010,SBPS_SX,M,managed,2922010,90,35.9
29,2902010,SBPS_SX,M,managed,2922010,100,57.2
29,2902010,SBPS_SX,M,managed,2922010,110,80.1
29,2902010,SBPS_SX,M,managed,2922010,120,102.8
29,2902010,SBPS_SX,M,managed,2922010,130,124.6
29,2902010,SBPS_SX,M,managed,2922010,140,145.0
29,2902010,SBPS_SX,M,managed,2922010,150,164.0
29,2902010,SBPS_SX,M,managed,2922010,160,181.4
29,2902010,SBPS_SX,M,managed,2922010,170,197.5
29,2902010,SBPS_SX,M,managed,2922010,180,212.2
29,2902010,SBPS_SX,M,managed,2922010,190,225.3
29,2902010,SBPS_SX,M,managed,2922010,200,237.1
29,2902010,SBPS_SX,M,managed,2922010,210,247.8
29,2902010,SBPS_SX,M,managed,2922010,220,257.5
29,2902010,SBPS_SX,M,managed,2922010,230,266.4
29,2902010,SBPS_SX,M,managed,2922010,240,274.4
29,2902010,SBPS_SX,M,managed,2922010,250,281.6
29,2902010,SBPS_SX,M,managed,2922010,260,288.2
29,2902010,SBPS_SX,M,managed,2922010,270,294.1
29,2902010,SBPS_SX,M,managed,2922010,280,299.5
29,2902010,SBPS_SX,M,managed,2922010,290,304.2
29,2902010,SBPS_SX,M,managed,2922010,300,308.3
29,2902010,SBPS_SX,M,managed,2922010,310,312.0
29,2902010,SBPS_SX,M,managed,2922010,320,315.4
29,2902010,SBPS_SX,M,managed,2922010,330,318.3
29,2902010,SBPS_SX,M,managed,2922010,340,320.9
29,2902010,SBPS_SX,M,managed,2922010,350,323.3
29,2902011,IDF_PLI,M,unmanaged,2902011,1,0.0
29,2902011,IDF_PLI,M,unmanaged,2902011,10,0.55
29,2902011,IDF_PLI,M,unmanaged,2902011,20,2.31
29,2902011,IDF_PLI,M,unmanaged,2902011,30,5.32
29,2902011,IDF_PLI,M,unmanaged,2902011,40,9.61
29,2902011,IDF_PLI,M,unmanaged,2902011,50,15.18
29,2902011,IDF_PLI,M,unmanaged,2902011,60,22.65
29,2902011,IDF_PLI,M,unmanaged,2902011,70,29.8
29,2902011,IDF_PLI,M,unmanaged,2902011,80,39.55
29,2902011,IDF_PLI,M,unmanaged,2902011,90,49.07
29,2902011,IDF_PLI,M,unmanaged,2902011,100,58.96
29,2902011,IDF_PLI,M,unmanaged,2902011,110,69.33
29,2902011,IDF_PLI,M,unmanaged,2902011,120,79.85
29,2902011,IDF_PLI,M,unmanaged,2902011,130,89.81
29,2902011,IDF_PLI,M,unmanaged,2902011,140,98.47
29,2902011,IDF_PLI,M,unmanaged,2902011,150,105.43
29,2902011,IDF_PLI,M,unmanaged,2902011,160,110.59
29,2902011,IDF_PLI,M,unmanaged,2902011,170,114.07
29,2902011,IDF_PLI,M,unmanaged,2902011,180,116.09
29,2902011,IDF_PLI,M,unmanaged,2902011,190,117.06
29,2902011,IDF_PLI,M,unmanaged,2902011,200,117.41
29,2902011,IDF_PLI,M,unmanaged,2902011,210,117.49
29,2902011,IDF_PLI,M,unmanaged,2902011,220,117.45
29,2902011,IDF_PLI,M,unmanaged,2902011,230,117.3
29,2902011,IDF_PLI,M,unmanaged,2902011,240,117.08
29,2902011,IDF_PLI,M,unmanaged,2902011,250,116.83
29,2902011,IDF_PLI,M,unmanaged,2902011,260,116.58
29,2902011,IDF_PLI,M,unmanaged,2902011,270,116.33
29,2902011,IDF_PLI,M,unmanaged,2902011,280,116.08
29,2902011,IDF_PLI,M,unmanaged,2902011,290,115.85
29,2902011,IDF_PLI,M,unmanaged,2902011,299,115.65
29,2902011,IDF_PLI,M,managed,2922011,0,0.0
29,2902011,IDF_PLI,M,managed,2922011,10,0.0
29,2902011,IDF_PLI,M,managed,2922011,20,0.0
29,2902011,IDF_PLI,M,managed,2922011,30,0.0
29,2902011,IDF_PLI,M,managed,2922011,40,0.0
29,2902011,IDF_PLI,M,managed,2922011,50,0.1
29,2902011,IDF_PLI,M,managed,2922011,60,3.2
29,2902011,IDF_PLI,M,managed,2922011,70,12.2
29,2902011,IDF_PLI,M,managed,2922011,80,23.7
29,2902011,IDF_PLI,M,managed,2922011,90,37.0
29,2902011,IDF_PLI,M,managed,2922011,100,50.1
29,2902011,IDF_PLI,M,managed,2922011,110,62.8
29,2902011,IDF_PLI,M,managed,2922011,120,74.0
29,2902011,IDF_PLI,M,managed,2922011,130,84.0
29,2902011,IDF_PLI,M,managed,2922011,140,92.4
29,2902011,IDF_PLI,M,managed,2922011,150,99.3
29,2902011,IDF_PLI,M,managed,2922011,160,105.7
29,2902011,IDF_PLI,M,managed,2922011,170,111.4
29,2902011,IDF_PLI,M,managed,2922011,180,116.4
29,2902011,IDF_PLI,M,managed,2922011,190,120.8
29,2902011,IDF_PLI,M,managed,2922011,200,124.5
29,2902011,IDF_PLI,M,managed,2922011,210,127.6
29,2902011,IDF_PLI,M,managed,2922011,220,130.2
29,2902011,IDF_PLI,M,managed,2922011,230,132.4
29,2902011,IDF_PLI,M,managed,2922011,240,134.2
29,2902011,IDF_PLI,M,managed,2922011,250,135.6
29,2902011,IDF_PLI,M,managed,2922011,260,136.8
29,2902011,IDF_PLI,M,managed,2922011,270,137.8
29,2902011,IDF_PLI,M,managed,2922011,280,138.5
29,2902011,IDF_PLI,M,managed,2922011,290,139.0
29,2902011,IDF_PLI,M,managed,2922011,300,139.4
29,2902011,IDF_PLI,M,managed,2922011,310,139.7
29,2902011,IDF_PLI,M,managed,2922011,320,139.8
29,2902011,IDF_PLI,M,managed,2922011,330,139.8
29,2902011,IDF_PLI,M,managed,2922011,340,139.8
29,2902011,IDF_PLI,M,managed,2922011,350,139.7
29,2902012,ICH_FD,M,unmanaged,2902012,1,0.0
29,2902012,ICH_FD,M,unmanaged,2902012,10,0.16
29,2902012,ICH_FD,M,unmanaged,2902012,20,4.06
29,2902012,ICH_FD,M,unmanaged,2902012,30,20.08
29,2902012,ICH_FD,M,unmanaged,2902012,40,52.24
29,2902012,ICH_FD,M,unmanaged,2902012,50,96.23
29,2902012,ICH_FD,M,unmanaged,2902012,60,141.28
29,2902012,ICH_FD,M,unmanaged,2902012,70,184.5
29,2902012,ICH_FD,M,unmanaged,2902012,80,211.28
29,2902012,ICH_FD,M,unmanaged,2902012,90,238.4
29,2902012,ICH_FD,M,unmanaged,2902012,100,263.09
29,2902012,ICH_FD,M,unmanaged,2902012,110,285.45
29,2902012,ICH_FD,M,unmanaged,2902012,120,305.71
29,2902012,ICH_FD,M,unmanaged,2902012,130,323.58
29,2902012,ICH_FD,M,unmanaged,2902012,140,338.49
29,2902012,ICH_FD,M,unmanaged,2902012,150,349.9
29,2902012,ICH_FD,M,unmanaged,2902012,160,357.67
29,2902012,ICH_FD,M,unmanaged,2902012,170,362.23
29,2902012,ICH_FD,M,unmanaged,2902012,180,364.31
29,2902012,ICH_FD,M,unmanaged,2902012,190,364.52
29,2902012,ICH_FD,M,unmanaged,2902012,200,363.32
29,2902012,ICH_FD,M,unmanaged,2902012,210,361.24
29,2902012,ICH_FD,M,unmanaged,2902012,220,359.0
29,2902012,ICH_FD,M,unmanaged,2902012,230,357.28
29,2902012,ICH_FD,M,unmanaged,2902012,240,356.35
29,2902012,ICH_FD,M,unmanaged,2902012,250,355.86
29,2902012,ICH_FD,M,unmanaged,2902012,260,355.15
29,2902012,ICH_FD,M,unmanaged,2902012,270,353.91
29,2902012,ICH_FD,M,unmanaged,2902012,280,352.29
29,2902012,ICH_FD,M,unmanaged,2902012,290,350.5
29,2902012,ICH_FD,M,unmanaged,2902012,299,349.38
29,2902012,ICH_FD,M,managed,2922012,0,0.0
29,2902012,ICH_FD,M,managed,2922012,10,0.0
29,2902012,ICH_FD,M,managed,2922012,20,0.0
29,2902012,ICH_FD,M,managed,2922012,30,1.7
29,2902012,ICH_FD,M,managed,2922012,40,21.3
29,2902012,ICH_FD,M,managed,2922012,50,57.4
29,2902012,ICH_FD,M,managed,2922012,60,100.3
29,2902012,ICH_FD,M,managed,2922012,70,144.3
29,2902012,ICH_FD,M,managed,2922012,80,185.0
29,2902012,ICH_FD,M,managed,2922012,90,221.0
29,2902012,ICH_FD,M,managed,2922012,100,252.2
29,2902012,ICH_FD,M,managed,2922012,110,278.4
29,2902012,ICH_FD,M,managed,2922012,120,300.8
29,2902012,ICH_FD,M,managed,2922012,130,319.7
29,2902012,ICH_FD,M,managed,2922012,140,332.8
29,2902012,ICH_FD,M,managed,2922012,150,343.0
29,2902012,ICH_FD,M,managed,2922012,160,353.7
29,2902012,ICH_FD,M,managed,2922012,170,363.5
29,2902012,ICH_FD,M,managed,2922012,180,372.4
29,2902012,ICH_FD,M,managed,2922012,190,380.0
29,2902012,ICH_FD,M,managed,2922012,200,386.3
29,2902012,ICH_FD,M,managed,2922012,210,392.0
29,2902012,ICH_FD,M,managed,2922012,220,397.1
29,2902012,ICH_FD,M,managed,2922012,230,401.5
29,2902012,ICH_FD,M,managed,2922012,240,405.2
29,2902012,ICH_FD,M,managed,2922012,250,408.4
29,2902012,ICH_FD,M,managed,2922012,260,411.4
29,2902012,ICH_FD,M,managed,2922012,270,413.8
29,2902012,ICH_FD,M,managed,2922012,280,415.8
29,2902012,ICH_FD,M,managed,2922012,290,417.5
29,2902012,ICH_FD,M,managed,2922012,300,418.8
29,2902012,ICH_FD,M,managed,2922012,310,420.0
29,2902012,ICH_FD,M,managed,2922012,320,421.0
29,2902012,ICH_FD,M,managed,2922012,330,421.6
29,2902012,ICH_FD,M,managed,2922012,340,422.1
29,2902012,ICH_FD,M,managed,2922012,350,422.4
29,2902013,SBS_FDI,M,unmanaged,2902013,1,0.0
29,2902013,SBS_FDI,M,unmanaged,2902013,10,0.23
29,2902013,SBS_FDI,M,unmanaged,2902013,20,4.34
29,2902013,SBS_FDI,M,unmanaged,2902013,30,18.85
29,2902013,SBS_FDI,M,unmanaged,2902013,40,46.22
29,2902013,SBS_FDI,M,unmanaged,2902013,50,83.36
29,2902013,SBS_FDI,M,unmanaged,2902013,60,125.22
29,2902013,SBS_FDI,M,unmanaged,2902013,70,163.3
29,2902013,SBS_FDI,M,unmanaged,2902013,80,192.64
29,2902013,SBS_FDI,M,unmanaged,2902013,90,221.02
29,2902013,SBS_FDI,M,unmanaged,2902013,100,245.48
29,2902013,SBS_FDI,M,unmanaged,2902013,110,265.76
29,2902013,SBS_FDI,M,unmanaged,2902013,120,282.27
29,2902013,SBS_FDI,M,unmanaged,2902013,130,295.29
29,2902013,SBS_FDI,M,unmanaged,2902013,140,304.58
29,2902013,SBS_FDI,M,unmanaged,2902013,150,310.0
29,2902013,SBS_FDI,M,unmanaged,2902013,160,312.35
29,2902013,SBS_FDI,M,unmanaged,2902013,170,313.16
29,2902013,SBS_FDI,M,unmanaged,2902013,180,313.6
29,2902013,SBS_FDI,M,unmanaged,2902013,190,313.72
29,2902013,SBS_FDI,M,unmanaged,2902013,200,313.02
29,2902013,SBS_FDI,M,unmanaged,2902013,210,311.31
29,2902013,SBS_FDI,M,unmanaged,2902013,220,308.88
29,2902013,SBS_FDI,M,unmanaged,2902013,230,306.08
29,2902013,SBS_FDI,M,unmanaged,2902013,240,303.22
29,2902013,SBS_FDI,M,unmanaged,2902013,250,300.53
29,2902013,SBS_FDI,M,unmanaged,2902013,260,298.1
29,2902013,SBS_FDI,M,unmanaged,2902013,270,295.87
29,2902013,SBS_FDI,M,unmanaged,2902013,280,293.7
29,2902013,SBS_FDI,M,unmanaged,2902013,290,291.4
29,2902013,SBS_FDI,M,unmanaged,2902013,299,290.28
29,2902013,SBS_FDI,M,managed,2922013,0,0.0
29,2902013,SBS_FDI,M,managed,2922013,10,0.0
29,2902013,SBS_FDI,M,managed,2922013,20,0.0
29,2902013,SBS_FDI,M,managed,2922013,30,3.0
29,2902013,SBS_FDI,M,managed,2922013,40,28.6
29,2902013,SBS_FDI,M,managed,2922013,50,69.4
29,2902013,SBS_FDI,M,managed,2922013,60,116.6
29,2902013,SBS_FDI,M,managed,2922013,70,162.5
29,2902013,SBS_FDI,M,managed,2922013,80,204.1
29,2902013,SBS_FDI,M,managed,2922013,90,240.3
29,2902013,SBS_FDI,M,managed,2922013,100,270.7
29,2902013,SBS_FDI,M,managed,2922013,110,296.6
29,2902013,SBS_FDI,M,managed,2922013,120,318.5
29,2902013,SBS_FDI,M,managed,2922013,130,336.1
29,2902013,SBS_FDI,M,managed,2922013,140,348.4
29,2902013,SBS_FDI,M,managed,2922013,150,358.5
29,2902013,SBS_FDI,M,managed,2922013,160,369.1
29,2902013,SBS_FDI,M,managed,2922013,170,379.0
29,2902013,SBS_FDI,M,managed,2922013,180,387.3
29,2902013,SBS_FDI,M,managed,2922013,190,394.9
29,2902013,SBS_FDI,M,managed,2922013,200,401.4
29,2902013,SBS_FDI,M,managed,2922013,210,407.0
29,2902013,SBS_FDI,M,managed,2922013,220,412.1
29,2902013,SBS_FDI,M,managed,2922013,230,416.6
29,2902013,SBS_FDI,M,managed,2922013,240,420.3
29,2902013,SBS_FDI,M,managed,2922013,250,423.6
29,2902013,SBS_FDI,M,managed,2922013,260,426.5
29,2902013,SBS_FDI,M,managed,2922013,270,429.0
29,2902013,SBS_FDI,M,managed,2922013,280,431.0
29,2902013,SBS_FDI,M,managed,2922013,290,432.8
29,2902013,SBS_FDI,M,managed,2922013,300,434.1
29,2902013,SBS_FDI,M,managed,2922013,310,435.3
29,2902013,SBS_FDI,M,managed,2922013,320,436.2
29,2902013,SBS_FDI,M,managed,2922013,330,436.9
29,2902013,SBS_FDI,M,managed,2922013,340,437.4
29,2902013,SBS_FDI,M,managed,2922013,350,437.7
29,2902014,ESSF_PLI,M,unmanaged,2902014,1,0.0
29,2902014,ESSF_PLI,M,unmanaged,2902014,10,0.17
29,2902014,ESSF_PLI,M,unmanaged,2902014,20,0.92
29,2902014,ESSF_PLI,M,unmanaged,2902014,30,2.48
29,2902014,ESSF_PLI,M,unmanaged,2902014,40,4.93
29,2902014,ESSF_PLI,M,unmanaged,2902014,50,8.34
29,2902014,ESSF_PLI,M,unmanaged,2902014,60,12.69
29,2902014,ESSF_PLI,M,unmanaged,2902014,70,17.99
29,2902014,ESSF_PLI,M,unmanaged,2902014,80,24.19
29,2902014,ESSF_PLI,M,unmanaged,2902014,90,31.25
29,2902014,ESSF_PLI,M,unmanaged,2902014,100,39.3
29,2902014,ESSF_PLI,M,unmanaged,2902014,110,47.81
29,2902014,ESSF_PLI,M,unmanaged,2902014,120,56.79
29,2902014,ESSF_PLI,M,unmanaged,2902014,130,65.7
29,2902014,ESSF_PLI,M,unmanaged,2902014,140,73.71
29,2902014,ESSF_PLI,M,unmanaged,2902014,150,80.24
29,2902014,ESSF_PLI,M,unmanaged,2902014,160,85.18
29,2902014,ESSF_PLI,M,unmanaged,2902014,170,88.59
29,2902014,ESSF_PLI,M,unmanaged,2902014,180,90.56
29,2902014,ESSF_PLI,M,unmanaged,2902014,190,91.32
29,2902014,ESSF_PLI,M,unmanaged,2902014,200,91.23
29,2902014,ESSF_PLI,M,unmanaged,2902014,210,90.65
29,2902014,ESSF_PLI,M,unmanaged,2902014,220,89.95
29,2902014,ESSF_PLI,M,unmanaged,2902014,230,89.4
29,2902014,ESSF_PLI,M,unmanaged,2902014,240,89.04
29,2902014,ESSF_PLI,M,unmanaged,2902014,250,88.79
29,2902014,ESSF_PLI,M,unmanaged,2902014,260,88.57
29,2902014,ESSF_PLI,M,unmanaged,2902014,270,88.36
29,2902014,ESSF_PLI,M,unmanaged,2902014,280,88.16
29,2902014,ESSF_PLI,M,unmanaged,2902014,290,87.9
29,2902014,ESSF_PLI,M,unmanaged,2902014,299,88.08
29,2902014,ESSF_PLI,M,managed,2922014,0,0.0
29,2902014,ESSF_PLI,M,managed,2922014,10,0.0
29,2902014,ESSF_PLI,M,managed,2922014,20,0.0
29,2902014,ESSF_PLI,M,managed,2922014,30,0.0
29,2902014,ESSF_PLI,M,managed,2922014,40,0.0
29,2902014,ESSF_PLI,M,managed,2922014,50,0.1
29,2902014,ESSF_PLI,M,managed,2922014,60,2.6
29,2902014,ESSF_PLI,M,managed,2922014,70,9.6
29,2902014,ESSF_PLI,M,managed,2922014,80,17.4
29,2902014,ESSF_PLI,M,managed,2922014,90,27.1
29,2902014,ESSF_PLI,M,managed,2922014,100,35.5
29,2902014,ESSF_PLI,M,managed,2922014,110,44.1
29,2902014,ESSF_PLI,M,managed,2922014,120,51.2
29,2902014,ESSF_PLI,M,managed,2922014,130,57.3
29,2902014,ESSF_PLI,M,managed,2922014,140,63.2
29,2902014,ESSF_PLI,M,managed,2922014,150,68.3
29,2902014,ESSF_PLI,M,managed,2922014,160,72.4
29,2902014,ESSF_PLI,M,managed,2922014,170,75.8
29,2902014,ESSF_PLI,M,managed,2922014,180,78.6
29,2902014,ESSF_PLI,M,managed,2922014,190,81.0
29,2902014,ESSF_PLI,M,managed,2922014,200,83.2
29,2902014,ESSF_PLI,M,managed,2922014,210,84.9
29,2902014,ESSF_PLI,M,managed,2922014,220,86.3
29,2902014,ESSF_PLI,M,managed,2922014,230,87.4
29,2902014,ESSF_PLI,M,managed,2922014,240,88.2
29,2902014,ESSF_PLI,M,managed,2922014,250,88.8
29,2902014,ESSF_PLI,M,managed,2922014,260,89.2
29,2902014,ESSF_PLI,M,managed,2922014,270,89.5
29,2902014,ESSF_PLI,M,managed,2922014,280,89.7
29,2902014,ESSF_PLI,M,managed,2922014,290,89.7
29,2902014,ESSF_PLI,M,managed,2922014,300,89.6
29,2902014,ESSF_PLI,M,managed,2922014,310,89.5
29,2902014,ESSF_PLI,M,managed,2922014,320,89.3
29,2902014,ESSF_PLI,M,managed,2922014,330,89.0
29,2902014,ESSF_PLI,M,managed,2922014,340,88.7
29,2902014,ESSF_PLI,M,managed,2922014,350,88.4
29,2902015,ICH_SX,M,unmanaged,2902015,1,0.0
29,2902015,ICH_SX,M,unmanaged,2902015,10,0.17
29,2902015,ICH_SX,M,unmanaged,2902015,20,3.48
29,2902015,ICH_SX,M,unmanaged,2902015,30,15.99
29,2902015,ICH_SX,M,unmanaged,2902015,40,41.4
29,2902015,ICH_SX,M,unmanaged,2902015,50,78.81
29,2902015,ICH_SX,M,unmanaged,2902015,60,120.34
29,2902015,ICH_SX,M,unmanaged,2902015,70,169.9
29,2902015,ICH_SX,M,unmanaged,2902015,80,213.21
29,2902015,ICH_SX,M,unmanaged,2902015,90,252.12
29,2902015,ICH_SX,M,unmanaged,2902015,100,284.94
29,2902015,ICH_SX,M,unmanaged,2902015,110,311.11
29,2902015,ICH_SX,M,unmanaged,2902015,120,331.09
29,2902015,ICH_SX,M,unmanaged,2902015,130,346.07
29,2902015,ICH_SX,M,unmanaged,2902015,140,357.45
29,2902015,ICH_SX,M,unmanaged,2902015,150,365.98
29,2902015,ICH_SX,M,unmanaged,2902015,160,371.66
29,2902015,ICH_SX,M,unmanaged,2902015,170,374.63
29,2902015,ICH_SX,M,unmanaged,2902015,180,375.66
29,2902015,ICH_SX,M,unmanaged,2902015,190,375.65
29,2902015,ICH_SX,M,unmanaged,2902015,200,375.12
29,2902015,ICH_SX,M,unmanaged,2902015,210,374.12
29,2902015,ICH_SX,M,unmanaged,2902015,220,372.66
29,2902015,ICH_SX,M,unmanaged,2902015,230,370.91
29,2902015,ICH_SX,M,unmanaged,2902015,240,369.19
29,2902015,ICH_SX,M,unmanaged,2902015,250,367.65
29,2902015,ICH_SX,M,unmanaged,2902015,260,366.08
29,2902015,ICH_SX,M,unmanaged,2902015,270,364.22
29,2902015,ICH_SX,M,unmanaged,2902015,280,362.02
29,2902015,ICH_SX,M,unmanaged,2902015,290,359.7
29,2902015,ICH_SX,M,unmanaged,2902015,299,358.01
29,2902015,ICH_SX,M,managed,2922015,0,0.0
29,2902015,ICH_SX,M,managed,2922015,10,0.0
29,2902015,ICH_SX,M,managed,2922015,20,0.0
29,2902015,ICH_SX,M,managed,2922015,30,0.0
29,2902015,ICH_SX,M,managed,2922015,40,6.7
29,2902015,ICH_SX,M,managed,2922015,50,42.8
29,2902015,ICH_SX,M,managed,2922015,60,95.0
29,2902015,ICH_SX,M,managed,2922015,70,149.5
29,2902015,ICH_SX,M,managed,2922015,80,199.9
29,2902015,ICH_SX,M,managed,2922015,90,244.2
29,2902015,ICH_SX,M,managed,2922015,100,282.5
29,2902015,ICH_SX,M,managed,2922015,110,314.7
29,2902015,ICH_SX,M,managed,2922015,120,342.4
29,2902015,ICH_SX,M,managed,2922015,130,366.1
29,2902015,ICH_SX,M,managed,2922015,140,386.5
29,2902015,ICH_SX,M,managed,2922015,150,403.6
29,2902015,ICH_SX,M,managed,2922015,160,418.2
29,2902015,ICH_SX,M,managed,2922015,170,430.8
29,2902015,ICH_SX,M,managed,2922015,180,442.2
29,2902015,ICH_SX,M,managed,2922015,190,451.8
29,2902015,ICH_SX,M,managed,2922015,200,459.7
29,2902015,ICH_SX,M,managed,2922015,210,466.3
29,2902015,ICH_SX,M,managed,2922015,220,472.0
29,2902015,ICH_SX,M,managed,2922015,230,476.8
29,2902015,ICH_SX,M,managed,2922015,240,481.0
29,2902015,ICH_SX,M,managed,2922015,250,484.5
29,2902015,ICH_SX,M,managed,2922015,260,487.4
29,2902015,ICH_SX,M,managed,2922015,270,489.6
29,2902015,ICH_SX,M,managed,2922015,280,491.4
29,2902015,ICH_SX,M,managed,2922015,290,492.8
29,2902015,ICH_SX,M,managed,2922015,300,493.8
29,2902015,ICH_SX,M,managed,2922015,310,494.7
29,2902015,ICH_SX,M,managed,2922015,320,495.3
29,2902015,ICH_SX,M,managed,2922015,330,495.6
29,2902015,ICH_SX,M,managed,2922015,340,495.7
29,2902015,ICH_SX,M,managed,2922015,350,495.6
29,2902016,ICH_CW,M,unmanaged,2902016,1,0.0
29,2902016,ICH_CW,M,unmanaged,2902016,10,0.0
29,2902016,ICH_CW,M,unmanaged,2902016,20,0.01
29,2902016,ICH_CW,M,unmanaged,2902016,30,0.38
29,2902016,ICH_CW,M,unmanaged,2902016,40,3.64
29,2902016,ICH_CW,M,unmanaged,2902016,50,16.0
29,2902016,ICH_CW,M,unmanaged,2902016,60,43.49
29,2902016,ICH_CW,M,unmanaged,2902016,70,87.99
29,2902016,ICH_CW,M,unmanaged,2902016,80,135.6
29,2902016,ICH_CW,M,unmanaged,2902016,90,166.69
29,2902016,ICH_CW,M,unmanaged,2902016,100,197.7
29,2902016,ICH_CW,M,unmanaged,2902016,110,222.6
29,2902016,ICH_CW,M,unmanaged,2902016,120,241.9
29,2902016,ICH_CW,M,unmanaged,2902016,130,256.64
29,2902016,ICH_CW,M,unmanaged,2902016,140,267.51
29,2902016,ICH_CW,M,unmanaged,2902016,150,275.15
29,2902016,ICH_CW,M,unmanaged,2902016,160,280.5
29,2902016,ICH_CW,M,unmanaged,2902016,170,284.34
29,2902016,ICH_CW,M,unmanaged,2902016,180,286.89
29,2902016,ICH_CW,M,unmanaged,2902016,190,287.99
29,2902016,ICH_CW,M,unmanaged,2902016,200,287.85
29,2902016,ICH_CW,M,unmanaged,2902016,210,287.25
29,2902016,ICH_CW,M,unmanaged,2902016,220,287.05
29,2902016,ICH_CW,M,unmanaged,2902016,230,287.45
29,2902016,ICH_CW,M,unmanaged,2902016,240,287.93
29,2902016,ICH_CW,M,unmanaged,2902016,250,287.91
29,2902016,ICH_CW,M,unmanaged,2902016,260,287.32
29,2902016,ICH_CW,M,unmanaged,2902016,270,286.38
29,2902016,ICH_CW,M,unmanaged,2902016,280,285.14
29,2902016,ICH_CW,M,unmanaged,2902016,290,284.0
29,2902016,ICH_CW,M,unmanaged,2902016,299,282.58
29,2902016,ICH_CW,M,managed,2922016,0,0.0
29,2902016,ICH_CW,M,managed,2922016,10,0.0
29,2902016,ICH_CW,M,managed,2922016,20,0.0
29,2902016,ICH_CW,M,managed,2922016,30,0.0
29,2902016,ICH_CW,M,managed,2922016,40,0.0
29,2902016,ICH_CW,M,managed,2922016,50,1.9
29,2902016,ICH_CW,M,managed,2922016,60,24.2
29,2902016,ICH_CW,M,managed,2922016,70,68.7
29,2902016,ICH_CW,M,managed,2922016,80,112.6
29,2902016,ICH_CW,M,managed,2922016,90,153.7
29,2902016,ICH_CW,M,managed,2922016,100,190.0
29,2902016,ICH_CW,M,managed,2922016,110,224.5
29,2902016,ICH_CW,M,managed,2922016,120,256.0
29,2902016,ICH_CW,M,managed,2922016,130,283.7
29,2902016,ICH_CW,M,managed,2922016,140,309.5
29,2902016,ICH_CW,M,managed,2922016,150,334.5
29,2902016,ICH_CW,M,managed,2922016,160,356.7
29,2902016,ICH_CW,M,managed,2922016,170,376.9
29,2902016,ICH_CW,M,managed,2922016,180,394.9
29,2902016,ICH_CW,M,managed,2922016,190,410.9
29,2902016,ICH_CW,M,managed,2922016,200,425.3
29,2902016,ICH_CW,M,managed,2922016,210,438.1
29,2902016,ICH_CW,M,managed,2922016,220,449.5
29,2902016,ICH_CW,M,managed,2922016,230,460.3
29,2902016,ICH_CW,M,managed,2922016,240,470.9
29,2902016,ICH_CW,M,managed,2922016,250,480.3
29,2902016,ICH_CW,M,managed,2922016,260,488.7
29,2902016,ICH_CW,M,managed,2922016,270,496.2
29,2902016,ICH_CW,M,managed,2922016,280,502.8
29,2902016,ICH_CW,M,managed,2922016,290,509.0
29,2902016,ICH_CW,M,managed,2922016,300,514.5
29,2902016,ICH_CW,M,managed,2922016,310,519.4
29,2902016,ICH_CW,M,managed,2922016,320,523.6
29,2902016,ICH_CW,M,managed,2922016,330,527.4
29,2902016,ICH_CW,M,managed,2922016,340,530.6
29,2902016,ICH_CW,M,managed,2922016,350,533.4
29,2902017,SBS_SX,M,unmanaged,2902017,1,0.02
29,2902017,SBS_SX,M,unmanaged,2902017,10,2.28
29,2902017,SBS_SX,M,unmanaged,2902017,20,9.63
29,2902017,SBS_SX,M,unmanaged,2902017,30,22.19
29,2902017,SBS_SX,M,unmanaged,2902017,40,39.92
29,2902017,SBS_SX,M,unmanaged,2902017,50,62.7
29,2902017,SBS_SX,M,unmanaged,2902017,60,94.35
29,2902017,SBS_SX,M,unmanaged,2902017,70,120.65
29,2902017,SBS_SX,M,unmanaged,2902017,80,159.3
29,2902017,SBS_SX,M,unmanaged,2902017,90,191.79
29,2902017,SBS_SX,M,unmanaged,2902017,100,217.8
29,2902017,SBS_SX,M,unmanaged,2902017,110,236.84
29,2902017,SBS_SX,M,unmanaged,2902017,120,249.8
29,2902017,SBS_SX,M,unmanaged,2902017,130,258.35
29,2902017,SBS_SX,M,unmanaged,2902017,140,264.12
29,2902017,SBS_SX,M,unmanaged,2902017,150,268.16
29,2902017,SBS_SX,M,unmanaged,2902017,160,270.92
29,2902017,SBS_SX,M,unmanaged,2902017,170,272.26
29,2902017,SBS_SX,M,unmanaged,2902017,180,271.78
29,2902017,SBS_SX,M,unmanaged,2902017,190,269.2
29,2902017,SBS_SX,M,unmanaged,2902017,200,264.7
29,2902017,SBS_SX,M,unmanaged,2902017,210,258.94
29,2902017,SBS_SX,M,unmanaged,2902017,220,252.72
29,2902017,SBS_SX,M,unmanaged,2902017,230,246.6
29,2902017,SBS_SX,M,unmanaged,2902017,240,240.9
29,2902017,SBS_SX,M,unmanaged,2902017,250,235.92
29,2902017,SBS_SX,M,unmanaged,2902017,260,231.85
29,2902017,SBS_SX,M,unmanaged,2902017,270,228.49
29,2902017,SBS_SX,M,unmanaged,2902017,280,225.41
29,2902017,SBS_SX,M,unmanaged,2902017,290,222.5
29,2902017,SBS_SX,M,unmanaged,2902017,299,219.3
29,2902017,SBS_SX,M,managed,2922017,0,0.0
29,2902017,SBS_SX,M,managed,2922017,10,0.0
29,2902017,SBS_SX,M,managed,2922017,20,0.0
29,2902017,SBS_SX,M,managed,2922017,30,0.7
29,2902017,SBS_SX,M,managed,2922017,40,16.2
29,2902017,SBS_SX,M,managed,2922017,50,60.1
29,2902017,SBS_SX,M,managed,2922017,60,114.2
29,2902017,SBS_SX,M,managed,2922017,70,167.4
29,2902017,SBS_SX,M,managed,2922017,80,214.3
29,2902017,SBS_SX,M,managed,2922017,90,254.4
29,2902017,SBS_SX,M,managed,2922017,100,287.5
29,2902017,SBS_SX,M,managed,2922017,110,314.8
29,2902017,SBS_SX,M,managed,2922017,120,336.9
29,2902017,SBS_SX,M,managed,2922017,130,355.4
29,2902017,SBS_SX,M,managed,2922017,140,370.8
29,2902017,SBS_SX,M,managed,2922017,150,383.4
29,2902017,SBS_SX,M,managed,2922017,160,394.0
29,2902017,SBS_SX,M,managed,2922017,170,402.5
29,2902017,SBS_SX,M,managed,2922017,180,409.6
29,2902017,SBS_SX,M,managed,2922017,190,415.5
29,2902017,SBS_SX,M,managed,2922017,200,420.4
29,2902017,SBS_SX,M,managed,2922017,210,424.4
29,2902017,SBS_SX,M,managed,2922017,220,427.6
29,2902017,SBS_SX,M,managed,2922017,230,430.2
29,2902017,SBS_SX,M,managed,2922017,240,432.2
29,2902017,SBS_SX,M,managed,2922017,250,433.6
29,2902017,SBS_SX,M,managed,2922017,260,434.7
29,2902017,SBS_SX,M,managed,2922017,270,435.3
29,2902017,SBS_SX,M,managed,2922017,280,435.6
29,2902017,SBS_SX,M,managed,2922017,290,435.7
29,2902017,SBS_SX,M,managed,2922017,300,435.5
29,2902017,SBS_SX,M,managed,2922017,310,435.0
29,2902017,SBS_SX,M,managed,2922017,320,434.4
29,2902017,SBS_SX,M,managed,2922017,330,433.6
29,2902017,SBS_SX,M,managed,2922017,340,432.7
29,2902017,SBS_SX,M,managed,2922017,350,431.6
29,2903000,SBPS_PLI,H,unmanaged,2903000,1,0.0
29,2903000,SBPS_PLI,H,unmanaged,2903000,10,0.17
29,2903000,SBPS_PLI,H,unmanaged,2903000,20,1.83
29,2903000,SBPS_PLI,H,unmanaged,2903000,30,6.29
29,2903000,SBPS_PLI,H,unmanaged,2903000,40,13.95
29,2903000,SBPS_PLI,H,unmanaged,2903000,50,24.43
29,2903000,SBPS_PLI,H,unmanaged,2903000,60,34.58
29,2903000,SBPS_PLI,H,unmanaged,2903000,70,49.85
29,2903000,SBPS_PLI,H,unmanaged,2903000,80,63.88
29,2903000,SBPS_PLI,H,unmanaged,2903000,90,76.94
29,2903000,SBPS_PLI,H,unmanaged,2903000,100,89.59
29,2903000,SBPS_PLI,H,unmanaged,2903000,110,101.79
29,2903000,SBPS_PLI,H,unmanaged,2903000,120,113.03
29,2903000,SBPS_PLI,H,unmanaged,2903000,130,122.62
29,2903000,SBPS_PLI,H,unmanaged,2903000,140,130.29
29,2903000,SBPS_PLI,H,unmanaged,2903000,150,136.11
29,2903000,SBPS_PLI,H,unmanaged,2903000,160,140.12
29,2903000,SBPS_PLI,H,unmanaged,2903000,170,142.32
29,2903000,SBPS_PLI,H,unmanaged,2903000,180,142.94
29,2903000,SBPS_PLI,H,unmanaged,2903000,190,142.5
29,2903000,SBPS_PLI,H,unmanaged,2903000,200,141.61
29,2903000,SBPS_PLI,H,unmanaged,2903000,210,140.68
29,2903000,SBPS_PLI,H,unmanaged,2903000,220,139.86
29,2903000,SBPS_PLI,H,unmanaged,2903000,230,139.14
29,2903000,SBPS_PLI,H,unmanaged,2903000,240,138.5
29,2903000,SBPS_PLI,H,unmanaged,2903000,250,137.87
29,2903000,SBPS_PLI,H,unmanaged,2903000,260,137.24
29,2903000,SBPS_PLI,H,unmanaged,2903000,270,136.6
29,2903000,SBPS_PLI,H,unmanaged,2903000,280,135.94
29,2903000,SBPS_PLI,H,unmanaged,2903000,290,135.3
29,2903000,SBPS_PLI,H,unmanaged,2903000,299,134.62
29,2903000,SBPS_PLI,H,managed,2923000,0,0.0
29,2903000,SBPS_PLI,H,managed,2923000,10,0.0
29,2903000,SBPS_PLI,H,managed,2923000,20,0.0
29,2903000,SBPS_PLI,H,managed,2923000,30,0.0
29,2903000,SBPS_PLI,H,managed,2923000,40,0.1
29,2903000,SBPS_PLI,H,managed,2923000,50,2.2
29,2903000,SBPS_PLI,H,managed,2923000,60,9.9
29,2903000,SBPS_PLI,H,managed,2923000,70,22.2
29,2903000,SBPS_PLI,H,managed,2923000,80,37.5
29,2903000,SBPS_PLI,H,managed,2923000,90,52.5
29,2903000,SBPS_PLI,H,managed,2923000,100,67.0
29,2903000,SBPS_PLI,H,managed,2923000,110,80.0
29,2903000,SBPS_PLI,H,managed,2923000,120,91.8
29,2903000,SBPS_PLI,H,managed,2923000,130,101.9
29,2903000,SBPS_PLI,H,managed,2923000,140,106.7
29,2903000,SBPS_PLI,H,managed,2923000,150,110.0
29,2903000,SBPS_PLI,H,managed,2923000,160,114.5
29,2903000,SBPS_PLI,H,managed,2923000,170,119.3
29,2903000,SBPS_PLI,H,managed,2923000,180,123.3
29,2903000,SBPS_PLI,H,managed,2923000,190,126.5
29,2903000,SBPS_PLI,H,managed,2923000,200,129.0
29,2903000,SBPS_PLI,H,managed,2923000,210,131.1
29,2903000,SBPS_PLI,H,managed,2923000,220,132.7
29,2903000,SBPS_PLI,H,managed,2923000,230,134.0
29,2903000,SBPS_PLI,H,managed,2923000,240,134.9
29,2903000,SBPS_PLI,H,managed,2923000,250,135.5
29,2903000,SBPS_PLI,H,managed,2923000,260,135.9
29,2903000,SBPS_PLI,H,managed,2923000,270,136.1
29,2903000,SBPS_PLI,H,managed,2923000,280,136.2
29,2903000,SBPS_PLI,H,managed,2923000,290,136.1
29,2903000,SBPS_PLI,H,managed,2923000,300,135.9
29,2903000,SBPS_PLI,H,managed,2923000,310,135.6
29,2903000,SBPS_PLI,H,managed,2923000,320,135.2
29,2903000,SBPS_PLI,H,managed,2923000,330,134.7
29,2903000,SBPS_PLI,H,managed,2923000,340,134.2
29,2903000,SBPS_PLI,H,managed,2923000,350,133.7
29,2903001,MS_PLI,H,unmanaged,2903001,1,0.0
29,2903001,MS_PLI,H,unmanaged,2903001,10,0.0
29,2903001,MS_PLI,H,unmanaged,2903001,20,0.0
29,2903001,MS_PLI,H,unmanaged,2903001,30,0.1
29,2903001,MS_PLI,H,unmanaged,2903001,40,0.88
29,2903001,MS_PLI,H,unmanaged,2903001,50,3.88
29,2903001,MS_PLI,H,unmanaged,2903001,60,12.2
29,2903001,MS_PLI,H,unmanaged,2903001,70,23.1
29,2903001,MS_PLI,H,unmanaged,2903001,80,41.34
29,2903001,MS_PLI,H,unmanaged,2903001,90,57.72
29,2903001,MS_PLI,H,unmanaged,2903001,100,72.81
29,2903001,MS_PLI,H,unmanaged,2903001,110,86.44
29,2903001,MS_PLI,H,unmanaged,2903001,120,98.66
29,2903001,MS_PLI,H,unmanaged,2903001,130,109.56
29,2903001,MS_PLI,H,unmanaged,2903001,140,118.96
29,2903001,MS_PLI,H,unmanaged,2903001,150,126.65
29,2903001,MS_PLI,H,unmanaged,2903001,160,132.6
29,2903001,MS_PLI,H,unmanaged,2903001,170,137.01
29,2903001,MS_PLI,H,unmanaged,2903001,180,140.16
29,2903001,MS_PLI,H,unmanaged,2903001,190,142.28
29,2903001,MS_PLI,H,unmanaged,2903001,200,143.56
29,2903001,MS_PLI,H,unmanaged,2903001,210,144.16
29,2903001,MS_PLI,H,unmanaged,2903001,220,144.29
29,2903001,MS_PLI,H,unmanaged,2903001,230,144.2
29,2903001,MS_PLI,H,unmanaged,2903001,240,144.07
29,2903001,MS_PLI,H,unmanaged,2903001,250,143.95
29,2903001,MS_PLI,H,unmanaged,2903001,260,143.79
29,2903001,MS_PLI,H,unmanaged,2903001,270,143.51
29,2903001,MS_PLI,H,unmanaged,2903001,280,143.11
29,2903001,MS_PLI,H,unmanaged,2903001,290,142.7
29,2903001,MS_PLI,H,unmanaged,2903001,299,142.13
29,2903001,MS_PLI,H,managed,2923001,0,0.0
29,2903001,MS_PLI,H,managed,2923001,10,0.0
29,2903001,MS_PLI,H,managed,2923001,20,0.0
29,2903001,MS_PLI,H,managed,2923001,30,0.0
29,2903001,MS_PLI,H,managed,2923001,40,0.0
29,2903001,MS_PLI,H,managed,2923001,50,0.1
29,2903001,MS_PLI,H,managed,2923001,60,2.3
29,2903001,MS_PLI,H,managed,2923001,70,9.6
29,2903001,MS_PLI,H,managed,2923001,80,20.5
29,2903001,MS_PLI,H,managed,2923001,90,34.0
29,2903001,MS_PLI,H,managed,2923001,100,47.3
29,2903001,MS_PLI,H,managed,2923001,110,60.5
29,2903001,MS_PLI,H,managed,2923001,120,72.6
29,2903001,MS_PLI,H,managed,2923001,130,83.4
29,2903001,MS_PLI,H,managed,2923001,140,91.9
29,2903001,MS_PLI,H,managed,2923001,150,99.6
29,2903001,MS_PLI,H,managed,2923001,160,106.8
29,2903001,MS_PLI,H,managed,2923001,170,113.2
29,2903001,MS_PLI,H,managed,2923001,180,118.7
29,2903001,MS_PLI,H,managed,2923001,190,123.3
29,2903001,MS_PLI,H,managed,2923001,200,127.2
29,2903001,MS_PLI,H,managed,2923001,210,130.5
29,2903001,MS_PLI,H,managed,2923001,220,133.5
29,2903001,MS_PLI,H,managed,2923001,230,136.0
29,2903001,MS_PLI,H,managed,2923001,240,138.1
29,2903001,MS_PLI,H,managed,2923001,250,139.8
29,2903001,MS_PLI,H,managed,2923001,260,141.3
29,2903001,MS_PLI,H,managed,2923001,270,142.4
29,2903001,MS_PLI,H,managed,2923001,280,143.3
29,2903001,MS_PLI,H,managed,2923001,290,144.0
29,2903001,MS_PLI,H,managed,2923001,300,144.5
29,2903001,MS_PLI,H,managed,2923001,310,144.9
29,2903001,MS_PLI,H,managed,2923001,320,145.1
29,2903001,MS_PLI,H,managed,2923001,330,145.3
29,2903001,MS_PLI,H,managed,2923001,340,145.3
29,2903001,MS_PLI,H,managed,2923001,350,145.2
29,2903002,IDF_FD,H,unmanaged,2903002,1,0.0
29,2903002,IDF_FD,H,unmanaged,2903002,10,0.02
29,2903002,IDF_FD,H,unmanaged,2903002,20,0.73
29,2903002,IDF_FD,H,unmanaged,2903002,30,5.07
29,2903002,IDF_FD,H,unmanaged,2903002,40,16.62
29,2903002,IDF_FD,H,unmanaged,2903002,50,36.52
29,2903002,IDF_FD,H,unmanaged,2903002,60,63.53
29,2903002,IDF_FD,H,unmanaged,2903002,70,90.5
29,2903002,IDF_FD,H,unmanaged,2903002,80,114.47
29,2903002,IDF_FD,H,unmanaged,2903002,90,136.78
29,2903002,IDF_FD,H,unmanaged,2903002,100,155.8
29,2903002,IDF_FD,H,unmanaged,2903002,110,171.51
29,2903002,IDF_FD,H,unmanaged,2903002,120,184.31
29,2903002,IDF_FD,H,unmanaged,2903002,130,194.6
29,2903002,IDF_FD,H,unmanaged,2903002,140,202.67
29,2903002,IDF_FD,H,unmanaged,2903002,150,208.77
29,2903002,IDF_FD,H,unmanaged,2903002,160,213.26
29,2903002,IDF_FD,H,unmanaged,2903002,170,216.52
29,2903002,IDF_FD,H,unmanaged,2903002,180,218.86
29,2903002,IDF_FD,H,unmanaged,2903002,190,220.47
29,2903002,IDF_FD,H,unmanaged,2903002,200,221.36
29,2903002,IDF_FD,H,unmanaged,2903002,210,221.49
29,2903002,IDF_FD,H,unmanaged,2903002,220,220.95
29,2903002,IDF_FD,H,unmanaged,2903002,230,220.0
29,2903002,IDF_FD,H,unmanaged,2903002,240,218.94
29,2903002,IDF_FD,H,unmanaged,2903002,250,217.96
29,2903002,IDF_FD,H,unmanaged,2903002,260,217.07
29,2903002,IDF_FD,H,unmanaged,2903002,270,216.22
29,2903002,IDF_FD,H,unmanaged,2903002,280,215.35
29,2903002,IDF_FD,H,unmanaged,2903002,290,214.55
29,2903002,IDF_FD,H,unmanaged,2903002,299,213.53
29,2903002,IDF_FD,H,managed,2923002,0,0.0
29,2903002,IDF_FD,H,managed,2923002,10,0.0
29,2903002,IDF_FD,H,managed,2923002,20,0.0
29,2903002,IDF_FD,H,managed,2923002,30,0.0
29,2903002,IDF_FD,H,managed,2923002,40,6.2
29,2903002,IDF_FD,H,managed,2923002,50,24.4
29,2903002,IDF_FD,H,managed,2923002,60,50.6
29,2903002,IDF_FD,H,managed,2923002,70,79.0
29,2903002,IDF_FD,H,managed,2923002,80,107.5
29,2903002,IDF_FD,H,managed,2923002,90,133.7
29,2903002,IDF_FD,H,managed,2923002,100,157.4
29,2903002,IDF_FD,H,managed,2923002,110,178.3
29,2903002,IDF_FD,H,managed,2923002,120,196.3
29,2903002,IDF_FD,H,managed,2923002,130,211.8
29,2903002,IDF_FD,H,managed,2923002,140,223.0
29,2903002,IDF_FD,H,managed,2923002,150,232.4
29,2903002,IDF_FD,H,managed,2923002,160,241.6
29,2903002,IDF_FD,H,managed,2923002,170,249.7
29,2903002,IDF_FD,H,managed,2923002,180,257.0
29,2903002,IDF_FD,H,managed,2923002,190,263.2
29,2903002,IDF_FD,H,managed,2923002,200,268.4
29,2903002,IDF_FD,H,managed,2923002,210,273.1
29,2903002,IDF_FD,H,managed,2923002,220,277.2
29,2903002,IDF_FD,H,managed,2923002,230,280.7
29,2903002,IDF_FD,H,managed,2923002,240,283.7
29,2903002,IDF_FD,H,managed,2923002,250,286.1
29,2903002,IDF_FD,H,managed,2923002,260,288.4
29,2903002,IDF_FD,H,managed,2923002,270,290.2
29,2903002,IDF_FD,H,managed,2923002,280,291.8
29,2903002,IDF_FD,H,managed,2923002,290,293.1
29,2903002,IDF_FD,H,managed,2923002,300,294.1
29,2903002,IDF_FD,H,managed,2923002,310,294.9
29,2903002,IDF_FD,H,managed,2923002,320,295.5
29,2903002,IDF_FD,H,managed,2923002,330,296.0
29,2903002,IDF_FD,H,managed,2923002,340,296.4
29,2903002,IDF_FD,H,managed,2923002,350,296.6
29,2903003,IDF_FDI,H,unmanaged,2903003,1,0.0
29,2903003,IDF_FDI,H,unmanaged,2903003,10,0.44
29,2903003,IDF_FDI,H,unmanaged,2903003,20,3.24
29,2903003,IDF_FDI,H,unmanaged,2903003,30,9.96
29,2903003,IDF_FDI,H,unmanaged,2903003,40,21.34
29,2903003,IDF_FDI,H,unmanaged,2903003,50,37.51
29,2903003,IDF_FDI,H,unmanaged,2903003,60,59.0
29,2903003,IDF_FDI,H,unmanaged,2903003,70,82.1
29,2903003,IDF_FDI,H,unmanaged,2903003,80,110.19
29,2903003,IDF_FDI,H,unmanaged,2903003,90,136.13
29,2903003,IDF_FDI,H,unmanaged,2903003,100,159.57
29,2903003,IDF_FDI,H,unmanaged,2903003,110,179.78
29,2903003,IDF_FDI,H,unmanaged,2903003,120,196.82
29,2903003,IDF_FDI,H,unmanaged,2903003,130,211.19
29,2903003,IDF_FDI,H,unmanaged,2903003,140,223.08
29,2903003,IDF_FDI,H,unmanaged,2903003,150,232.23
29,2903003,IDF_FDI,H,unmanaged,2903003,160,238.48
29,2903003,IDF_FDI,H,unmanaged,2903003,170,242.05
29,2903003,IDF_FDI,H,unmanaged,2903003,180,243.4
29,2903003,IDF_FDI,H,unmanaged,2903003,190,242.99
29,2903003,IDF_FDI,H,unmanaged,2903003,200,241.32
29,2903003,IDF_FDI,H,unmanaged,2903003,210,238.96
29,2903003,IDF_FDI,H,unmanaged,2903003,220,236.53
29,2903003,IDF_FDI,H,unmanaged,2903003,230,234.54
29,2903003,IDF_FDI,H,unmanaged,2903003,240,233.24
29,2903003,IDF_FDI,H,unmanaged,2903003,250,232.52
29,2903003,IDF_FDI,H,unmanaged,2903003,260,232.08
29,2903003,IDF_FDI,H,unmanaged,2903003,270,231.65
29,2903003,IDF_FDI,H,unmanaged,2903003,280,231.07
29,2903003,IDF_FDI,H,unmanaged,2903003,290,230.5
29,2903003,IDF_FDI,H,unmanaged,2903003,299,229.24
29,2903003,IDF_FDI,H,managed,2923003,0,0.0
29,2903003,IDF_FDI,H,managed,2923003,10,0.0
29,2903003,IDF_FDI,H,managed,2923003,20,0.0
29,2903003,IDF_FDI,H,managed,2923003,30,0.0
29,2903003,IDF_FDI,H,managed,2923003,40,6.1
29,2903003,IDF_FDI,H,managed,2923003,50,25.1
29,2903003,IDF_FDI,H,managed,2923003,60,52.6
29,2903003,IDF_FDI,H,managed,2923003,70,82.6
29,2903003,IDF_FDI,H,managed,2923003,80,112.7
29,2903003,IDF_FDI,H,managed,2923003,90,140.6
29,2903003,IDF_FDI,H,managed,2923003,100,165.8
29,2903003,IDF_FDI,H,managed,2923003,110,188.0
29,2903003,IDF_FDI,H,managed,2923003,120,207.2
29,2903003,IDF_FDI,H,managed,2923003,130,223.7
29,2903003,IDF_FDI,H,managed,2923003,140,235.7
29,2903003,IDF_FDI,H,managed,2923003,150,245.8
29,2903003,IDF_FDI,H,managed,2923003,160,255.6
29,2903003,IDF_FDI,H,managed,2923003,170,264.4
29,2903003,IDF_FDI,H,managed,2923003,180,272.1
29,2903003,IDF_FDI,H,managed,2923003,190,278.8
29,2903003,IDF_FDI,H,managed,2923003,200,284.4
29,2903003,IDF_FDI,H,managed,2923003,210,289.3
29,2903003,IDF_FDI,H,managed,2923003,220,293.7
29,2903003,IDF_FDI,H,managed,2923003,230,297.5
29,2903003,IDF_FDI,H,managed,2923003,240,300.7
29,2903003,IDF_FDI,H,managed,2923003,250,303.4
29,2903003,IDF_FDI,H,managed,2923003,260,305.7
29,2903003,IDF_FDI,H,managed,2923003,270,307.7
29,2903003,IDF_FDI,H,managed,2923003,280,309.4
29,2903003,IDF_FDI,H,managed,2923003,290,310.8
29,2903003,IDF_FDI,H,managed,2923003,300,311.9
29,2903003,IDF_FDI,H,managed,2923003,310,312.8
29,2903003,IDF_FDI,H,managed,2923003,320,313.4
29,2903003,IDF_FDI,H,managed,2923003,330,313.9
29,2903003,IDF_FDI,H,managed,2923003,340,314.2
29,2903003,IDF_FDI,H,managed,2923003,350,314.5
29,2903004,MS_PL,H,unmanaged,2903004,1,0.0
29,2903004,MS_PL,H,unmanaged,2903004,10,0.0
29,2903004,MS_PL,H,unmanaged,2903004,20,0.01
29,2903004,MS_PL,H,unmanaged,2903004,30,0.21
29,2903004,MS_PL,H,unmanaged,2903004,40,1.9
29,2903004,MS_PL,H,unmanaged,2903004,50,8.17
29,2903004,MS_PL,H,unmanaged,2903004,60,23.08
29,2903004,MS_PL,H,unmanaged,2903004,70,43.7
29,2903004,MS_PL,H,unmanaged,2903004,80,63.54
29,2903004,MS_PL,H,unmanaged,2903004,90,84.19
29,2903004,MS_PL,H,unmanaged,2903004,100,103.13
29,2903004,MS_PL,H,unmanaged,2903004,110,119.14
29,2903004,MS_PL,H,unmanaged,2903004,120,132.21
29,2903004,MS_PL,H,unmanaged,2903004,130,142.93
29,2903004,MS_PL,H,unmanaged,2903004,140,151.56
29,2903004,MS_PL,H,unmanaged,2903004,150,158.09
29,2903004,MS_PL,H,unmanaged,2903004,160,162.68
29,2903004,MS_PL,H,unmanaged,2903004,170,165.74
29,2903004,MS_PL,H,unmanaged,2903004,180,167.7
29,2903004,MS_PL,H,unmanaged,2903004,190,168.84
29,2903004,MS_PL,H,unmanaged,2903004,200,169.31
29,2903004,MS_PL,H,unmanaged,2903004,210,169.24
29,2903004,MS_PL,H,unmanaged,2903004,220,168.83
29,2903004,MS_PL,H,unmanaged,2903004,230,168.27
29,2903004,MS_PL,H,unmanaged,2903004,240,167.69
29,2903004,MS_PL,H,unmanaged,2903004,250,167.17
29,2903004,MS_PL,H,unmanaged,2903004,260,166.74
29,2903004,MS_PL,H,unmanaged,2903004,270,166.48
29,2903004,MS_PL,H,unmanaged,2903004,280,166.45
29,2903004,MS_PL,H,unmanaged,2903004,290,166.7
29,2903004,MS_PL,H,unmanaged,2903004,299,166.41
29,2903004,MS_PL,H,managed,2923004,0,0.0
29,2903004,MS_PL,H,managed,2923004,10,0.0
29,2903004,MS_PL,H,managed,2923004,20,0.0
29,2903004,MS_PL,H,managed,2923004,30,0.0
29,2903004,MS_PL,H,managed,2923004,40,0.1
29,2903004,MS_PL,H,managed,2923004,50,2.3
29,2903004,MS_PL,H,managed,2923004,60,12.6
29,2903004,MS_PL,H,managed,2923004,70,28.5
29,2903004,MS_PL,H,managed,2923004,80,47.7
29,2903004,MS_PL,H,managed,2923004,90,67.5
29,2903004,MS_PL,H,managed,2923004,100,85.6
29,2903004,MS_PL,H,managed,2923004,110,102.8
29,2903004,MS_PL,H,managed,2923004,120,118.1
29,2903004,MS_PL,H,managed,2923004,130,131.3
29,2903004,MS_PL,H,managed,2923004,140,141.8
29,2903004,MS_PL,H,managed,2923004,150,150.5
29,2903004,MS_PL,H,managed,2923004,160,158.5
29,2903004,MS_PL,H,managed,2923004,170,165.6
29,2903004,MS_PL,H,managed,2923004,180,171.5
29,2903004,MS_PL,H,managed,2923004,190,176.5
29,2903004,MS_PL,H,managed,2923004,200,180.6
29,2903004,MS_PL,H,managed,2923004,210,184.0
29,2903004,MS_PL,H,managed,2923004,220,187.0
29,2903004,MS_PL,H,managed,2923004,230,189.4
29,2903004,MS_PL,H,managed,2923004,240,191.3
29,2903004,MS_PL,H,managed,2923004,250,192.8
29,2903004,MS_PL,H,managed,2923004,260,193.9
29,2903004,MS_PL,H,managed,2923004,270,194.8
29,2903004,MS_PL,H,managed,2923004,280,195.4
29,2903004,MS_PL,H,managed,2923004,290,195.8
29,2903004,MS_PL,H,managed,2923004,300,196.0
29,2903004,MS_PL,H,managed,2923004,310,196.1
29,2903004,MS_PL,H,managed,2923004,320,196.0
29,2903004,MS_PL,H,managed,2923004,330,195.8
29,2903004,MS_PL,H,managed,2923004,340,195.5
29,2903004,MS_PL,H,managed,2923004,350,195.1
29,2903005,SBPS_PL,H,unmanaged,2903005,1,0.0
29,2903005,SBPS_PL,H,unmanaged,2903005,10,0.0
29,2903005,SBPS_PL,H,unmanaged,2903005,20,0.41
29,2903005,SBPS_PL,H,unmanaged,2903005,30,3.75
29,2903005,SBPS_PL,H,unmanaged,2903005,40,14.21
29,2903005,SBPS_PL,H,unmanaged,2903005,50,33.53
29,2903005,SBPS_PL,H,unmanaged,2903005,60,57.68
29,2903005,SBPS_PL,H,unmanaged,2903005,70,85.0
29,2903005,SBPS_PL,H,unmanaged,2903005,80,104.65
29,2903005,SBPS_PL,H,unmanaged,2903005,90,124.08
29,2903005,SBPS_PL,H,unmanaged,2903005,100,141.53
29,2903005,SBPS_PL,H,unmanaged,2903005,110,156.54
29,2903005,SBPS_PL,H,unmanaged,2903005,120,169.13
29,2903005,SBPS_PL,H,unmanaged,2903005,130,179.33
29,2903005,SBPS_PL,H,unmanaged,2903005,140,186.95
29,2903005,SBPS_PL,H,unmanaged,2903005,150,191.72
29,2903005,SBPS_PL,H,unmanaged,2903005,160,193.74
29,2903005,SBPS_PL,H,unmanaged,2903005,170,193.63
29,2903005,SBPS_PL,H,unmanaged,2903005,180,192.37
29,2903005,SBPS_PL,H,unmanaged,2903005,190,190.89
29,2903005,SBPS_PL,H,unmanaged,2903005,200,189.7
29,2903005,SBPS_PL,H,unmanaged,2903005,210,188.87
29,2903005,SBPS_PL,H,unmanaged,2903005,220,188.24
29,2903005,SBPS_PL,H,unmanaged,2903005,230,187.69
29,2903005,SBPS_PL,H,unmanaged,2903005,240,187.11
29,2903005,SBPS_PL,H,unmanaged,2903005,250,186.34
29,2903005,SBPS_PL,H,unmanaged,2903005,260,185.29
29,2903005,SBPS_PL,H,unmanaged,2903005,270,183.9
29,2903005,SBPS_PL,H,unmanaged,2903005,280,182.14
29,2903005,SBPS_PL,H,unmanaged,2903005,290,180.35
29,2903005,SBPS_PL,H,unmanaged,2903005,299,177.67
29,2903005,SBPS_PL,H,managed,2923005,0,0.0
29,2903005,SBPS_PL,H,managed,2923005,10,0.0
29,2903005,SBPS_PL,H,managed,2923005,20,0.0
29,2903005,SBPS_PL,H,managed,2923005,30,0.0
29,2903005,SBPS_PL,H,managed,2923005,40,1.1
29,2903005,SBPS_PL,H,managed,2923005,50,11.2
29,2903005,SBPS_PL,H,managed,2923005,60,31.7
29,2903005,SBPS_PL,H,managed,2923005,70,57.0
29,2903005,SBPS_PL,H,managed,2923005,80,82.8
29,2903005,SBPS_PL,H,managed,2923005,90,107.2
29,2903005,SBPS_PL,H,managed,2923005,100,129.5
29,2903005,SBPS_PL,H,managed,2923005,110,150.0
29,2903005,SBPS_PL,H,managed,2923005,120,167.5
29,2903005,SBPS_PL,H,managed,2923005,130,181.8
29,2903005,SBPS_PL,H,managed,2923005,140,186.7
29,2903005,SBPS_PL,H,managed,2923005,150,189.2
29,2903005,SBPS_PL,H,managed,2923005,160,194.4
29,2903005,SBPS_PL,H,managed,2923005,170,200.4
29,2903005,SBPS_PL,H,managed,2923005,180,205.2
29,2903005,SBPS_PL,H,managed,2923005,190,208.9
29,2903005,SBPS_PL,H,managed,2923005,200,211.9
29,2903005,SBPS_PL,H,managed,2923005,210,214.1
29,2903005,SBPS_PL,H,managed,2923005,220,215.8
29,2903005,SBPS_PL,H,managed,2923005,230,217.0
29,2903005,SBPS_PL,H,managed,2923005,240,217.7
29,2903005,SBPS_PL,H,managed,2923005,250,218.1
29,2903005,SBPS_PL,H,managed,2923005,260,218.2
29,2903005,SBPS_PL,H,managed,2923005,270,218.1
29,2903005,SBPS_PL,H,managed,2923005,280,217.8
29,2903005,SBPS_PL,H,managed,2923005,290,217.3
29,2903005,SBPS_PL,H,managed,2923005,300,216.7
29,2903005,SBPS_PL,H,managed,2923005,310,216.0
29,2903005,SBPS_PL,H,managed,2923005,320,215.2
29,2903005,SBPS_PL,H,managed,2923005,330,214.3
29,2903005,SBPS_PL,H,managed,2923005,340,213.3
29,2903005,SBPS_PL,H,managed,2923005,350,212.3
29,2903006,ESSF_BL,H,unmanaged,2903006,1,0.0
29,2903006,ESSF_BL,H,unmanaged,2903006,10,0.0
29,2903006,ESSF_BL,H,unmanaged,2903006,20,0.0
29,2903006,ESSF_BL,H,unmanaged,2903006,30,0.19
29,2903006,ESSF_BL,H,unmanaged,2903006,40,1.82
29,2903006,ESSF_BL,H,unmanaged,2903006,50,8.16
29,2903006,ESSF_BL,H,unmanaged,2903006,60,21.01
29,2903006,ESSF_BL,H,unmanaged,2903006,70,47.6
29,2903006,ESSF_BL,H,unmanaged,2903006,80,70.58
29,2903006,ESSF_BL,H,unmanaged,2903006,90,93.65
29,2903006,ESSF_BL,H,unmanaged,2903006,100,115.79
29,2903006,ESSF_BL,H,unmanaged,2903006,110,137.89
29,2903006,ESSF_BL,H,unmanaged,2903006,120,160.24
29,2903006,ESSF_BL,H,unmanaged,2903006,130,181.62
29,2903006,ESSF_BL,H,unmanaged,2903006,140,199.74
29,2903006,ESSF_BL,H,unmanaged,2903006,150,213.05
29,2903006,ESSF_BL,H,unmanaged,2903006,160,221.91
29,2903006,ESSF_BL,H,unmanaged,2903006,170,228.0
29,2903006,ESSF_BL,H,unmanaged,2903006,180,232.79
29,2903006,ESSF_BL,H,unmanaged,2903006,190,236.82
29,2903006,ESSF_BL,H,unmanaged,2903006,200,240.01
29,2903006,ESSF_BL,H,unmanaged,2903006,210,242.14
29,2903006,ESSF_BL,H,unmanaged,2903006,220,243.25
29,2903006,ESSF_BL,H,unmanaged,2903006,230,243.71
29,2903006,ESSF_BL,H,unmanaged,2903006,240,244.08
29,2903006,ESSF_BL,H,unmanaged,2903006,250,244.69
29,2903006,ESSF_BL,H,unmanaged,2903006,260,245.48
29,2903006,ESSF_BL,H,unmanaged,2903006,270,246.19
29,2903006,ESSF_BL,H,unmanaged,2903006,280,246.69
29,2903006,ESSF_BL,H,unmanaged,2903006,290,247.0
29,2903006,ESSF_BL,H,unmanaged,2903006,299,248.15
29,2903006,ESSF_BL,H,managed,2923006,0,0.0
29,2903006,ESSF_BL,H,managed,2923006,10,0.0
29,2903006,ESSF_BL,H,managed,2923006,20,0.0
29,2903006,ESSF_BL,H,managed,2923006,30,0.0
29,2903006,ESSF_BL,H,managed,2923006,40,0.0
29,2903006,ESSF_BL,H,managed,2923006,50,0.2
29,2903006,ESSF_BL,H,managed,2923006,60,3.7
29,2903006,ESSF_BL,H,managed,2923006,70,16.1
29,2903006,ESSF_BL,H,managed,2923006,80,39.5
29,2903006,ESSF_BL,H,managed,2923006,90,66.3
29,2903006,ESSF_BL,H,managed,2923006,100,94.9
29,2903006,ESSF_BL,H,managed,2923006,110,122.6
29,2903006,ESSF_BL,H,managed,2923006,120,149.1
29,2903006,ESSF_BL,H,managed,2923006,130,173.3
29,2903006,ESSF_BL,H,managed,2923006,140,195.2
29,2903006,ESSF_BL,H,managed,2923006,150,214.9
29,2903006,ESSF_BL,H,managed,2923006,160,232.5
29,2903006,ESSF_BL,H,managed,2923006,170,248.2
29,2903006,ESSF_BL,H,managed,2923006,180,262.1
29,2903006,ESSF_BL,H,managed,2923006,190,274.4
29,2903006,ESSF_BL,H,managed,2923006,200,285.3
29,2903006,ESSF_BL,H,managed,2923006,210,294.9
29,2903006,ESSF_BL,H,managed,2923006,220,303.3
29,2903006,ESSF_BL,H,managed,2923006,230,310.8
29,2903006,ESSF_BL,H,managed,2923006,240,317.4
29,2903006,ESSF_BL,H,managed,2923006,250,323.3
29,2903006,ESSF_BL,H,managed,2923006,260,328.3
29,2903006,ESSF_BL,H,managed,2923006,270,332.7
29,2903006,ESSF_BL,H,managed,2923006,280,336.4
29,2903006,ESSF_BL,H,managed,2923006,290,339.6
29,2903006,ESSF_BL,H,managed,2923006,300,342.4
29,2903006,ESSF_BL,H,managed,2923006,310,344.7
29,2903006,ESSF_BL,H,managed,2923006,320,346.6
29,2903006,ESSF_BL,H,managed,2923006,330,348.2
29,2903006,ESSF_BL,H,managed,2923006,340,349.5
29,2903006,ESSF_BL,H,managed,2923006,350,350.4
29,2903007,ESSF_PL,H,unmanaged,2903007,1,0.0
29,2903007,ESSF_PL,H,unmanaged,2903007,10,0.0
29,2903007,ESSF_PL,H,unmanaged,2903007,20,0.0
29,2903007,ESSF_PL,H,unmanaged,2903007,30,0.17
29,2903007,ESSF_PL,H,unmanaged,2903007,40,1.66
29,2903007,ESSF_PL,H,unmanaged,2903007,50,7.68
29,2903007,ESSF_PL,H,unmanaged,2903007,60,21.11
29,2903007,ESSF_PL,H,unmanaged,2903007,70,51.0
29,2903007,ESSF_PL,H,unmanaged,2903007,80,71.35
29,2903007,ESSF_PL,H,unmanaged,2903007,90,94.04
29,2903007,ESSF_PL,H,unmanaged,2903007,100,114.54
29,2903007,ESSF_PL,H,unmanaged,2903007,110,132.92
29,2903007,ESSF_PL,H,unmanaged,2903007,120,149.54
29,2903007,ESSF_PL,H,unmanaged,2903007,130,164.71
29,2903007,ESSF_PL,H,unmanaged,2903007,140,178.35
29,2903007,ESSF_PL,H,unmanaged,2903007,150,190.03
29,2903007,ESSF_PL,H,unmanaged,2903007,160,199.31
29,2903007,ESSF_PL,H,unmanaged,2903007,170,206.21
29,2903007,ESSF_PL,H,unmanaged,2903007,180,211.13
29,2903007,ESSF_PL,H,unmanaged,2903007,190,214.55
29,2903007,ESSF_PL,H,unmanaged,2903007,200,216.78
29,2903007,ESSF_PL,H,unmanaged,2903007,210,218.07
29,2903007,ESSF_PL,H,unmanaged,2903007,220,218.75
29,2903007,ESSF_PL,H,unmanaged,2903007,230,219.13
29,2903007,ESSF_PL,H,unmanaged,2903007,240,219.4
29,2903007,ESSF_PL,H,unmanaged,2903007,250,219.6
29,2903007,ESSF_PL,H,unmanaged,2903007,260,219.73
29,2903007,ESSF_PL,H,unmanaged,2903007,270,219.79
29,2903007,ESSF_PL,H,unmanaged,2903007,280,219.76
29,2903007,ESSF_PL,H,unmanaged,2903007,290,219.7
29,2903007,ESSF_PL,H,unmanaged,2903007,299,219.52
29,2903007,ESSF_PL,H,managed,2923007,0,0.0
29,2903007,ESSF_PL,H,managed,2923007,10,0.0
29,2903007,ESSF_PL,H,managed,2923007,20,0.0
29,2903007,ESSF_PL,H,managed,2923007,30,0.0
29,2903007,ESSF_PL,H,managed,2923007,40,0.1
29,2903007,ESSF_PL,H,managed,2923007,50,9.0
29,2903007,ESSF_PL,H,managed,2923007,60,29.9
29,2903007,ESSF_PL,H,managed,2923007,70,56.6
29,2903007,ESSF_PL,H,managed,2923007,80,83.1
29,2903007,ESSF_PL,H,managed,2923007,90,106.6
29,2903007,ESSF_PL,H,managed,2923007,100,129.7
29,2903007,ESSF_PL,H,managed,2923007,110,149.0
29,2903007,ESSF_PL,H,managed,2923007,120,167.3
29,2903007,ESSF_PL,H,managed,2923007,130,182.5
29,2903007,ESSF_PL,H,managed,2923007,140,194.9
29,2903007,ESSF_PL,H,managed,2923007,150,205.0
29,2903007,ESSF_PL,H,managed,2923007,160,214.0
29,2903007,ESSF_PL,H,managed,2923007,170,221.3
29,2903007,ESSF_PL,H,managed,2923007,180,227.1
29,2903007,ESSF_PL,H,managed,2923007,190,231.7
29,2903007,ESSF_PL,H,managed,2923007,200,235.3
29,2903007,ESSF_PL,H,managed,2923007,210,238.1
29,2903007,ESSF_PL,H,managed,2923007,220,240.1
29,2903007,ESSF_PL,H,managed,2923007,230,241.6
29,2903007,ESSF_PL,H,managed,2923007,240,242.5
29,2903007,ESSF_PL,H,managed,2923007,250,243.1
29,2903007,ESSF_PL,H,managed,2923007,260,243.3
29,2903007,ESSF_PL,H,managed,2923007,270,243.3
29,2903007,ESSF_PL,H,managed,2923007,280,243.0
29,2903007,ESSF_PL,H,managed,2923007,290,242.5
29,2903007,ESSF_PL,H,managed,2923007,300,241.9
29,2903007,ESSF_PL,H,managed,2923007,310,241.1
29,2903007,ESSF_PL,H,managed,2923007,320,240.2
29,2903007,ESSF_PL,H,managed,2923007,330,239.2
29,2903007,ESSF_PL,H,managed,2923007,340,238.2
29,2903007,ESSF_PL,H,managed,2923007,350,237.0
29,2903008,IDF_PL,H,unmanaged,2903008,1,0.0
29,2903008,IDF_PL,H,unmanaged,2903008,10,0.41
29,2903008,IDF_PL,H,unmanaged,2903008,20,3.31
29,2903008,IDF_PL,H,unmanaged,2903008,30,10.48
29,2903008,IDF_PL,H,unmanaged,2903008,40,22.73
29,2903008,IDF_PL,H,unmanaged,2903008,50,40.04
29,2903008,IDF_PL,H,unmanaged,2903008,60,60.77
29,2903008,IDF_PL,H,unmanaged,2903008,70,86.4
29,2903008,IDF_PL,H,unmanaged,2903008,80,114.98
29,2903008,IDF_PL,H,unmanaged,2903008,90,141.67
29,2903008,IDF_PL,H,unmanaged,2903008,100,166.51
29,2903008,IDF_PL,H,unmanaged,2903008,110,188.58
29,2903008,IDF_PL,H,unmanaged,2903008,120,207.1
29,2903008,IDF_PL,H,unmanaged,2903008,130,221.77
29,2903008,IDF_PL,H,unmanaged,2903008,140,232.89
29,2903008,IDF_PL,H,unmanaged,2903008,150,241.13
29,2903008,IDF_PL,H,unmanaged,2903008,160,247.13
29,2903008,IDF_PL,H,unmanaged,2903008,170,251.21
29,2903008,IDF_PL,H,unmanaged,2903008,180,253.58
29,2903008,IDF_PL,H,unmanaged,2903008,190,254.49
29,2903008,IDF_PL,H,unmanaged,2903008,200,254.25
29,2903008,IDF_PL,H,unmanaged,2903008,210,253.15
29,2903008,IDF_PL,H,unmanaged,2903008,220,251.51
29,2903008,IDF_PL,H,unmanaged,2903008,230,249.63
29,2903008,IDF_PL,H,unmanaged,2903008,240,247.65
29,2903008,IDF_PL,H,unmanaged,2903008,250,245.53
29,2903008,IDF_PL,H,unmanaged,2903008,260,243.14
29,2903008,IDF_PL,H,unmanaged,2903008,270,240.4
29,2903008,IDF_PL,H,unmanaged,2903008,280,237.3
29,2903008,IDF_PL,H,unmanaged,2903008,290,233.9
29,2903008,IDF_PL,H,unmanaged,2903008,299,231.75
29,2903008,IDF_PL,H,managed,2923008,0,0.0
29,2903008,IDF_PL,H,managed,2923008,10,0.0
29,2903008,IDF_PL,H,managed,2923008,20,0.0
29,2903008,IDF_PL,H,managed,2923008,30,0.0
29,2903008,IDF_PL,H,managed,2923008,40,3.3
29,2903008,IDF_PL,H,managed,2923008,50,21.9
29,2903008,IDF_PL,H,managed,2923008,60,51.5
29,2903008,IDF_PL,H,managed,2923008,70,84.6
29,2903008,IDF_PL,H,managed,2923008,80,117.3
29,2903008,IDF_PL,H,managed,2923008,90,147.6
29,2903008,IDF_PL,H,managed,2923008,100,175.0
29,2903008,IDF_PL,H,managed,2923008,110,198.5
29,2903008,IDF_PL,H,managed,2923008,120,219.1
29,2903008,IDF_PL,H,managed,2923008,130,236.1
29,2903008,IDF_PL,H,managed,2923008,140,247.3
29,2903008,IDF_PL,H,managed,2923008,150,256.0
29,2903008,IDF_PL,H,managed,2923008,160,264.5
29,2903008,IDF_PL,H,managed,2923008,170,272.1
29,2903008,IDF_PL,H,managed,2923008,180,278.4
29,2903008,IDF_PL,H,managed,2923008,190,283.4
29,2903008,IDF_PL,H,managed,2923008,200,287.4
29,2903008,IDF_PL,H,managed,2923008,210,290.6
29,2903008,IDF_PL,H,managed,2923008,220,293.1
29,2903008,IDF_PL,H,managed,2923008,230,295.0
29,2903008,IDF_PL,H,managed,2923008,240,296.4
29,2903008,IDF_PL,H,managed,2923008,250,297.3
29,2903008,IDF_PL,H,managed,2923008,260,297.9
29,2903008,IDF_PL,H,managed,2923008,270,298.2
29,2903008,IDF_PL,H,managed,2923008,280,298.1
29,2903008,IDF_PL,H,managed,2923008,290,297.9
29,2903008,IDF_PL,H,managed,2923008,300,297.5
29,2903008,IDF_PL,H,managed,2923008,310,296.9
29,2903008,IDF_PL,H,managed,2923008,320,296.2
29,2903008,IDF_PL,H,managed,2923008,330,295.4
29,2903008,IDF_PL,H,managed,2923008,340,294.5
29,2903008,IDF_PL,H,managed,2923008,350,293.5
29,2903009,ESSF_SE,H,unmanaged,2903009,1,0.0
29,2903009,ESSF_SE,H,unmanaged,2903009,10,0.0
29,2903009,ESSF_SE,H,unmanaged,2903009,20,0.07
29,2903009,ESSF_SE,H,unmanaged,2903009,30,1.59
29,2903009,ESSF_SE,H,unmanaged,2903009,40,10.07
29,2903009,ESSF_SE,H,unmanaged,2903009,50,32.8
29,2903009,ESSF_SE,H,unmanaged,2903009,60,69.61
29,2903009,ESSF_SE,H,unmanaged,2903009,70,114.5
29,2903009,ESSF_SE,H,unmanaged,2903009,80,149.65
29,2903009,ESSF_SE,H,unmanaged,2903009,90,177.53
29,2903009,ESSF_SE,H,unmanaged,2903009,100,194.45
29,2903009,ESSF_SE,H,unmanaged,2903009,110,203.02
29,2903009,ESSF_SE,H,unmanaged,2903009,120,209.14
29,2903009,ESSF_SE,H,unmanaged,2903009,130,217.66
29,2903009,ESSF_SE,H,unmanaged,2903009,140,229.36
29,2903009,ESSF_SE,H,unmanaged,2903009,150,241.42
29,2903009,ESSF_SE,H,unmanaged,2903009,160,250.57
29,2903009,ESSF_SE,H,unmanaged,2903009,170,255.99
29,2903009,ESSF_SE,H,unmanaged,2903009,180,259.54
29,2903009,ESSF_SE,H,unmanaged,2903009,190,263.53
29,2903009,ESSF_SE,H,unmanaged,2903009,200,268.65
29,2903009,ESSF_SE,H,unmanaged,2903009,210,273.9
29,2903009,ESSF_SE,H,unmanaged,2903009,220,277.96
29,2903009,ESSF_SE,H,unmanaged,2903009,230,280.31
29,2903009,ESSF_SE,H,unmanaged,2903009,240,281.33
29,2903009,ESSF_SE,H,unmanaged,2903009,250,281.59
29,2903009,ESSF_SE,H,unmanaged,2903009,260,281.36
29,2903009,ESSF_SE,H,unmanaged,2903009,270,280.72
29,2903009,ESSF_SE,H,unmanaged,2903009,280,279.7
29,2903009,ESSF_SE,H,unmanaged,2903009,290,278.25
29,2903009,ESSF_SE,H,unmanaged,2903009,299,279.25
29,2903009,ESSF_SE,H,managed,2923009,0,0.0
29,2903009,ESSF_SE,H,managed,2923009,10,0.0
29,2903009,ESSF_SE,H,managed,2923009,20,0.0
29,2903009,ESSF_SE,H,managed,2923009,30,0.0
29,2903009,ESSF_SE,H,managed,2923009,40,0.0
29,2903009,ESSF_SE,H,managed,2923009,50,1.7
29,2903009,ESSF_SE,H,managed,2923009,60,12.2
29,2903009,ESSF_SE,H,managed,2923009,70,33.4
29,2903009,ESSF_SE,H,managed,2923009,80,59.5
29,2903009,ESSF_SE,H,managed,2923009,90,87.6
29,2903009,ESSF_SE,H,managed,2923009,100,115.6
29,2903009,ESSF_SE,H,managed,2923009,110,141.9
29,2903009,ESSF_SE,H,managed,2923009,120,165.9
29,2903009,ESSF_SE,H,managed,2923009,130,187.8
29,2903009,ESSF_SE,H,managed,2923009,140,207.0
29,2903009,ESSF_SE,H,managed,2923009,150,223.9
29,2903009,ESSF_SE,H,managed,2923009,160,238.8
29,2903009,ESSF_SE,H,managed,2923009,170,251.9
29,2903009,ESSF_SE,H,managed,2923009,180,263.4
29,2903009,ESSF_SE,H,managed,2923009,190,273.4
29,2903009,ESSF_SE,H,managed,2923009,200,282.4
29,2903009,ESSF_SE,H,managed,2923009,210,290.1
29,2903009,ESSF_SE,H,managed,2923009,220,296.6
29,2903009,ESSF_SE,H,managed,2923009,230,302.2
29,2903009,ESSF_SE,H,managed,2923009,240,307.0
29,2903009,ESSF_SE,H,managed,2923009,250,311.1
29,2903009,ESSF_SE,H,managed,2923009,260,314.4
29,2903009,ESSF_SE,H,managed,2923009,270,317.2
29,2903009,ESSF_SE,H,managed,2923009,280,319.4
29,2903009,ESSF_SE,H,managed,2923009,290,321.1
29,2903009,ESSF_SE,H,managed,2923009,300,322.5
29,2903009,ESSF_SE,H,managed,2923009,310,323.5
29,2903009,ESSF_SE,H,managed,2923009,320,324.2
29,2903009,ESSF_SE,H,managed,2923009,330,324.6
29,2903009,ESSF_SE,H,managed,2923009,340,324.8
29,2903009,ESSF_SE,H,managed,2923009,350,324.8
29,2903010,SBPS_SX,H,unmanaged,2903010,1,0.0
29,2903010,SBPS_SX,H,unmanaged,2903010,10,0.03
29,2903010,SBPS_SX,H,unmanaged,2903010,20,0.39
29,2903010,SBPS_SX,H,unmanaged,2903010,30,1.65
29,2903010,SBPS_SX,H,unmanaged,2903010,40,4.61
29,2903010,SBPS_SX,H,unmanaged,2903010,50,10.24
29,2903010,SBPS_SX,H,unmanaged,2903010,60,20.17
29,2903010,SBPS_SX,H,unmanaged,2903010,70,29.7
29,2903010,SBPS_SX,H,unmanaged,2903010,80,55.35
29,2903010,SBPS_SX,H,unmanaged,2903010,90,76.83
29,2903010,SBPS_SX,H,unmanaged,2903010,100,97.89
29,2903010,SBPS_SX,H,unmanaged,2903010,110,118.0
29,2903010,SBPS_SX,H,unmanaged,2903010,120,135.84
29,2903010,SBPS_SX,H,unmanaged,2903010,130,150.28
29,2903010,SBPS_SX,H,unmanaged,2903010,140,161.35
29,2903010,SBPS_SX,H,unmanaged,2903010,150,169.87
29,2903010,SBPS_SX,H,unmanaged,2903010,160,176.25
29,2903010,SBPS_SX,H,unmanaged,2903010,170,180.14
29,2903010,SBPS_SX,H,unmanaged,2903010,180,181.31
29,2903010,SBPS_SX,H,unmanaged,2903010,190,180.28
29,2903010,SBPS_SX,H,unmanaged,2903010,200,177.96
29,2903010,SBPS_SX,H,unmanaged,2903010,210,175.1
29,2903010,SBPS_SX,H,unmanaged,2903010,220,172.12
29,2903010,SBPS_SX,H,unmanaged,2903010,230,169.32
29,2903010,SBPS_SX,H,unmanaged,2903010,240,166.91
29,2903010,SBPS_SX,H,unmanaged,2903010,250,164.96
29,2903010,SBPS_SX,H,unmanaged,2903010,260,163.39
29,2903010,SBPS_SX,H,unmanaged,2903010,270,162.01
29,2903010,SBPS_SX,H,unmanaged,2903010,280,160.67
29,2903010,SBPS_SX,H,unmanaged,2903010,290,159.3
29,2903010,SBPS_SX,H,unmanaged,2903010,299,158.26
29,2903010,SBPS_SX,H,managed,2923010,0,0.0
29,2903010,SBPS_SX,H,managed,2923010,10,0.0
29,2903010,SBPS_SX,H,managed,2923010,20,0.0
29,2903010,SBPS_SX,H,managed,2923010,30,0.0
29,2903010,SBPS_SX,H,managed,2923010,40,0.1
29,2903010,SBPS_SX,H,managed,2923010,50,3.7
29,2903010,SBPS_SX,H,managed,2923010,60,18.1
29,2903010,SBPS_SX,H,managed,2923010,70,42.9
29,2903010,SBPS_SX,H,managed,2923010,80,70.8
29,2903010,SBPS_SX,H,managed,2923010,90,97.7
29,2903010,SBPS_SX,H,managed,2923010,100,123.2
29,2903010,SBPS_SX,H,managed,2923010,110,146.2
29,2903010,SBPS_SX,H,managed,2923010,120,166.9
29,2903010,SBPS_SX,H,managed,2923010,130,185.2
29,2903010,SBPS_SX,H,managed,2923010,140,201.0
29,2903010,SBPS_SX,H,managed,2923010,150,214.9
29,2903010,SBPS_SX,H,managed,2923010,160,227.2
29,2903010,SBPS_SX,H,managed,2923010,170,238.1
29,2903010,SBPS_SX,H,managed,2923010,180,247.7
29,2903010,SBPS_SX,H,managed,2923010,190,256.1
29,2903010,SBPS_SX,H,managed,2923010,200,263.6
29,2903010,SBPS_SX,H,managed,2923010,210,269.9
29,2903010,SBPS_SX,H,managed,2923010,220,275.5
29,2903010,SBPS_SX,H,managed,2923010,230,280.4
29,2903010,SBPS_SX,H,managed,2923010,240,284.8
29,2903010,SBPS_SX,H,managed,2923010,250,288.8
29,2903010,SBPS_SX,H,managed,2923010,260,292.3
29,2903010,SBPS_SX,H,managed,2923010,270,295.3
29,2903010,SBPS_SX,H,managed,2923010,280,297.8
29,2903010,SBPS_SX,H,managed,2923010,290,299.9
29,2903010,SBPS_SX,H,managed,2923010,300,301.7
29,2903010,SBPS_SX,H,managed,2923010,310,303.1
29,2903010,SBPS_SX,H,managed,2923010,320,304.3
29,2903010,SBPS_SX,H,managed,2923010,330,305.3
29,2903010,SBPS_SX,H,managed,2923010,340,306.0
29,2903010,SBPS_SX,H,managed,2923010,350,306.6
29,2903011,IDF_PLI,H,unmanaged,2903011,1,0.0
29,2903011,IDF_PLI,H,unmanaged,2903011,10,0.11
29,2903011,IDF_PLI,H,unmanaged,2903011,20,1.98
29,2903011,IDF_PLI,H,unmanaged,2903011,30,8.69
29,2903011,IDF_PLI,H,unmanaged,2903011,40,21.82
29,2903011,IDF_PLI,H,unmanaged,2903011,50,40.55
29,2903011,IDF_PLI,H,unmanaged,2903011,60,61.68
29,2903011,IDF_PLI,H,unmanaged,2903011,70,84.7
29,2903011,IDF_PLI,H,unmanaged,2903011,80,104.29
29,2903011,IDF_PLI,H,unmanaged,2903011,90,123.67
29,2903011,IDF_PLI,H,unmanaged,2903011,100,141.77
29,2903011,IDF_PLI,H,unmanaged,2903011,110,157.68
29,2903011,IDF_PLI,H,unmanaged,2903011,120,170.71
29,2903011,IDF_PLI,H,unmanaged,2903011,130,180.65
29,2903011,IDF_PLI,H,unmanaged,2903011,140,187.75
29,2903011,IDF_PLI,H,unmanaged,2903011,150,192.4
29,2903011,IDF_PLI,H,unmanaged,2903011,160,195.08
29,2903011,IDF_PLI,H,unmanaged,2903011,170,196.25
29,2903011,IDF_PLI,H,unmanaged,2903011,180,196.3
29,2903011,IDF_PLI,H,unmanaged,2903011,190,195.51
29,2903011,IDF_PLI,H,unmanaged,2903011,200,194.17
29,2903011,IDF_PLI,H,unmanaged,2903011,210,192.61
29,2903011,IDF_PLI,H,unmanaged,2903011,220,191.07
29,2903011,IDF_PLI,H,unmanaged,2903011,230,189.64
29,2903011,IDF_PLI,H,unmanaged,2903011,240,188.29
29,2903011,IDF_PLI,H,unmanaged,2903011,250,186.97
29,2903011,IDF_PLI,H,unmanaged,2903011,260,185.67
29,2903011,IDF_PLI,H,unmanaged,2903011,270,184.41
29,2903011,IDF_PLI,H,unmanaged,2903011,280,183.26
29,2903011,IDF_PLI,H,unmanaged,2903011,290,182.3
29,2903011,IDF_PLI,H,unmanaged,2903011,299,180.29
29,2903011,IDF_PLI,H,managed,2923011,0,0.0
29,2903011,IDF_PLI,H,managed,2923011,10,0.0
29,2903011,IDF_PLI,H,managed,2923011,20,0.0
29,2903011,IDF_PLI,H,managed,2923011,30,0.0
29,2903011,IDF_PLI,H,managed,2923011,40,2.4
29,2903011,IDF_PLI,H,managed,2923011,50,17.5
29,2903011,IDF_PLI,H,managed,2923011,60,42.6
29,2903011,IDF_PLI,H,managed,2923011,70,71.6
29,2903011,IDF_PLI,H,managed,2923011,80,100.3
29,2903011,IDF_PLI,H,managed,2923011,90,126.9
29,2903011,IDF_PLI,H,managed,2923011,100,151.8
29,2903011,IDF_PLI,H,managed,2923011,110,173.2
29,2903011,IDF_PLI,H,managed,2923011,120,191.6
29,2903011,IDF_PLI,H,managed,2923011,130,207.2
29,2903011,IDF_PLI,H,managed,2923011,140,217.6
29,2903011,IDF_PLI,H,managed,2923011,150,225.8
29,2903011,IDF_PLI,H,managed,2923011,160,233.6
29,2903011,IDF_PLI,H,managed,2923011,170,240.7
29,2903011,IDF_PLI,H,managed,2923011,180,246.5
29,2903011,IDF_PLI,H,managed,2923011,190,251.2
29,2903011,IDF_PLI,H,managed,2923011,200,255.0
29,2903011,IDF_PLI,H,managed,2923011,210,258.0
29,2903011,IDF_PLI,H,managed,2923011,220,260.3
29,2903011,IDF_PLI,H,managed,2923011,230,262.2
29,2903011,IDF_PLI,H,managed,2923011,240,263.5
29,2903011,IDF_PLI,H,managed,2923011,250,264.5
29,2903011,IDF_PLI,H,managed,2923011,260,265.1
29,2903011,IDF_PLI,H,managed,2923011,270,265.4
29,2903011,IDF_PLI,H,managed,2923011,280,265.5
29,2903011,IDF_PLI,H,managed,2923011,290,265.4
29,2903011,IDF_PLI,H,managed,2923011,300,265.1
29,2903011,IDF_PLI,H,managed,2923011,310,264.7
29,2903011,IDF_PLI,H,managed,2923011,320,264.1
29,2903011,IDF_PLI,H,managed,2923011,330,263.4
29,2903011,IDF_PLI,H,managed,2923011,340,262.6
29,2903011,IDF_PLI,H,managed,2923011,350,261.8
29,2903012,ICH_FD,H,unmanaged,2903012,1,0.0
29,2903012,ICH_FD,H,unmanaged,2903012,10,0.28
29,2903012,ICH_FD,H,unmanaged,2903012,20,6.42
29,2903012,ICH_FD,H,unmanaged,2903012,30,30.04
29,2903012,ICH_FD,H,unmanaged,2903012,40,76.18
29,2903012,ICH_FD,H,unmanaged,2903012,50,138.98
29,2903012,ICH_FD,H,unmanaged,2903012,60,206.47
29,2903012,ICH_FD,H,unmanaged,2903012,70,268.45
29,2903012,ICH_FD,H,unmanaged,2903012,80,310.81
29,2903012,ICH_FD,H,unmanaged,2903012,90,352.14
29,2903012,ICH_FD,H,unmanaged,2903012,100,388.32
29,2903012,ICH_FD,H,unmanaged,2903012,110,419.9
29,2903012,ICH_FD,H,unmanaged,2903012,120,447.56
29,2903012,ICH_FD,H,unmanaged,2903012,130,471.18
29,2903012,ICH_FD,H,unmanaged,2903012,140,490.08
29,2903012,ICH_FD,H,unmanaged,2903012,150,503.74
29,2903012,ICH_FD,H,unmanaged,2903012,160,512.35
29,2903012,ICH_FD,H,unmanaged,2903012,170,516.89
29,2903012,ICH_FD,H,unmanaged,2903012,180,518.52
29,2903012,ICH_FD,H,unmanaged,2903012,190,518.13
29,2903012,ICH_FD,H,unmanaged,2903012,200,516.23
29,2903012,ICH_FD,H,unmanaged,2903012,210,513.13
29,2903012,ICH_FD,H,unmanaged,2903012,220,509.22
29,2903012,ICH_FD,H,unmanaged,2903012,230,505.0
29,2903012,ICH_FD,H,unmanaged,2903012,240,501.01
29,2903012,ICH_FD,H,unmanaged,2903012,250,497.51
29,2903012,ICH_FD,H,unmanaged,2903012,260,494.41
29,2903012,ICH_FD,H,unmanaged,2903012,270,491.48
29,2903012,ICH_FD,H,unmanaged,2903012,280,488.62
29,2903012,ICH_FD,H,unmanaged,2903012,290,485.8
29,2903012,ICH_FD,H,unmanaged,2903012,299,482.78
29,2903012,ICH_FD,H,managed,2923012,0,0.0
29,2903012,ICH_FD,H,managed,2923012,10,0.0
29,2903012,ICH_FD,H,managed,2923012,20,0.0
29,2903012,ICH_FD,H,managed,2923012,30,15.3
29,2903012,ICH_FD,H,managed,2923012,40,63.2
29,2903012,ICH_FD,H,managed,2923012,50,127.7
29,2903012,ICH_FD,H,managed,2923012,60,194.3
29,2903012,ICH_FD,H,managed,2923012,70,254.1
29,2903012,ICH_FD,H,managed,2923012,80,304.8
29,2903012,ICH_FD,H,managed,2923012,90,346.5
29,2903012,ICH_FD,H,managed,2923012,100,381.1
29,2903012,ICH_FD,H,managed,2923012,110,410.1
29,2903012,ICH_FD,H,managed,2923012,120,434.4
29,2903012,ICH_FD,H,managed,2923012,130,454.7
29,2903012,ICH_FD,H,managed,2923012,140,468.8
29,2903012,ICH_FD,H,managed,2923012,150,480.1
29,2903012,ICH_FD,H,managed,2923012,160,492.5
29,2903012,ICH_FD,H,managed,2923012,170,504.3
29,2903012,ICH_FD,H,managed,2923012,180,514.9
29,2903012,ICH_FD,H,managed,2923012,190,524.0
29,2903012,ICH_FD,H,managed,2923012,200,532.0
29,2903012,ICH_FD,H,managed,2923012,210,539.3
29,2903012,ICH_FD,H,managed,2923012,220,545.6
29,2903012,ICH_FD,H,managed,2923012,230,551.0
29,2903012,ICH_FD,H,managed,2923012,240,555.6
29,2903012,ICH_FD,H,managed,2923012,250,559.4
29,2903012,ICH_FD,H,managed,2923012,260,562.6
29,2903012,ICH_FD,H,managed,2923012,270,565.3
29,2903012,ICH_FD,H,managed,2923012,280,567.4
29,2903012,ICH_FD,H,managed,2923012,290,569.2
29,2903012,ICH_FD,H,managed,2923012,300,570.5
29,2903012,ICH_FD,H,managed,2923012,310,571.5
29,2903012,ICH_FD,H,managed,2923012,320,572.2
29,2903012,ICH_FD,H,managed,2923012,330,572.7
29,2903012,ICH_FD,H,managed,2923012,340,572.8
29,2903012,ICH_FD,H,managed,2923012,350,572.7
29,2903013,SBS_FDI,H,unmanaged,2903013,1,0.0
29,2903013,SBS_FDI,H,unmanaged,2903013,10,0.0
29,2903013,SBS_FDI,H,unmanaged,2903013,20,0.03
29,2903013,SBS_FDI,H,unmanaged,2903013,30,1.34
29,2903013,SBS_FDI,H,unmanaged,2903013,40,12.01
29,2903013,SBS_FDI,H,unmanaged,2903013,50,47.2
29,2903013,SBS_FDI,H,unmanaged,2903013,60,117.37
29,2903013,SBS_FDI,H,unmanaged,2903013,70,198.1
29,2903013,SBS_FDI,H,unmanaged,2903013,80,233.46
29,2903013,SBS_FDI,H,unmanaged,2903013,90,276.43
29,2903013,SBS_FDI,H,unmanaged,2903013,100,311.65
29,2903013,SBS_FDI,H,unmanaged,2903013,110,340.71
29,2903013,SBS_FDI,H,unmanaged,2903013,120,366.98
29,2903013,SBS_FDI,H,unmanaged,2903013,130,391.57
29,2903013,SBS_FDI,H,unmanaged,2903013,140,412.58
29,2903013,SBS_FDI,H,unmanaged,2903013,150,427.74
29,2903013,SBS_FDI,H,unmanaged,2903013,160,436.73
29,2903013,SBS_FDI,H,unmanaged,2903013,170,441.01
29,2903013,SBS_FDI,H,unmanaged,2903013,180,442.19
29,2903013,SBS_FDI,H,unmanaged,2903013,190,441.22
29,2903013,SBS_FDI,H,unmanaged,2903013,200,438.52
29,2903013,SBS_FDI,H,unmanaged,2903013,210,434.51
29,2903013,SBS_FDI,H,unmanaged,2903013,220,429.78
29,2903013,SBS_FDI,H,unmanaged,2903013,230,425.03
29,2903013,SBS_FDI,H,unmanaged,2903013,240,420.73
29,2903013,SBS_FDI,H,unmanaged,2903013,250,416.96
29,2903013,SBS_FDI,H,unmanaged,2903013,260,413.55
29,2903013,SBS_FDI,H,unmanaged,2903013,270,410.23
29,2903013,SBS_FDI,H,unmanaged,2903013,280,406.85
29,2903013,SBS_FDI,H,unmanaged,2903013,290,403.4
29,2903013,SBS_FDI,H,unmanaged,2903013,299,400.76
29,2903013,SBS_FDI,H,managed,2923013,0,0.0
29,2903013,SBS_FDI,H,managed,2923013,10,0.0
29,2903013,SBS_FDI,H,managed,2923013,20,0.0
29,2903013,SBS_FDI,H,managed,2923013,30,12.9
29,2903013,SBS_FDI,H,managed,2923013,40,54.0
29,2903013,SBS_FDI,H,managed,2923013,50,109.7
29,2903013,SBS_FDI,H,managed,2923013,60,167.5
29,2903013,SBS_FDI,H,managed,2923013,70,219.6
29,2903013,SBS_FDI,H,managed,2923013,80,263.9
29,2903013,SBS_FDI,H,managed,2923013,90,300.5
29,2903013,SBS_FDI,H,managed,2923013,100,330.6
29,2903013,SBS_FDI,H,managed,2923013,110,356.0
29,2903013,SBS_FDI,H,managed,2923013,120,377.3
29,2903013,SBS_FDI,H,managed,2923013,130,395.1
29,2903013,SBS_FDI,H,managed,2923013,140,407.4
29,2903013,SBS_FDI,H,managed,2923013,150,417.2
29,2903013,SBS_FDI,H,managed,2923013,160,428.1
29,2903013,SBS_FDI,H,managed,2923013,170,438.3
29,2903013,SBS_FDI,H,managed,2923013,180,447.5
29,2903013,SBS_FDI,H,managed,2923013,190,455.5
29,2903013,SBS_FDI,H,managed,2923013,200,462.4
29,2903013,SBS_FDI,H,managed,2923013,210,468.7
29,2903013,SBS_FDI,H,managed,2923013,220,474.3
29,2903013,SBS_FDI,H,managed,2923013,230,479.0
29,2903013,SBS_FDI,H,managed,2923013,240,483.1
29,2903013,SBS_FDI,H,managed,2923013,250,486.4
29,2903013,SBS_FDI,H,managed,2923013,260,489.2
29,2903013,SBS_FDI,H,managed,2923013,270,491.6
29,2903013,SBS_FDI,H,managed,2923013,280,493.5
29,2903013,SBS_FDI,H,managed,2923013,290,495.0
29,2903013,SBS_FDI,H,managed,2923013,300,496.2
29,2903013,SBS_FDI,H,managed,2923013,310,497.1
29,2903013,SBS_FDI,H,managed,2923013,320,497.7
29,2903013,SBS_FDI,H,managed,2923013,330,498.1
29,2903013,SBS_FDI,H,managed,2923013,340,498.2
29,2903013,SBS_FDI,H,managed,2923013,350,498.2
29,2903014,ESSF_PLI,H,unmanaged,2903014,1,0.0
29,2903014,ESSF_PLI,H,unmanaged,2903014,10,0.0
29,2903014,ESSF_PLI,H,unmanaged,2903014,20,0.21
29,2903014,ESSF_PLI,H,unmanaged,2903014,30,1.51
29,2903014,ESSF_PLI,H,unmanaged,2903014,40,5.3
29,2903014,ESSF_PLI,H,unmanaged,2903014,50,12.59
29,2903014,ESSF_PLI,H,unmanaged,2903014,60,23.45
29,2903014,ESSF_PLI,H,unmanaged,2903014,70,36.95
29,2903014,ESSF_PLI,H,unmanaged,2903014,80,51.53
29,2903014,ESSF_PLI,H,unmanaged,2903014,90,65.52
29,2903014,ESSF_PLI,H,unmanaged,2903014,100,73.4
29,2903014,ESSF_PLI,H,unmanaged,2903014,110,86.3
29,2903014,ESSF_PLI,H,unmanaged,2903014,120,92.17
29,2903014,ESSF_PLI,H,unmanaged,2903014,130,98.63
29,2903014,ESSF_PLI,H,unmanaged,2903014,140,104.97
29,2903014,ESSF_PLI,H,unmanaged,2903014,150,110.27
29,2903014,ESSF_PLI,H,unmanaged,2903014,160,114.03
29,2903014,ESSF_PLI,H,unmanaged,2903014,170,116.29
29,2903014,ESSF_PLI,H,unmanaged,2903014,180,117.48
29,2903014,ESSF_PLI,H,unmanaged,2903014,190,118.08
29,2903014,ESSF_PLI,H,unmanaged,2903014,200,118.42
29,2903014,ESSF_PLI,H,unmanaged,2903014,210,118.62
29,2903014,ESSF_PLI,H,unmanaged,2903014,220,118.74
29,2903014,ESSF_PLI,H,unmanaged,2903014,230,118.77
29,2903014,ESSF_PLI,H,unmanaged,2903014,240,118.72
29,2903014,ESSF_PLI,H,unmanaged,2903014,250,118.6
29,2903014,ESSF_PLI,H,unmanaged,2903014,260,118.42
29,2903014,ESSF_PLI,H,unmanaged,2903014,270,118.2
29,2903014,ESSF_PLI,H,unmanaged,2903014,280,117.97
29,2903014,ESSF_PLI,H,unmanaged,2903014,290,117.7
29,2903014,ESSF_PLI,H,unmanaged,2903014,299,117.56
29,2903014,ESSF_PLI,H,managed,2923014,0,0.0
29,2903014,ESSF_PLI,H,managed,2923014,10,0.0
29,2903014,ESSF_PLI,H,managed,2923014,20,0.0
29,2903014,ESSF_PLI,H,managed,2923014,30,0.0
29,2903014,ESSF_PLI,H,managed,2923014,40,0.0
29,2903014,ESSF_PLI,H,managed,2923014,50,1.5
29,2903014,ESSF_PLI,H,managed,2923014,60,8.3
29,2903014,ESSF_PLI,H,managed,2923014,70,18.9
29,2903014,ESSF_PLI,H,managed,2923014,80,32.5
29,2903014,ESSF_PLI,H,managed,2923014,90,45.0
29,2903014,ESSF_PLI,H,managed,2923014,100,57.0
29,2903014,ESSF_PLI,H,managed,2923014,110,67.2
29,2903014,ESSF_PLI,H,managed,2923014,120,77.2
29,2903014,ESSF_PLI,H,managed,2923014,130,85.5
29,2903014,ESSF_PLI,H,managed,2923014,140,92.4
29,2903014,ESSF_PLI,H,managed,2923014,150,98.8
29,2903014,ESSF_PLI,H,managed,2923014,160,104.3
29,2903014,ESSF_PLI,H,managed,2923014,170,108.7
29,2903014,ESSF_PLI,H,managed,2923014,180,112.3
29,2903014,ESSF_PLI,H,managed,2923014,190,115.2
29,2903014,ESSF_PLI,H,managed,2923014,200,117.6
29,2903014,ESSF_PLI,H,managed,2923014,210,119.4
29,2903014,ESSF_PLI,H,managed,2923014,220,120.8
29,2903014,ESSF_PLI,H,managed,2923014,230,121.9
29,2903014,ESSF_PLI,H,managed,2923014,240,122.6
29,2903014,ESSF_PLI,H,managed,2923014,250,123.1
29,2903014,ESSF_PLI,H,managed,2923014,260,123.5
29,2903014,ESSF_PLI,H,managed,2923014,270,123.6
29,2903014,ESSF_PLI,H,managed,2923014,280,123.7
29,2903014,ESSF_PLI,H,managed,2923014,290,123.6
29,2903014,ESSF_PLI,H,managed,2923014,300,123.4
29,2903014,ESSF_PLI,H,managed,2923014,310,123.2
29,2903014,ESSF_PLI,H,managed,2923014,320,122.8
29,2903014,ESSF_PLI,H,managed,2923014,330,122.4
29,2903014,ESSF_PLI,H,managed,2923014,340,121.9
29,2903014,ESSF_PLI,H,managed,2923014,350,121.4
29,2903015,ICH_SX,H,unmanaged,2903015,1,0.0
29,2903015,ICH_SX,H,unmanaged,2903015,10,0.42
29,2903015,ICH_SX,H,unmanaged,2903015,20,8.63
29,2903015,ICH_SX,H,unmanaged,2903015,30,38.41
29,2903015,ICH_SX,H,unmanaged,2903015,40,93.99
29,2903015,ICH_SX,H,unmanaged,2903015,50,166.86
29,2903015,ICH_SX,H,unmanaged,2903015,60,238.62
29,2903015,ICH_SX,H,unmanaged,2903015,70,308.9
29,2903015,ICH_SX,H,unmanaged,2903015,80,352.94
29,2903015,ICH_SX,H,unmanaged,2903015,90,395.52
29,2903015,ICH_SX,H,unmanaged,2903015,100,431.72
29,2903015,ICH_SX,H,unmanaged,2903015,110,461.28
29,2903015,ICH_SX,H,unmanaged,2903015,120,484.69
29,2903015,ICH_SX,H,unmanaged,2903015,130,502.39
29,2903015,ICH_SX,H,unmanaged,2903015,140,514.77
29,2903015,ICH_SX,H,unmanaged,2903015,150,522.31
29,2903015,ICH_SX,H,unmanaged,2903015,160,525.64
29,2903015,ICH_SX,H,unmanaged,2903015,170,525.51
29,2903015,ICH_SX,H,unmanaged,2903015,180,522.74
29,2903015,ICH_SX,H,unmanaged,2903015,190,518.06
29,2903015,ICH_SX,H,unmanaged,2903015,200,512.2
29,2903015,ICH_SX,H,unmanaged,2903015,210,505.94
29,2903015,ICH_SX,H,unmanaged,2903015,220,499.99
29,2903015,ICH_SX,H,unmanaged,2903015,230,494.76
29,2903015,ICH_SX,H,unmanaged,2903015,240,490.27
29,2903015,ICH_SX,H,unmanaged,2903015,250,486.34
29,2903015,ICH_SX,H,unmanaged,2903015,260,482.75
29,2903015,ICH_SX,H,unmanaged,2903015,270,479.32
29,2903015,ICH_SX,H,unmanaged,2903015,280,475.89
29,2903015,ICH_SX,H,unmanaged,2903015,290,472.6
29,2903015,ICH_SX,H,unmanaged,2903015,299,468.46
29,2903015,ICH_SX,H,managed,2923015,0,0.0
29,2903015,ICH_SX,H,managed,2923015,10,0.0
29,2903015,ICH_SX,H,managed,2923015,20,0.0
29,2903015,ICH_SX,H,managed,2923015,30,4.9
29,2903015,ICH_SX,H,managed,2923015,40,58.2
29,2903015,ICH_SX,H,managed,2923015,50,140.9
29,2903015,ICH_SX,H,managed,2923015,60,221.8
29,2903015,ICH_SX,H,managed,2923015,70,291.9
29,2903015,ICH_SX,H,managed,2923015,80,349.2
29,2903015,ICH_SX,H,managed,2923015,90,396.6
29,2903015,ICH_SX,H,managed,2923015,100,435.7
29,2903015,ICH_SX,H,managed,2923015,110,467.1
29,2903015,ICH_SX,H,managed,2923015,120,493.7
29,2903015,ICH_SX,H,managed,2923015,130,515.9
29,2903015,ICH_SX,H,managed,2923015,140,533.6
29,2903015,ICH_SX,H,managed,2923015,150,548.3
29,2903015,ICH_SX,H,managed,2923015,160,560.8
29,2903015,ICH_SX,H,managed,2923015,170,570.9
29,2903015,ICH_SX,H,managed,2923015,180,579.4
29,2903015,ICH_SX,H,managed,2923015,190,587.0
29,2903015,ICH_SX,H,managed,2923015,200,593.4
29,2903015,ICH_SX,H,managed,2923015,210,598.4
29,2903015,ICH_SX,H,managed,2923015,220,602.6
29,2903015,ICH_SX,H,managed,2923015,230,605.7
29,2903015,ICH_SX,H,managed,2923015,240,607.6
29,2903015,ICH_SX,H,managed,2923015,250,609.0
29,2903015,ICH_SX,H,managed,2923015,260,609.9
29,2903015,ICH_SX,H,managed,2923015,270,610.7
29,2903015,ICH_SX,H,managed,2923015,280,611.2
29,2903015,ICH_SX,H,managed,2923015,290,611.3
29,2903015,ICH_SX,H,managed,2923015,300,611.1
29,2903015,ICH_SX,H,managed,2923015,310,610.6
29,2903015,ICH_SX,H,managed,2923015,320,608.6
29,2903015,ICH_SX,H,managed,2923015,330,605.0
29,2903015,ICH_SX,H,managed,2923015,340,601.4
29,2903015,ICH_SX,H,managed,2923015,350,597.8
29,2903016,ICH_CW,H,unmanaged,2903016,1,0.0
29,2903016,ICH_CW,H,unmanaged,2903016,10,0.01
29,2903016,ICH_CW,H,unmanaged,2903016,20,0.48
29,2903016,ICH_CW,H,unmanaged,2903016,30,4.49
29,2903016,ICH_CW,H,unmanaged,2903016,40,18.24
29,2903016,ICH_CW,H,unmanaged,2903016,50,47.5
29,2903016,ICH_CW,H,unmanaged,2903016,60,93.65
29,2903016,ICH_CW,H,unmanaged,2903016,70,152.56
29,2903016,ICH_CW,H,unmanaged,2903016,80,216.29
29,2903016,ICH_CW,H,unmanaged,2903016,90,275.86
29,2903016,ICH_CW,H,unmanaged,2903016,100,324.67
29,2903016,ICH_CW,H,unmanaged,2903016,110,358.15
29,2903016,ICH_CW,H,unmanaged,2903016,120,370.43
29,2903016,ICH_CW,H,unmanaged,2903016,130,384.19
29,2903016,ICH_CW,H,unmanaged,2903016,140,395.34
29,2903016,ICH_CW,H,unmanaged,2903016,150,404.3
29,2903016,ICH_CW,H,unmanaged,2903016,160,411.65
29,2903016,ICH_CW,H,unmanaged,2903016,170,417.52
29,2903016,ICH_CW,H,unmanaged,2903016,180,421.76
29,2903016,ICH_CW,H,unmanaged,2903016,190,424.05
29,2903016,ICH_CW,H,unmanaged,2903016,200,424.11
29,2903016,ICH_CW,H,unmanaged,2903016,210,422.11
29,2903016,ICH_CW,H,unmanaged,2903016,220,418.8
29,2903016,ICH_CW,H,unmanaged,2903016,230,415.1
29,2903016,ICH_CW,H,unmanaged,2903016,240,411.55
29,2903016,ICH_CW,H,unmanaged,2903016,250,408.19
29,2903016,ICH_CW,H,unmanaged,2903016,260,404.92
29,2903016,ICH_CW,H,unmanaged,2903016,270,401.67
29,2903016,ICH_CW,H,unmanaged,2903016,280,398.34
29,2903016,ICH_CW,H,unmanaged,2903016,290,394.5
29,2903016,ICH_CW,H,unmanaged,2903016,299,394.18
29,2903016,ICH_CW,H,managed,2923016,0,0.0
29,2903016,ICH_CW,H,managed,2923016,10,0.0
29,2903016,ICH_CW,H,managed,2923016,20,0.0
29,2903016,ICH_CW,H,managed,2923016,30,0.0
29,2903016,ICH_CW,H,managed,2923016,40,15.4
29,2903016,ICH_CW,H,managed,2923016,50,80.0
29,2903016,ICH_CW,H,managed,2923016,60,151.3
29,2903016,ICH_CW,H,managed,2923016,70,214.7
29,2903016,ICH_CW,H,managed,2923016,80,274.8
29,2903016,ICH_CW,H,managed,2923016,90,326.3
29,2903016,ICH_CW,H,managed,2923016,100,376.6
29,2903016,ICH_CW,H,managed,2923016,110,421.0
29,2903016,ICH_CW,H,managed,2923016,120,459.6
29,2903016,ICH_CW,H,managed,2923016,130,493.2
29,2903016,ICH_CW,H,managed,2923016,140,523.5
29,2903016,ICH_CW,H,managed,2923016,150,552.5
29,2903016,ICH_CW,H,managed,2923016,160,577.7
29,2903016,ICH_CW,H,managed,2923016,170,600.5
29,2903016,ICH_CW,H,managed,2923016,180,620.5
29,2903016,ICH_CW,H,managed,2923016,190,638.0
29,2903016,ICH_CW,H,managed,2923016,200,655.4
29,2903016,ICH_CW,H,managed,2923016,210,671.7
29,2903016,ICH_CW,H,managed,2923016,220,686.1
29,2903016,ICH_CW,H,managed,2923016,230,698.7
29,2903016,ICH_CW,H,managed,2923016,240,709.7
29,2903016,ICH_CW,H,managed,2923016,250,721.2
29,2903016,ICH_CW,H,managed,2923016,260,731.7
29,2903016,ICH_CW,H,managed,2923016,270,741.0
29,2903016,ICH_CW,H,managed,2923016,280,749.1
29,2903016,ICH_CW,H,managed,2923016,290,756.1
29,2903016,ICH_CW,H,managed,2923016,300,762.3
29,2903016,ICH_CW,H,managed,2923016,310,767.5
29,2903016,ICH_CW,H,managed,2923016,320,772.1
29,2903016,ICH_CW,H,managed,2923016,330,776.7
29,2903016,ICH_CW,H,managed,2923016,340,781.2
29,2903016,ICH_CW,H,managed,2923016,350,785.0
29,2903017,SBS_SX,H,unmanaged,2903017,1,0.0
29,2903017,SBS_SX,H,unmanaged,2903017,10,0.02
29,2903017,SBS_SX,H,unmanaged,2903017,20,1.4
29,2903017,SBS_SX,H,unmanaged,2903017,30,12.36
29,2903017,SBS_SX,H,unmanaged,2903017,40,44.07
29,2903017,SBS_SX,H,unmanaged,2903017,50,96.68
29,2903017,SBS_SX,H,unmanaged,2903017,60,155.66
29,2903017,SBS_SX,H,unmanaged,2903017,70,209.0
29,2903017,SBS_SX,H,unmanaged,2903017,80,234.37
29,2903017,SBS_SX,H,unmanaged,2903017,90,259.23
29,2903017,SBS_SX,H,unmanaged,2903017,100,278.01
29,2903017,SBS_SX,H,unmanaged,2903017,110,291.41
29,2903017,SBS_SX,H,unmanaged,2903017,120,300.68
29,2903017,SBS_SX,H,unmanaged,2903017,130,306.35
29,2903017,SBS_SX,H,unmanaged,2903017,140,308.51
29,2903017,SBS_SX,H,unmanaged,2903017,150,307.48
29,2903017,SBS_SX,H,unmanaged,2903017,160,304.1
29,2903017,SBS_SX,H,unmanaged,2903017,170,299.33
29,2903017,SBS_SX,H,unmanaged,2903017,180,293.79
29,2903017,SBS_SX,H,unmanaged,2903017,190,287.79
29,2903017,SBS_SX,H,unmanaged,2903017,200,281.48
29,2903017,SBS_SX,H,unmanaged,2903017,210,274.95
29,2903017,SBS_SX,H,unmanaged,2903017,220,268.29
29,2903017,SBS_SX,H,unmanaged,2903017,230,261.66
29,2903017,SBS_SX,H,unmanaged,2903017,240,255.29
29,2903017,SBS_SX,H,unmanaged,2903017,250,249.41
29,2903017,SBS_SX,H,unmanaged,2903017,260,244.08
29,2903017,SBS_SX,H,unmanaged,2903017,270,239.14
29,2903017,SBS_SX,H,unmanaged,2903017,280,234.28
29,2903017,SBS_SX,H,unmanaged,2903017,290,229.4
29,2903017,SBS_SX,H,unmanaged,2903017,299,225.56
29,2903017,SBS_SX,H,managed,2923017,0,0.0
29,2903017,SBS_SX,H,managed,2923017,10,0.0
29,2903017,SBS_SX,H,managed,2923017,20,0.0
29,2903017,SBS_SX,H,managed,2923017,30,4.1
29,2903017,SBS_SX,H,managed,2923017,40,43.5
29,2903017,SBS_SX,H,managed,2923017,50,111.3
29,2903017,SBS_SX,H,managed,2923017,60,182.6
29,2903017,SBS_SX,H,managed,2923017,70,246.1
29,2903017,SBS_SX,H,managed,2923017,80,298.9
29,2903017,SBS_SX,H,managed,2923017,90,341.3
29,2903017,SBS_SX,H,managed,2923017,100,375.3
29,2903017,SBS_SX,H,managed,2923017,110,402.4
29,2903017,SBS_SX,H,managed,2923017,120,424.3
29,2903017,SBS_SX,H,managed,2923017,130,442.7
29,2903017,SBS_SX,H,managed,2923017,140,457.0
29,2903017,SBS_SX,H,managed,2923017,150,468.8
29,2903017,SBS_SX,H,managed,2923017,160,478.6
29,2903017,SBS_SX,H,managed,2923017,170,486.7
29,2903017,SBS_SX,H,managed,2923017,180,493.2
29,2903017,SBS_SX,H,managed,2923017,190,498.4
29,2903017,SBS_SX,H,managed,2923017,200,502.5
29,2903017,SBS_SX,H,managed,2923017,210,505.7
29,2903017,SBS_SX,H,managed,2923017,220,508.1
29,2903017,SBS_SX,H,managed,2923017,230,510.0
29,2903017,SBS_SX,H,managed,2923017,240,511.5
29,2903017,SBS_SX,H,managed,2923017,250,512.4
29,2903017,SBS_SX,H,managed,2923017,260,513.0
29,2903017,SBS_SX,H,managed,2923017,270,513.1
29,2903017,SBS_SX,H,managed,2923017,280,512.7
29,2903017,SBS_SX,H,managed,2923017,290,512.0
29,2903017,SBS_SX,H,managed,2923017,300,511.2
29,2903017,SBS_SX,H,managed,2923017,310,510.1
29,2903017,SBS_SX,H,managed,2923017,320,508.8
29,2903017,SBS_SX,H,managed,2923017,330,507.4
29,2903017,SBS_SX,H,managed,2923017,340,505.8
29,2903017,SBS_SX,H,managed,2923017,350,504.2
