CURVE,X,Y
624,0,0.1
624,1,0.1
624,10,4
624,20,12.7
624,30,24.3
624,40,37.6
624,50,52
624,60,65.5
624,70,78.2
624,80,97.8
624,90,115.5
624,100,134.7
624,110,155.9
624,120,177.9
624,130,199
624,140,216.9
624,150,230.8
624,160,240.4
624,170,246.1
624,180,249
624,190,250.3
624,200,250.8
624,210,250.9
624,220,250.9
624,230,251.2
624,250,252.4
624,260,252.2
624,270,251.2
624,280,249.6
624,290,247.7
624,299,246.3
611,0,0.1
611,1,0.1
611,10,4
611,20,12.7
611,30,24.3
611,40,37.6
611,50,52
611,60,65.5
611,70,78.2
611,80,97.8
611,90,115.5
611,100,134.7
611,110,155.9
611,120,177.9
611,130,199
611,140,216.9
611,150,230.8
611,160,240.4
611,170,246.1
611,180,249
611,190,250.3
611,200,250.8
611,210,250.9
611,220,250.9
611,230,251.2
611,250,252.4
611,260,252.2
611,270,251.2
611,280,249.6
611,290,247.7
611,299,246.3
496,0,0.1
496,1,0.1
496,10,4
496,20,12.7
496,30,24.3
496,40,37.6
496,50,52
496,60,65.5
496,70,78.2
496,80,97.8
496,90,115.5
496,100,134.7
496,110,155.9
496,120,177.9
496,130,199
496,140,216.9
496,150,230.8
496,160,240.4
496,170,246.1
496,180,249
496,190,250.3
496,200,250.8
496,210,250.9
496,220,250.9
496,230,251.2
496,250,252.4
496,260,252.2
496,270,251.2
496,280,249.6
496,290,247.7
496,299,246.3
163,0,0.1
163,1,0.1
163,10,4
163,20,12.7
163,30,24.3
163,40,37.6
163,50,52
163,60,65.5
163,70,78.2
163,80,97.8
163,90,115.5
163,100,134.7
163,110,155.9
163,120,177.9
163,130,199
163,140,216.9
163,150,230.8
163,160,240.4
163,170,246.1
163,180,249
163,190,250.3
163,200,250.8
163,210,250.9
163,220,250.9
163,230,251.2
163,250,252.4
163,260,252.2
163,270,251.2
163,280,249.6
163,290,247.7
163,299,246.3
160,0,0.1
160,1,0.1
160,10,4
160,20,12.7
160,30,24.3
160,40,37.6
160,50,52
160,60,65.5
160,70,78.2
160,80,97.8
160,90,115.5
160,100,134.7
160,110,155.9
160,120,177.9
160,130,199
160,140,216.9
160,150,230.8
160,160,240.4
160,170,246.1
160,180,249
160,190,250.3
160,200,250.8
160,210,250.9
160,220,250.9
160,230,251.2
160,250,252.4
160,260,252.2
160,270,251.2
160,280,249.6
160,290,247.7
160,299,246.3
23,0,1
639,69,0
639,70,1
506,69,0
506,70,219.6
506,80,263.9
506,90,300.5
506,100,330.6
506,110,356
506,120,377.3
506,130,395.1
506,140,407.4
506,150,417.2
506,160,428.1
506,170,438.3
506,180,447.5
506,190,455.5
506,200,462.4
506,210,468.7
506,220,474.3
506,230,479
506,240,483.1
506,250,486.4
506,260,489.2
506,270,491.6
506,280,493.5
506,290,495
506,300,496.2
506,310,497.1
506,320,497.7
506,330,498.1
506,340,498.2
638,69,0
638,70,254.1
638,80,304.8
638,90,346.5
638,100,381.1
638,110,410.1
638,120,434.4
638,130,454.7
638,140,468.8
638,150,480.1
638,160,492.5
638,170,504.3
638,180,514.9
638,190,524
638,200,532
638,210,539.3
638,220,545.6
638,230,551
638,240,555.6
638,250,559.4
638,260,562.6
638,270,565.3
638,280,567.4
638,290,569.2
638,300,570.5
638,310,571.5
638,320,572.2
638,330,572.7
638,340,572.8
638,350,572.7
634,69,0
634,70,246.1
634,80,298.9
634,90,341.3
634,100,375.3
634,110,402.4
634,120,424.3
634,130,442.7
634,140,457
634,150,468.8
634,160,478.6
634,170,486.7
634,180,493.2
634,190,498.4
634,200,502.5
634,210,505.7
634,220,508.1
634,230,510
634,240,511.5
634,250,512.4
634,260,513
634,270,513.1
634,280,512.7
634,290,512
634,300,511.2
634,310,510.1
634,320,508.8
634,330,507.4
634,350,504.2
630,69,0
630,70,246.1
630,80,298.9
630,90,341.3
630,100,375.3
630,110,402.4
630,120,424.3
630,130,442.7
630,140,457
630,150,468.8
630,160,478.6
630,170,486.7
630,180,493.2
630,190,498.4
630,200,502.5
630,210,505.7
630,220,508.1
630,230,510
630,240,511.5
630,250,512.4
630,260,513
630,270,513.1
630,280,512.7
630,290,512
630,300,511.2
630,310,510.1
630,320,508.8
630,330,507.4
630,350,504.2
493,69,0
493,70,246.1
493,80,298.9
493,90,341.3
493,100,375.3
493,110,402.4
493,120,424.3
493,130,442.7
493,140,457
493,150,468.8
493,160,478.6
493,170,486.7
493,180,493.2
493,190,498.4
493,200,502.5
493,210,505.7
493,220,508.1
493,230,510
493,240,511.5
493,250,512.4
493,260,513
493,270,513.1
493,280,512.7
493,290,512
493,300,511.2
493,310,510.1
493,320,508.8
493,330,507.4
493,350,504.2
448,69,0
448,70,254.1
448,80,304.8
448,90,346.5
448,100,381.1
448,110,410.1
448,120,434.4
448,130,454.7
448,140,468.8
448,150,480.1
448,160,492.5
448,170,504.3
448,180,514.9
448,190,524
448,200,532
448,210,539.3
448,220,545.6
448,230,551
448,240,555.6
448,250,559.4
448,260,562.6
448,270,565.3
448,280,567.4
448,290,569.2
448,300,570.5
448,310,571.5
448,320,572.2
448,330,572.7
448,340,572.8
448,350,572.7
407,69,0
407,70,1
620,69,0
620,70,291.9
620,80,349.2
620,90,396.6
620,100,435.7
620,110,467.1
620,120,493.7
620,130,515.9
620,140,533.6
620,150,548.3
620,160,560.8
620,170,570.9
620,180,579.4
620,190,587
620,200,593.4
620,210,598.4
620,220,602.6
620,230,605.7
620,240,607.6
620,250,609
620,260,609.9
620,270,610.7
620,280,611.2
620,290,611.3
620,300,611.1
620,310,610.6
620,320,608.6
620,350,597.8
641,69,0
641,70,291.9
641,80,349.2
641,90,396.6
641,100,435.7
641,110,467.1
641,120,493.7
641,130,515.9
641,140,533.6
641,150,548.3
641,160,560.8
641,170,570.9
641,180,579.4
641,190,587
641,200,593.4
641,210,598.4
641,220,602.6
641,230,605.7
641,240,607.6
641,250,609
641,260,609.9
641,270,610.7
641,280,611.2
641,290,611.3
641,300,611.1
641,310,610.6
641,320,608.6
641,350,597.8
418,69,0
418,70,291.9
418,80,349.2
418,90,396.6
418,100,435.7
418,110,467.1
418,120,493.7
418,130,515.9
418,140,533.6
418,150,548.3
418,160,560.8
418,170,570.9
418,180,579.4
418,190,587
418,200,593.4
418,210,598.4
418,220,602.6
418,230,605.7
418,240,607.6
418,250,609
418,260,609.9
418,270,610.7
418,280,611.2
418,290,611.3
418,300,611.1
418,310,610.6
418,320,608.6
418,350,597.8
406,69,0
406,70,291.9
406,80,349.2
406,90,396.6
406,100,435.7
406,110,467.1
406,120,493.7
406,130,515.9
406,140,533.6
406,150,548.3
406,160,560.8
406,170,570.9
406,180,579.4
406,190,587
406,200,593.4
406,210,598.4
406,220,602.6
406,230,605.7
406,240,607.6
406,250,609
406,260,609.9
406,270,610.7
406,280,611.2
406,290,611.3
406,300,611.1
406,310,610.6
406,320,608.6
406,350,597.8
601,89,0
601,90,1
605,89,0
605,90,221
605,100,252.2
605,110,278.4
605,120,300.8
605,130,319.7
605,140,332.8
605,150,343
605,160,353.7
605,170,363.5
605,180,372.4
605,190,380
605,200,386.3
605,210,392
605,220,397.1
605,230,401.5
605,240,405.2
605,250,408.4
605,260,411.4
605,270,413.8
605,280,415.8
605,290,417.5
605,300,418.8
605,310,420
605,320,421
605,330,421.6
605,340,422.1
605,350,422.4
444,89,0
444,90,221
444,100,252.2
444,110,278.4
444,120,300.8
444,130,319.7
444,140,332.8
444,150,343
444,160,353.7
444,170,363.5
444,180,372.4
444,190,380
444,200,386.3
444,210,392
444,220,397.1
444,230,401.5
444,240,405.2
444,250,408.4
444,260,411.4
444,270,413.8
444,280,415.8
444,290,417.5
444,300,418.8
444,310,420
444,320,421
444,330,421.6
444,340,422.1
444,350,422.4
399,89,0
399,90,1
600,89,0
600,90,244.2
600,100,282.5
600,110,314.7
600,120,342.4
600,130,366.1
600,140,386.5
600,150,403.6
600,160,418.2
600,170,430.8
600,180,442.2
600,190,451.8
600,200,459.7
600,210,466.3
600,220,472
600,230,476.8
600,240,481
600,250,484.5
600,260,487.4
600,270,489.6
600,280,491.4
600,290,492.8
600,300,493.8
600,310,494.7
600,320,495.3
600,330,495.6
600,340,495.7
600,350,495.6
398,89,0
398,90,244.2
398,100,282.5
398,110,314.7
398,120,342.4
398,130,366.1
398,140,386.5
398,150,403.6
398,160,418.2
398,170,430.8
398,180,442.2
398,190,451.8
398,200,459.7
398,210,466.3
398,220,472
398,230,476.8
398,240,481
398,250,484.5
398,260,487.4
398,270,489.6
398,280,491.4
398,290,492.8
398,300,493.8
398,310,494.7
398,320,495.3
398,330,495.6
398,340,495.7
398,350,495.6
503,79,0
503,80,1
382,79,0
382,80,1
622,79,0
622,80,214.3
622,90,254.4
622,100,287.5
622,110,314.8
622,120,336.9
622,130,355.4
622,140,370.8
622,150,383.4
622,160,394
622,170,402.5
622,180,409.6
622,190,415.5
622,200,420.4
622,210,424.4
622,220,427.6
622,230,430.2
622,240,432.2
622,250,433.6
622,260,434.7
622,270,435.3
622,280,435.6
622,290,435.7
622,300,435.5
622,310,435
622,320,434.4
622,330,433.6
622,340,432.7
622,350,431.6
502,79,0
502,80,214.3
502,90,254.4
502,100,287.5
502,110,314.8
502,120,336.9
502,130,355.4
502,140,370.8
502,150,383.4
502,160,394
502,170,402.5
502,180,409.6
502,190,415.5
502,200,420.4
502,210,424.4
502,220,427.6
502,230,430.2
502,240,432.2
502,250,433.6
502,260,434.7
502,270,435.3
502,280,435.6
502,290,435.7
502,300,435.5
502,310,435
502,320,434.4
502,330,433.6
502,340,432.7
502,350,431.6
384,79,0
384,80,214.3
384,90,254.4
384,100,287.5
384,110,314.8
384,120,336.9
384,130,355.4
384,140,370.8
384,150,383.4
384,160,394
384,170,402.5
384,180,409.6
384,190,415.5
384,200,420.4
384,210,424.4
384,220,427.6
384,230,430.2
384,240,432.2
384,250,433.6
384,260,434.7
384,270,435.3
384,280,435.6
384,290,435.7
384,300,435.5
384,310,435
384,320,434.4
384,330,433.6
384,340,432.7
384,350,431.6
651,79,0
651,80,204.1
651,90,240.3
651,100,270.7
651,110,296.6
651,120,318.5
651,130,336.1
651,140,348.4
651,150,358.5
651,160,369.1
651,170,379
651,180,387.3
651,190,394.9
651,200,401.4
651,210,407
651,220,412.1
651,230,416.6
651,240,420.3
651,250,423.6
651,260,426.5
651,270,429
651,280,431
651,290,432.8
651,300,434.1
651,310,435.3
651,320,436.2
651,330,436.9
651,340,437.4
651,350,437.7
647,79,0
647,80,204.1
647,90,240.3
647,100,270.7
647,110,296.6
647,120,318.5
647,130,336.1
647,140,348.4
647,150,358.5
647,160,369.1
647,170,379
647,180,387.3
647,190,394.9
647,200,401.4
647,210,407
647,220,412.1
647,230,416.6
647,240,420.3
647,250,423.6
647,260,426.5
647,270,429
647,280,431
647,290,432.8
647,300,434.1
647,310,435.3
647,320,436.2
647,330,436.9
647,340,437.4
647,350,437.7
381,79,0
381,80,204.1
381,90,240.3
381,100,270.7
381,110,296.6
381,120,318.5
381,130,336.1
381,140,348.4
381,150,358.5
381,160,369.1
381,170,379
381,180,387.3
381,190,394.9
381,200,401.4
381,210,407
381,220,412.1
381,230,416.6
381,240,420.3
381,250,423.6
381,260,426.5
381,270,429
381,280,431
381,290,432.8
381,300,434.1
381,310,435.3
381,320,436.2
381,330,436.9
381,340,437.4
381,350,437.7
554,129,0
554,130,57.3
554,140,63.2
554,150,68.3
554,160,72.4
554,170,75.8
554,180,78.6
554,190,81
554,200,83.2
554,210,84.9
554,220,86.3
554,230,87.4
554,240,88.2
554,250,88.8
554,260,89.2
554,270,89.5
554,280,89.7
554,290,89.7
554,310,89.5
554,320,89.3
554,350,88.4
321,129,0
321,130,57.3
321,140,63.2
321,150,68.3
321,160,72.4
321,170,75.8
321,180,78.6
321,190,81
321,200,83.2
321,210,84.9
321,220,86.3
321,230,87.4
321,240,88.2
321,250,88.8
321,260,89.2
321,270,89.5
321,280,89.7
321,290,89.7
321,310,89.5
321,320,89.3
321,350,88.4
70,129,0
70,130,1
609,129,0
609,130,283.7
609,140,309.5
609,150,334.5
609,160,356.7
609,170,376.9
609,180,394.9
609,190,410.9
609,200,425.3
609,210,438.1
609,220,449.5
609,230,460.3
609,240,470.9
609,250,480.3
609,260,488.7
609,270,496.2
609,280,502.8
609,290,509
609,300,514.5
609,310,519.4
609,320,523.6
609,330,527.4
609,340,530.6
609,350,533.4
434,129,0
434,130,283.7
434,140,309.5
434,150,334.5
434,160,356.7
434,170,376.9
434,180,394.9
434,190,410.9
434,200,425.3
434,210,438.1
434,220,449.5
434,230,460.3
434,240,470.9
434,250,480.3
434,260,488.7
434,270,496.2
434,280,502.8
434,290,509
434,300,514.5
434,310,519.4
434,320,523.6
434,330,527.4
434,340,530.6
434,350,533.4
588,129,0
588,130,187.8
588,140,207
588,150,223.9
588,160,238.8
588,170,251.9
588,180,263.4
588,190,273.4
588,200,282.4
588,210,290.1
588,220,296.6
588,230,302.2
588,240,307
588,250,311.1
588,260,314.4
588,270,317.2
588,280,319.4
588,290,321.1
588,300,322.5
588,310,323.5
588,320,324.2
588,330,324.6
588,340,324.8
304,129,0
304,130,187.8
304,140,207
304,150,223.9
304,160,238.8
304,170,251.9
304,180,263.4
304,190,273.4
304,200,282.4
304,210,290.1
304,220,296.6
304,230,302.2
304,240,307
304,250,311.1
304,260,314.4
304,270,317.2
304,280,319.4
304,290,321.1
304,300,322.5
304,310,323.5
304,320,324.2
304,330,324.6
304,340,324.8
226,129,0
226,130,84
226,140,92.4
226,150,99.3
226,160,105.7
226,170,111.4
226,180,116.4
226,190,120.8
226,200,124.5
226,210,127.6
226,220,130.2
226,230,132.4
226,240,134.2
226,250,135.6
226,260,136.8
226,270,137.8
226,280,138.5
226,290,139
226,300,139.4
226,310,139.7
226,320,139.8
226,340,139.8
226,350,139.7
172,129,0
172,130,84
172,140,92.4
172,150,99.3
172,160,105.7
172,170,111.4
172,180,116.4
172,190,120.8
172,200,124.5
172,210,127.6
172,220,130.2
172,230,132.4
172,240,134.2
172,250,135.6
172,260,136.8
172,270,137.8
172,280,138.5
172,290,139
172,300,139.4
172,310,139.7
172,320,139.8
172,340,139.8
172,350,139.7
134,129,0
134,130,84
134,140,92.4
134,150,99.3
134,160,105.7
134,170,111.4
134,180,116.4
134,190,120.8
134,200,124.5
134,210,127.6
134,220,130.2
134,230,132.4
134,240,134.2
134,250,135.6
134,260,136.8
134,270,137.8
134,280,138.5
134,290,139
134,300,139.4
134,310,139.7
134,320,139.8
134,340,139.8
134,350,139.7
69,129,0
69,130,84
69,140,92.4
69,150,99.3
69,160,105.7
69,170,111.4
69,180,116.4
69,190,120.8
69,200,124.5
69,210,127.6
69,220,130.2
69,230,132.4
69,240,134.2
69,250,135.6
69,260,136.8
69,270,137.8
69,280,138.5
69,290,139
69,300,139.4
69,310,139.7
69,320,139.8
69,340,139.8
69,350,139.7
51,139,0
51,140,1
526,139,0
526,140,84.2
526,150,91.6
526,160,98.1
526,170,103.8
526,180,108.6
526,190,112.8
526,200,116.2
526,210,119.4
526,220,122.1
526,230,124.3
526,240,126.2
526,250,127.7
526,260,128.9
526,270,129.9
526,280,130.7
526,290,131.3
526,300,131.8
526,310,132.1
526,320,132.3
526,330,132.3
526,340,132.4
526,350,132.3
292,139,0
292,140,84.2
292,150,91.6
292,160,98.1
292,170,103.8
292,180,108.6
292,190,112.8
292,200,116.2
292,210,119.4
292,220,122.1
292,230,124.3
292,240,126.2
292,250,127.7
292,260,128.9
292,270,129.9
292,280,130.7
292,290,131.3
292,300,131.8
292,310,132.1
292,320,132.3
292,330,132.3
292,340,132.4
292,350,132.3
252,139,0
252,140,74
252,150,79.6
252,160,85
252,170,90.2
252,180,94.7
252,190,98.6
252,200,101.8
252,210,104.5
252,220,106.6
252,230,108.3
252,240,109.8
252,250,110.9
252,260,111.7
252,270,112.4
252,280,112.8
252,300,113.2
252,310,113.2
252,320,113.1
252,330,112.9
252,350,112.3
130,139,0
130,140,74
130,150,79.6
130,160,85
130,170,90.2
130,180,94.7
130,190,98.6
130,200,101.8
130,210,104.5
130,220,106.6
130,230,108.3
130,240,109.8
130,250,110.9
130,260,111.7
130,270,112.4
130,280,112.8
130,300,113.2
130,310,113.2
130,320,113.1
130,330,112.9
130,350,112.3
519,139,0
519,140,91.9
519,150,99.6
519,160,106.8
519,170,113.2
519,180,118.7
519,190,123.3
519,200,127.2
519,210,130.5
519,220,133.5
519,230,136
519,240,138.1
519,250,139.8
519,260,141.3
519,270,142.4
519,280,143.3
519,290,144
519,300,144.5
519,310,144.9
519,330,145.3
519,340,145.3
519,350,145.2
516,139,0
516,140,91.9
516,150,99.6
516,160,106.8
516,170,113.2
516,180,118.7
516,190,123.3
516,200,127.2
516,210,130.5
516,220,133.5
516,230,136
516,240,138.1
516,250,139.8
516,260,141.3
516,270,142.4
516,280,143.3
516,290,144
516,300,144.5
516,310,144.9
516,330,145.3
516,340,145.3
516,350,145.2
275,139,0
275,140,91.9
275,150,99.6
275,160,106.8
275,170,113.2
275,180,118.7
275,190,123.3
275,200,127.2
275,210,130.5
275,220,133.5
275,230,136
275,240,138.1
275,250,139.8
275,260,141.3
275,270,142.4
275,280,143.3
275,290,144
275,300,144.5
275,310,144.9
275,330,145.3
275,340,145.3
275,350,145.2
271,139,0
271,140,91.9
271,150,99.6
271,160,106.8
271,170,113.2
271,180,118.7
271,190,123.3
271,200,127.2
271,210,130.5
271,220,133.5
271,230,136
271,240,138.1
271,250,139.8
271,260,141.3
271,270,142.4
271,280,143.3
271,290,144
271,300,144.5
271,310,144.9
271,330,145.3
271,340,145.3
271,350,145.2
193,139,0
193,140,86.6
193,150,93.7
193,160,100.4
193,170,106.5
193,180,112
193,190,116.7
193,200,120.9
193,210,124.5
193,220,127.6
193,230,130.4
193,240,132.9
193,250,135.1
193,260,137
193,270,138.6
193,280,140
193,290,141.2
193,300,142.2
193,310,143.1
193,320,143.9
193,340,145.1
193,350,145.5
178,139,0
178,140,95.6
178,150,103.7
178,160,111.2
178,170,118.1
178,180,124.1
178,190,129.6
178,200,134.3
178,210,138.4
178,220,141.9
178,230,145
178,240,147.9
178,250,150.4
178,260,152.5
178,270,154.4
178,280,156
178,290,157.3
178,300,158.5
178,310,159.5
178,320,160.4
178,340,161.8
178,350,162.3
50,139,0
50,140,86.6
50,150,93.7
50,160,100.4
50,170,106.5
50,180,112
50,190,116.7
50,200,120.9
50,210,124.5
50,220,127.6
50,230,130.4
50,240,132.9
50,250,135.1
50,260,137
50,270,138.6
50,280,140
50,290,141.2
50,300,142.2
50,310,143.1
50,320,143.9
50,340,145.1
50,350,145.5
43,139,0
43,140,1
597,139,0
597,140,222.5
597,150,241.6
597,160,258.3
597,170,273.3
597,180,286.6
597,190,298.5
597,200,309.1
597,210,318.6
597,220,327
597,230,334.4
597,240,340.7
597,250,346.4
597,260,351.4
597,270,355.9
597,280,359.9
597,290,363.6
597,300,366.8
597,310,369.6
597,320,371.7
597,330,373.6
597,340,375.1
597,350,376.4
402,139,0
402,140,222.5
402,150,241.6
402,160,258.3
402,170,273.3
402,180,286.6
402,190,298.5
402,200,309.1
402,210,318.6
402,220,327
402,230,334.4
402,240,340.7
402,250,346.4
402,260,351.4
402,270,355.9
402,280,359.9
402,290,363.6
402,300,366.8
402,310,369.6
402,320,371.7
402,330,373.6
402,340,375.1
402,350,376.4
90,139,0
90,140,95.6
90,150,103.7
90,160,111.2
90,170,118.1
90,180,124.1
90,190,129.6
90,200,134.3
90,210,138.4
90,220,141.9
90,230,145
90,240,147.9
90,250,150.4
90,260,152.5
90,270,154.4
90,280,156
90,290,157.3
90,300,158.5
90,310,159.5
90,320,160.4
90,340,161.8
90,350,162.3
42,139,0
42,140,95.6
42,150,103.7
42,160,111.2
42,170,118.1
42,180,124.1
42,190,129.6
42,200,134.3
42,210,138.4
42,220,141.9
42,230,145
42,240,147.9
42,250,150.4
42,260,152.5
42,270,154.4
42,280,156
42,290,157.3
42,300,158.5
42,310,159.5
42,320,160.4
42,340,161.8
42,350,162.3
574,119,0
574,120,117.4
574,130,130.1
574,140,140.6
574,150,150.3
574,160,158.6
574,170,165.4
574,180,170.8
574,190,175.3
574,200,178.8
574,210,181.6
574,220,183.7
574,230,185.3
574,240,186.5
574,250,187.3
574,260,187.8
574,270,188
574,280,188.1
574,290,188
574,300,187.7
574,310,187.3
574,320,186.8
574,330,186.2
574,340,185.4
574,350,184.7
332,119,0
332,120,117.4
332,130,130.1
332,140,140.6
332,150,150.3
332,160,158.6
332,170,165.4
332,180,170.8
332,190,175.3
332,200,178.8
332,210,181.6
332,220,183.7
332,230,185.3
332,240,186.5
332,250,187.3
332,260,187.8
332,270,188
332,280,188.1
332,290,188
332,300,187.7
332,310,187.3
332,320,186.8
332,330,186.2
332,340,185.4
332,350,184.7
551,119,0
551,120,77.2
551,130,85.5
551,140,92.4
551,150,98.8
551,160,104.3
551,170,108.7
551,180,112.3
551,190,115.2
551,200,117.6
551,210,119.4
551,220,120.8
551,230,121.9
551,240,122.6
551,250,123.1
551,260,123.5
551,280,123.7
551,290,123.6
551,310,123.2
551,330,122.4
551,350,121.4
308,119,0
308,120,77.2
308,130,85.5
308,140,92.4
308,150,98.8
308,160,104.3
308,170,108.7
308,180,112.3
308,190,115.2
308,200,117.6
308,210,119.4
308,220,120.8
308,230,121.9
308,240,122.6
308,250,123.1
308,260,123.5
308,280,123.7
308,290,123.6
308,310,123.2
308,330,122.4
308,350,121.4
206,119,0
206,120,70.3
206,130,80.3
206,140,87.2
206,160,98.4
206,170,103.7
206,180,108.2
206,190,112
206,200,115
206,210,117.4
206,220,119.5
206,230,121.2
206,240,122.6
206,250,123.6
206,260,124.3
206,270,124.8
206,280,125.2
206,290,125.3
206,300,125.3
206,310,125.2
206,320,125
206,340,124.4
206,350,124
521,119,0
521,120,118.1
521,130,131.3
521,140,141.8
521,150,150.5
521,160,158.5
521,170,165.6
521,180,171.5
521,190,176.5
521,200,180.6
521,210,184
521,220,187
521,230,189.4
521,240,191.3
521,250,192.8
521,260,193.9
521,270,194.8
521,280,195.4
521,290,195.8
521,300,196
521,310,196.1
521,320,196
521,330,195.8
521,340,195.5
521,350,195.1
117,119,0
117,120,118.1
117,130,131.3
117,140,141.8
117,150,150.5
117,160,158.5
117,170,165.6
117,180,171.5
117,190,176.5
117,200,180.6
117,210,184
117,220,187
117,230,189.4
117,240,191.3
117,250,192.8
117,260,193.9
117,270,194.8
117,280,195.4
117,290,195.8
117,300,196
117,310,196.1
117,320,196
117,330,195.8
117,340,195.5
117,350,195.1
106,119,0
106,120,118.1
106,130,131.3
106,140,141.8
106,150,150.5
106,160,158.5
106,170,165.6
106,180,171.5
106,190,176.5
106,200,180.6
106,210,184
106,220,187
106,230,189.4
106,240,191.3
106,250,192.8
106,260,193.9
106,270,194.8
106,280,195.4
106,290,195.8
106,300,196
106,310,196.1
106,320,196
106,330,195.8
106,340,195.5
106,350,195.1
126,119,0
126,120,70.3
126,130,80.3
126,140,87.2
126,160,98.4
126,170,103.7
126,180,108.2
126,190,112
126,200,115
126,210,117.4
126,220,119.5
126,230,121.2
126,240,122.6
126,250,123.6
126,260,124.3
126,270,124.8
126,280,125.2
126,290,125.3
126,300,125.3
126,310,125.2
126,320,125
126,340,124.4
126,350,124
95,119,0
95,120,70.3
95,130,80.3
95,140,87.2
95,160,98.4
95,170,103.7
95,180,108.2
95,190,112
95,200,115
95,210,117.4
95,220,119.5
95,230,121.2
95,240,122.6
95,250,123.6
95,260,124.3
95,270,124.8
95,280,125.2
95,290,125.3
95,300,125.3
95,310,125.2
95,320,125
95,340,124.4
95,350,124
33,119,0
33,120,1
187,119,0
187,120,128.6
187,130,143.1
187,140,154.6
187,150,164.3
187,160,173.2
187,170,181.2
187,180,187.9
187,190,193.4
187,200,198.1
187,210,201.9
187,220,205
187,230,207.7
187,240,209.9
187,250,211.6
187,260,212.9
187,270,213.9
187,280,214.6
187,290,215.1
187,300,215.3
187,310,215.4
187,320,215.4
187,330,215.2
187,340,214.9
187,350,214.5
32,119,0
32,120,128.6
32,130,143.1
32,140,154.6
32,150,164.3
32,160,173.2
32,170,181.2
32,180,187.9
32,190,193.4
32,200,198.1
32,210,201.9
32,220,205
32,230,207.7
32,240,209.9
32,250,211.6
32,260,212.9
32,270,213.9
32,280,214.6
32,290,215.1
32,300,215.3
32,310,215.4
32,320,215.4
32,330,215.2
32,340,214.9
32,350,214.5
28,119,0
28,120,1
239,119,0
239,120,166.9
239,130,185.2
239,140,201
239,150,214.9
239,160,227.2
239,170,238.1
239,180,247.7
239,190,256.1
239,200,263.6
239,210,269.9
239,220,275.5
239,230,280.4
239,240,284.8
239,250,288.8
239,260,292.3
239,270,295.3
239,280,297.8
239,290,299.9
239,300,301.7
239,310,303.1
239,320,304.3
239,330,305.3
239,340,306
239,350,306.6
199,119,0
199,120,166.9
199,130,185.2
199,140,201
199,150,214.9
199,160,227.2
199,170,238.1
199,180,247.7
199,190,256.1
199,200,263.6
199,210,269.9
199,220,275.5
199,230,280.4
199,240,284.8
199,250,288.8
199,260,292.3
199,270,295.3
199,280,297.8
199,290,299.9
199,300,301.7
199,310,303.1
199,320,304.3
199,330,305.3
199,340,306
199,350,306.6
27,119,0
27,120,166.9
27,130,185.2
27,140,201
27,150,214.9
27,160,227.2
27,170,238.1
27,180,247.7
27,190,256.1
27,200,263.6
27,210,269.9
27,220,275.5
27,230,280.4
27,240,284.8
27,250,288.8
27,260,292.3
27,270,295.3
27,280,297.8
27,290,299.9
27,300,301.7
27,310,303.1
27,320,304.3
27,330,305.3
27,340,306
27,350,306.6
74,109,0
74,110,1
247,109,0
247,110,102.4
247,120,117.5
247,130,130.5
247,140,138.2
247,150,143.9
247,160,150.2
247,170,156.3
247,180,161.4
247,190,165.5
247,200,168.8
247,210,171.5
247,220,173.6
247,230,175.2
247,240,176.3
247,250,177.1
247,260,177.6
247,270,177.8
247,280,177.8
247,290,177.7
247,300,177.4
247,310,177
247,320,176.5
247,330,175.9
247,350,174.5
77,109,0
77,110,102.4
77,120,117.5
77,130,130.5
77,140,138.2
77,150,143.9
77,160,150.2
77,170,156.3
77,180,161.4
77,190,165.5
77,200,168.8
77,210,171.5
77,220,173.6
77,230,175.2
77,240,176.3
77,250,177.1
77,260,177.6
77,270,177.8
77,280,177.8
77,290,177.7
77,300,177.4
77,310,177
77,320,176.5
77,330,175.9
77,350,174.5
175,109,0
175,110,80
175,120,91.8
175,130,101.9
175,140,106.7
175,150,110
175,160,114.5
175,170,119.3
175,180,123.3
175,190,126.5
175,200,129
175,210,131.1
175,220,132.7
175,230,134
175,240,134.9
175,250,135.5
175,260,135.9
175,270,136.1
175,280,136.2
175,290,136.1
175,300,135.9
175,310,135.6
175,320,135.2
175,350,133.7
278,109,0
278,110,80
278,120,91.8
278,130,101.9
278,140,106.7
278,150,110
278,160,114.5
278,170,119.3
278,180,123.3
278,190,126.5
278,200,129
278,210,131.1
278,220,132.7
278,230,134
278,240,134.9
278,250,135.5
278,260,135.9
278,270,136.1
278,280,136.2
278,290,136.1
278,300,135.9
278,310,135.6
278,320,135.2
278,350,133.7
223,109,0
223,110,80
223,120,91.8
223,130,101.9
223,140,106.7
223,150,110
223,160,114.5
223,170,119.3
223,180,123.3
223,190,126.5
223,200,129
223,210,131.1
223,220,132.7
223,230,134
223,240,134.9
223,250,135.5
223,260,135.9
223,270,136.1
223,280,136.2
223,290,136.1
223,300,135.9
223,310,135.6
223,320,135.2
223,350,133.7
65,109,0
65,110,80
65,120,91.8
65,130,101.9
65,140,106.7
65,150,110
65,160,114.5
65,170,119.3
65,180,123.3
65,190,126.5
65,200,129
65,210,131.1
65,220,132.7
65,230,134
65,240,134.9
65,250,135.5
65,260,135.9
65,270,136.1
65,280,136.2
65,290,136.1
65,300,135.9
65,310,135.6
65,320,135.2
65,350,133.7
20,109,0
20,110,1
576,109,0
576,110,149
576,120,167.3
576,130,182.5
576,140,194.9
576,150,205
576,160,214
576,170,221.3
576,180,227.1
576,190,231.7
576,200,235.3
576,210,238.1
576,220,240.1
576,230,241.6
576,240,242.5
576,250,243.1
576,260,243.3
576,270,243.3
576,280,243
576,290,242.5
576,300,241.9
576,310,241.1
576,320,240.2
576,340,238.2
576,350,237
570,109,0
570,110,149
570,120,167.3
570,130,182.5
570,140,194.9
570,150,205
570,160,214
570,170,221.3
570,180,227.1
570,190,231.7
570,200,235.3
570,210,238.1
570,220,240.1
570,230,241.6
570,240,242.5
570,250,243.1
570,260,243.3
570,270,243.3
570,280,243
570,290,242.5
570,300,241.9
570,310,241.1
570,320,240.2
570,340,238.2
570,350,237
325,109,0
325,110,149
325,120,167.3
325,130,182.5
325,140,194.9
325,150,205
325,160,214
325,170,221.3
325,180,227.1
325,190,231.7
325,200,235.3
325,210,238.1
325,220,240.1
325,230,241.6
325,240,242.5
325,250,243.1
325,260,243.3
325,270,243.3
325,280,243
325,290,242.5
325,300,241.9
325,310,241.1
325,320,240.2
325,340,238.2
325,350,237
184,109,0
184,110,122.4
184,120,138.8
184,130,153.3
184,140,164.3
184,150,174
184,160,183.3
184,170,191.5
184,180,198.7
184,190,205
184,200,210.5
184,210,215.1
184,220,219.1
184,230,222.7
184,240,225.8
184,250,228.4
184,260,230.6
184,270,232.6
184,280,234.2
184,290,235.7
184,300,236.9
184,310,237.9
184,320,238.7
184,330,239.3
184,340,239.7
184,350,240
86,109,0
86,110,122.4
86,120,138.8
86,130,153.3
86,140,164.3
86,150,174
86,160,183.3
86,170,191.5
86,180,198.7
86,190,205
86,200,210.5
86,210,215.1
86,220,219.1
86,230,222.7
86,240,225.8
86,250,228.4
86,260,230.6
86,270,232.6
86,280,234.2
86,290,235.7
86,300,236.9
86,310,237.9
86,320,238.7
86,330,239.3
86,340,239.7
86,350,240
617,109,0
617,110,177.4
617,120,196.9
617,130,213.4
617,140,225.8
617,150,236
617,160,245.8
617,170,255
617,180,262.9
617,190,269.6
617,200,275.6
617,210,280.7
617,220,285.1
617,230,288.8
617,240,292.1
617,250,294.9
617,260,297.3
617,270,299.3
617,280,301
617,290,302.3
617,300,303.5
617,310,304.5
617,320,305.3
617,330,305.8
617,340,306.2
617,350,306.4
422,109,0
422,110,177.4
422,120,196.9
422,130,213.4
422,140,225.8
422,150,236
422,160,245.8
422,170,255
422,180,262.9
422,190,269.6
422,200,275.6
422,210,280.7
422,220,285.1
422,230,288.8
422,240,292.1
422,250,294.9
422,260,297.3
422,270,299.3
422,280,301
422,290,302.3
422,300,303.5
422,310,304.5
422,320,305.3
422,330,305.8
422,340,306.2
422,350,306.4
73,109,0
73,110,150
73,120,167.5
73,130,181.8
73,140,186.7
73,150,189.2
73,160,194.4
73,170,200.4
73,180,205.2
73,190,208.9
73,200,211.9
73,210,214.1
73,220,215.8
73,230,217
73,240,217.7
73,250,218.1
73,260,218.2
73,270,218.1
73,280,217.8
73,290,217.3
73,300,216.7
73,310,216
73,320,215.2
73,330,214.3
73,350,212.3
250,109,0
250,110,150
250,120,167.5
250,130,181.8
250,140,186.7
250,150,189.2
250,160,194.4
250,170,200.4
250,180,205.2
250,190,208.9
250,200,211.9
250,210,214.1
250,220,215.8
250,230,217
250,240,217.7
250,250,218.1
250,260,218.2
250,270,218.1
250,280,217.8
250,290,217.3
250,300,216.7
250,310,216
250,320,215.2
250,330,214.3
250,350,212.3
57,109,0
57,110,150
57,120,167.5
57,130,181.8
57,140,186.7
57,150,189.2
57,160,194.4
57,170,200.4
57,180,205.2
57,190,208.9
57,200,211.9
57,210,214.1
57,220,215.8
57,230,217
57,240,217.7
57,250,218.1
57,260,218.2
57,270,218.1
57,280,217.8
57,290,217.3
57,300,216.7
57,310,216
57,320,215.2
57,330,214.3
57,350,212.3
234,109,0
234,110,107.1
234,120,121.1
234,130,133.3
234,140,142.7
234,150,151
234,160,158.7
234,170,165.6
234,180,171.8
234,190,177.1
234,200,181.6
234,210,185.4
234,220,188.9
234,230,191.9
234,240,194.5
234,250,196.7
234,260,198.5
234,270,200.2
234,280,201.7
234,290,202.9
234,300,203.9
234,310,204.7
234,320,205.3
234,330,205.8
234,340,206.1
234,350,206.3
230,109,0
230,110,107.1
230,120,121.1
230,130,133.3
230,140,142.7
230,150,151
230,160,158.7
230,170,165.6
230,180,171.8
230,190,177.1
230,200,181.6
230,210,185.4
230,220,188.9
230,230,191.9
230,240,194.5
230,250,196.7
230,260,198.5
230,270,200.2
230,280,201.7
230,290,202.9
230,300,203.9
230,310,204.7
230,320,205.3
230,330,205.8
230,340,206.1
230,350,206.3
19,109,0
19,110,107.1
19,120,121.1
19,130,133.3
19,140,142.7
19,150,151
19,160,158.7
19,170,165.6
19,180,171.8
19,190,177.1
19,200,181.6
19,210,185.4
19,220,188.9
19,230,191.9
19,240,194.5
19,250,196.7
19,260,198.5
19,270,200.2
19,280,201.7
19,290,202.9
19,300,203.9
19,310,204.7
19,320,205.3
19,330,205.8
19,340,206.1
19,350,206.3
439,179,0
439,180,1
593,179,0
593,180,273.7
593,190,289
593,200,304.4
593,210,318.3
593,220,330.9
593,230,342.5
593,240,353.1
593,250,362.6
593,260,371.3
593,270,379.1
593,280,386.2
593,290,392.6
593,300,398.4
593,310,403.5
593,320,408.2
593,330,412.3
593,340,416.1
593,350,420.1
438,179,0
438,180,273.7
438,190,289
438,200,304.4
438,210,318.3
438,220,330.9
438,230,342.5
438,240,353.1
438,250,362.6
438,260,371.3
438,270,379.1
438,280,386.2
438,290,392.6
438,300,398.4
438,310,403.5
438,320,408.2
438,330,412.3
438,340,416.1
438,350,420.1
568,199,0
568,200,46.9
568,210,49.5
568,220,51.9
568,230,54
568,240,55.8
568,250,57.5
568,260,59
568,270,60.3
568,280,61.5
568,290,62.5
568,300,63.4
568,310,64.2
568,320,64.9
568,340,65.9
568,350,66.3
543,199,0
543,200,95.2
543,210,101.2
543,220,106.6
543,230,111.4
543,240,115.6
543,250,119.3
543,260,122.6
543,270,125.5
543,280,128
543,290,130.2
543,300,132
543,310,133.6
543,320,135
543,330,136.1
543,340,137
543,350,137.7
488,199,0
488,200,46.9
488,210,49.5
488,220,51.9
488,230,54
488,240,55.8
488,250,57.5
488,260,59
488,270,60.3
488,280,61.5
488,290,62.5
488,300,63.4
488,310,64.2
488,320,64.9
488,340,65.9
488,350,66.3
313,199,0
313,200,1
560,199,0
560,200,168.2
560,210,177.8
560,220,186.4
560,230,194.3
560,240,201.3
560,250,207.6
560,260,213.3
560,270,218.3
560,280,222.8
560,290,226.7
560,300,230.3
560,310,233.4
560,320,236.1
560,330,238.5
560,340,240.6
560,350,242.4
410,199,0
410,200,168.2
410,210,177.8
410,220,186.4
410,230,194.3
410,240,201.3
410,250,207.6
410,260,213.3
410,270,218.3
410,280,222.8
410,290,226.7
410,300,230.3
410,310,233.4
410,320,236.1
410,330,238.5
410,340,240.6
410,350,242.4
312,199,0
312,200,95.2
312,210,101.2
312,220,106.6
312,230,111.4
312,240,115.6
312,250,119.3
312,260,122.6
312,270,125.5
312,280,128
312,290,130.2
312,300,132
312,310,133.6
312,320,135
312,330,136.1
312,340,137
312,350,137.7
540,169,0
540,170,138.6
540,180,148.5
540,190,157.4
540,200,165.3
540,210,172.3
540,220,178.4
540,230,183.7
540,240,188.4
540,250,192.4
540,260,195.9
540,270,198.9
540,280,201.5
540,290,203.6
540,300,205.4
540,310,206.9
540,320,208.1
540,330,209.1
540,340,209.8
540,350,210.3
336,169,0
336,170,138.6
336,180,148.5
336,190,157.4
336,200,165.3
336,210,172.3
336,220,178.4
336,230,183.7
336,240,188.4
336,250,192.4
336,260,195.9
336,270,198.9
336,280,201.5
336,290,203.6
336,300,205.4
336,310,206.9
336,320,208.1
336,330,209.1
336,340,209.8
336,350,210.3
263,169,0
263,170,1
257,169,0
257,170,1
262,169,0
262,170,197.5
262,180,212.2
262,190,225.3
262,200,237.1
262,210,247.8
262,220,257.5
262,230,266.4
262,240,274.4
262,250,281.6
262,260,288.2
262,270,294.1
262,280,299.5
262,290,304.2
262,300,308.3
262,310,312
262,320,315.4
262,330,318.3
262,340,320.9
262,350,323.3
256,169,0
256,170,197.5
256,180,212.2
256,190,225.3
256,200,237.1
256,210,247.8
256,220,257.5
256,230,266.4
256,240,274.4
256,250,281.6
256,260,288.2
256,270,294.1
256,280,299.5
256,290,304.2
256,300,308.3
256,310,312
256,320,315.4
256,330,318.3
256,340,320.9
256,350,323.3
244,159,0
244,160,1
524,159,0
524,160,72.3
524,170,78.3
524,180,83.5
524,190,88.1
524,200,92.1
524,210,95.5
524,220,98.5
524,230,101
524,240,103.2
524,250,105.2
524,260,106.9
524,270,108.3
524,280,109.6
524,290,110.6
524,300,111.4
524,310,112.1
524,320,112.7
524,330,113.1
524,340,113.4
524,350,113.6
287,159,0
287,160,72.3
287,170,78.3
287,180,83.5
287,190,88.1
287,200,92.1
287,210,95.5
287,220,98.5
287,230,101
287,240,103.2
287,250,105.2
287,260,106.9
287,270,108.3
287,280,109.6
287,290,110.6
287,300,111.4
287,310,112.1
287,320,112.7
287,330,113.1
287,340,113.4
287,350,113.6
341,159,0
341,160,51.2
341,170,55.3
341,180,59.1
341,190,62.3
341,200,65.1
341,210,67.4
341,220,69.3
341,230,70.9
341,240,72.3
341,250,73.4
341,260,74.2
341,270,74.9
341,280,75.5
341,300,76.1
341,310,76.3
341,320,76.4
341,330,76.4
341,350,76.2
243,159,0
243,160,51.2
243,170,55.3
243,180,59.1
243,190,62.3
243,200,65.1
243,210,67.4
243,220,69.3
243,230,70.9
243,240,72.3
243,250,73.4
243,260,74.2
243,270,74.9
243,280,75.5
243,300,76.1
243,310,76.3
243,320,76.4
243,330,76.4
243,350,76.2
548,249,0
548,250,1
300,249,0
300,250,1
547,249,0
547,250,135
547,260,141.2
547,270,147
547,280,152.3
547,290,157.1
547,300,161.5
547,310,165.5
547,320,169.1
547,330,172.4
547,340,175.4
547,350,178.1
299,249,0
299,250,135
299,260,141.2
299,270,147
299,280,152.3
299,290,157.1
299,300,161.5
299,310,165.5
299,320,169.1
299,330,172.4
299,340,175.4
299,350,178.1
220,219,0
220,220,1
281,219,0
281,220,204.3
281,230,215.4
281,240,225.4
281,250,234.6
281,260,243.1
281,270,251
281,280,258.2
281,290,264.9
281,300,271
281,310,276.6
281,320,281.7
281,330,286.4
281,340,290.7
281,350,294.6
219,219,0
219,220,204.3
219,230,215.4
219,240,225.4
219,250,234.6
219,260,243.1
219,270,251
219,280,258.2
219,290,264.9
219,300,271
219,310,276.6
219,320,281.7
219,330,286.4
219,340,290.7
219,350,294.6
369,149,0
369,150,1
478,149,0
478,150,47.5
478,160,51.5
478,170,55
478,180,57.8
478,190,60.2
478,200,62.1
478,210,63.7
478,220,65.1
478,230,66.4
478,240,67.5
478,250,68.3
478,260,68.9
478,280,69.7
478,290,69.9
478,300,70
478,320,70
478,330,69.9
478,350,69.5
579,149,0
579,150,57.5
579,160,62.6
579,170,66.9
579,180,70.5
579,190,73.5
579,200,76
579,210,78
579,220,79.7
579,230,81.1
579,240,82.4
579,250,83.4
579,260,84.2
579,270,84.8
579,280,85.3
579,300,85.7
579,310,85.8
579,340,85.5
579,350,85.2
473,149,0
473,150,57.5
473,160,62.6
473,170,66.9
473,180,70.5
473,190,73.5
473,200,76
473,210,78
473,220,79.7
473,230,81.1
473,240,82.4
473,250,83.4
473,260,84.2
473,270,84.8
473,280,85.3
473,300,85.7
473,310,85.8
473,340,85.5
473,350,85.2
181,149,0
181,150,76.3
181,160,83.1
181,170,89.2
181,180,94.4
181,190,99
181,200,103.2
181,210,106.8
181,220,110
181,230,112.7
181,240,114.9
181,250,116.8
181,260,118.4
181,270,119.8
181,280,120.9
181,290,121.8
181,300,122.6
181,320,123.6
181,330,123.9
181,350,124.3
168,149,0
168,150,76.3
168,160,83.1
168,170,89.2
168,180,94.4
168,190,99
168,200,103.2
168,210,106.8
168,220,110
168,230,112.7
168,240,114.9
168,250,116.8
168,260,118.4
168,270,119.8
168,280,120.9
168,290,121.8
168,300,122.6
168,320,123.6
168,330,123.9
168,350,124.3
62,149,0
62,150,76.3
62,160,83.1
62,170,89.2
62,180,94.4
62,190,99
62,200,103.2
62,210,106.8
62,220,110
62,230,112.7
62,240,114.9
62,250,116.8
62,260,118.4
62,270,119.8
62,280,120.9
62,290,121.8
62,300,122.6
62,320,123.6
62,330,123.9
62,350,124.3
11,149,0
11,150,1
529,149,0
529,150,97.6
529,170,112.2
529,180,118.5
529,190,123.8
529,200,128.4
529,210,132.2
529,220,135.5
529,230,138.3
529,240,140.7
529,250,142.6
529,260,144.3
529,270,145.6
529,280,146.7
529,290,147.6
529,300,148.2
529,310,148.7
529,320,149.1
529,330,149.3
529,340,149.4
563,149,0
563,150,214.9
563,160,232.5
563,170,248.2
563,180,262.1
563,190,274.4
563,200,285.3
563,210,294.9
563,220,303.3
563,230,310.8
563,240,317.4
563,250,323.3
563,260,328.3
563,270,332.7
563,280,336.4
563,290,339.6
563,300,342.4
563,310,344.7
563,320,346.6
563,330,348.2
563,340,349.5
563,350,350.4
413,149,0
413,150,214.9
413,160,232.5
413,170,248.2
413,180,262.1
413,190,274.4
413,200,285.3
413,210,294.9
413,220,303.3
413,230,310.8
413,240,317.4
413,250,323.3
413,260,328.3
413,270,332.7
413,280,336.4
413,290,339.6
413,300,342.4
413,310,344.7
413,320,346.6
413,330,348.2
413,340,349.5
413,350,350.4
368,149,0
368,150,214.9
368,160,232.5
368,170,248.2
368,180,262.1
368,190,274.4
368,200,285.3
368,210,294.9
368,220,303.3
368,230,310.8
368,240,317.4
368,250,323.3
368,260,328.3
368,270,332.7
368,280,336.4
368,290,339.6
368,300,342.4
368,310,344.7
368,320,346.6
368,330,348.2
368,340,349.5
368,350,350.4
317,149,0
317,150,97.6
317,170,112.2
317,180,118.5
317,190,123.8
317,200,128.4
317,210,132.2
317,220,135.5
317,230,138.3
317,240,140.7
317,250,142.6
317,260,144.3
317,270,145.6
317,280,146.7
317,290,147.6
317,300,148.2
317,310,148.7
317,320,149.1
317,330,149.3
317,340,149.4
120,149,0
120,150,85.5
120,160,92.2
120,170,98.2
120,180,103.4
120,190,107.7
120,200,111.5
120,210,114.7
120,220,117.3
120,230,119.6
120,240,121.5
120,250,123.1
120,260,124.4
120,270,125.5
120,280,126.4
120,290,127.1
120,310,128.1
120,320,128.4
120,340,128.6
190,149,0
190,150,85.5
190,160,92.2
190,170,98.2
190,180,103.4
190,190,107.7
190,200,111.5
190,210,114.7
190,220,117.3
190,230,119.6
190,240,121.5
190,250,123.1
190,260,124.4
190,270,125.5
190,280,126.4
190,290,127.1
190,310,128.1
190,320,128.4
190,340,128.6
10,149,0
10,150,85.5
10,160,92.2
10,170,98.2
10,180,103.4
10,190,107.7
10,200,111.5
10,210,114.7
10,220,117.3
10,230,119.6
10,240,121.5
10,250,123.1
10,260,124.4
10,270,125.5
10,280,126.4
10,290,127.1
10,310,128.1
10,320,128.4
10,340,128.6
215,99,0
215,100,1
6,99,0
6,100,1
214,99,0
214,100,165.8
214,110,188
214,120,207.2
214,130,223.7
214,140,235.7
214,150,245.8
214,160,255.6
214,170,264.4
214,180,272.1
214,190,278.8
214,200,284.4
214,210,289.3
214,220,293.7
214,230,297.5
214,240,300.7
214,250,303.4
214,260,305.7
214,270,307.7
214,280,309.4
214,290,310.8
214,300,311.9
214,310,312.8
214,320,313.4
214,330,313.9
214,350,314.5
109,99,0
109,100,165.8
109,110,188
109,120,207.2
109,130,223.7
109,140,235.7
109,150,245.8
109,160,255.6
109,170,264.4
109,180,272.1
109,190,278.8
109,200,284.4
109,210,289.3
109,220,293.7
109,230,297.5
109,240,300.7
109,250,303.4
109,260,305.7
109,270,307.7
109,280,309.4
109,290,310.8
109,300,311.9
109,310,312.8
109,320,313.4
109,330,313.9
109,350,314.5
100,99,0
100,100,165.8
100,110,188
100,120,207.2
100,130,223.7
100,140,235.7
100,150,245.8
100,160,255.6
100,170,264.4
100,180,272.1
100,190,278.8
100,200,284.4
100,210,289.3
100,220,293.7
100,230,297.5
100,240,300.7
100,250,303.4
100,260,305.7
100,270,307.7
100,280,309.4
100,290,310.8
100,300,311.9
100,310,312.8
100,320,313.4
100,330,313.9
100,350,314.5
203,99,0
203,100,157.4
203,110,178.3
203,120,196.3
203,130,211.8
203,140,223
203,150,232.4
203,160,241.6
203,170,249.7
203,180,257
203,190,263.2
203,200,268.4
203,210,273.1
203,220,277.2
203,230,280.7
203,240,283.7
203,250,286.1
203,260,288.4
203,270,290.2
203,280,291.8
203,290,293.1
203,300,294.1
203,310,294.9
203,320,295.5
203,330,296
203,340,296.4
203,350,296.6
47,99,0
47,100,157.4
47,110,178.3
47,120,196.3
47,130,211.8
47,140,223
47,150,232.4
47,160,241.6
47,170,249.7
47,180,257
47,190,263.2
47,200,268.4
47,210,273.1
47,220,277.2
47,230,280.7
47,240,283.7
47,250,286.1
47,260,288.4
47,270,290.2
47,280,291.8
47,290,293.1
47,300,294.1
47,310,294.9
47,320,295.5
47,330,296
47,340,296.4
47,350,296.6
38,99,0
38,100,157.4
38,110,178.3
38,120,196.3
38,130,211.8
38,140,223
38,150,232.4
38,160,241.6
38,170,249.7
38,180,257
38,190,263.2
38,200,268.4
38,210,273.1
38,220,277.2
38,230,280.7
38,240,283.7
38,250,286.1
38,260,288.4
38,270,290.2
38,280,291.8
38,290,293.1
38,300,294.1
38,310,294.9
38,320,295.5
38,330,296
38,340,296.4
38,350,296.6
613,99,0
613,100,185.4
613,110,212.1
613,120,235.1
613,130,254.6
613,140,271.2
613,150,285.2
613,160,297.1
613,170,307.3
613,180,316
613,190,323.4
613,200,329.7
613,210,335.1
613,220,339.7
613,230,343.5
613,240,346.5
613,250,349
613,260,351
613,270,352.7
613,280,354
613,290,354.9
613,300,355.6
613,310,356
613,320,356.1
613,330,356.1
613,340,355.9
613,350,355.5
498,99,0
498,100,185.4
498,110,212.1
498,120,235.1
498,130,254.6
498,140,271.2
498,150,285.2
498,160,297.1
498,170,307.3
498,180,316
498,190,323.4
498,200,329.7
498,210,335.1
498,220,339.7
498,230,343.5
498,240,346.5
498,250,349
498,260,351
498,270,352.7
498,280,354
498,290,354.9
498,300,355.6
498,310,356
498,320,356.1
498,330,356.1
498,340,355.9
498,350,355.5
162,99,0
162,100,185.4
162,110,212.1
162,120,235.1
162,130,254.6
162,140,271.2
162,150,285.2
162,160,297.1
162,170,307.3
162,180,316
162,190,323.4
162,200,329.7
162,210,335.1
162,220,339.7
162,230,343.5
162,240,346.5
162,250,349
162,260,351
162,270,352.7
162,280,354
162,290,354.9
162,300,355.6
162,310,356
162,320,356.1
162,330,356.1
162,340,355.9
162,350,355.5
452,99,0
452,100,376.6
452,110,421
452,120,459.6
452,130,493.2
452,140,523.5
452,150,552.5
452,160,577.7
452,170,600.5
452,180,620.5
452,190,638
452,200,655.4
452,210,671.7
452,220,686.1
452,230,698.7
452,240,709.7
452,250,721.2
452,260,731.7
452,270,741
452,280,749.1
452,290,756.1
452,300,762.3
452,310,767.5
452,330,776.7
452,340,781.2
452,350,785
627,99,0
627,100,376.6
627,110,421
627,120,459.6
627,130,493.2
627,140,523.5
627,150,552.5
627,160,577.7
627,170,600.5
627,180,620.5
627,190,638
627,200,655.4
627,210,671.7
627,220,686.1
627,230,698.7
627,240,709.7
627,250,721.2
627,260,731.7
627,270,741
627,280,749.1
627,290,756.1
627,300,762.3
627,310,767.5
627,330,776.7
627,340,781.2
627,350,785
429,99,0
429,100,376.6
429,110,421
429,120,459.6
429,130,493.2
429,140,523.5
429,150,552.5
429,160,577.7
429,170,600.5
429,180,620.5
429,190,638
429,200,655.4
429,210,671.7
429,220,686.1
429,230,698.7
429,240,709.7
429,250,721.2
429,260,731.7
429,270,741
429,280,749.1
429,290,756.1
429,300,762.3
429,310,767.5
429,330,776.7
429,340,781.2
429,350,785
584,99,0
584,100,193.5
584,110,217.4
584,120,238.2
584,130,255.6
584,140,268.2
584,150,278.5
584,160,288.5
584,170,298
584,180,306
584,190,313
584,200,319.2
584,210,324.5
584,220,329
584,230,333
584,240,336.4
584,250,339.3
584,260,341.7
584,270,343.7
584,280,345.4
584,290,346.9
584,300,348.2
584,310,349.2
584,320,350
584,330,350.5
584,340,350.8
584,350,351
114,99,0
114,100,193.5
114,110,217.4
114,120,238.2
114,130,255.6
114,140,268.2
114,150,278.5
114,160,288.5
114,170,298
114,180,306
114,190,313
114,200,319.2
114,210,324.5
114,220,329
114,230,333
114,240,336.4
114,250,339.3
114,260,341.7
114,270,343.7
114,280,345.4
114,290,346.9
114,300,348.2
114,310,349.2
114,320,350
114,330,350.5
114,340,350.8
114,350,351
389,99,0
389,100,175
389,110,198.5
389,120,219.1
389,130,236.1
389,140,247.3
389,150,256
389,160,264.5
389,170,272.1
389,180,278.4
389,190,283.4
389,200,287.4
389,210,290.6
389,220,293.1
389,230,295
389,240,296.4
389,250,297.3
389,260,297.9
389,270,298.2
389,280,298.1
389,290,297.9
389,300,297.5
389,310,296.9
389,320,296.2
389,330,295.4
389,340,294.5
389,350,293.5
15,99,0
15,100,175
15,110,198.5
15,120,219.1
15,130,236.1
15,140,247.3
15,150,256
15,160,264.5
15,170,272.1
15,180,278.4
15,190,283.4
15,200,287.4
15,210,290.6
15,220,293.1
15,230,295
15,240,296.4
15,250,297.3
15,260,297.9
15,270,298.2
15,280,298.1
15,290,297.9
15,300,297.5
15,310,296.9
15,320,296.2
15,330,295.4
15,340,294.5
15,350,293.5
83,99,0
83,100,151.8
83,110,173.2
83,120,191.6
83,130,207.2
83,140,217.6
83,150,225.8
83,160,233.6
83,170,240.7
83,180,246.5
83,190,251.2
83,200,255
83,210,258
83,220,260.3
83,230,262.2
83,240,263.5
83,250,264.5
83,260,265.1
83,270,265.4
83,280,265.5
83,290,265.4
83,300,265.1
83,310,264.7
83,320,264.1
83,330,263.4
83,350,261.8
392,99,0
392,100,151.8
392,110,173.2
392,120,191.6
392,130,207.2
392,140,217.6
392,150,225.8
392,160,233.6
392,170,240.7
392,180,246.5
392,190,251.2
392,200,255
392,210,258
392,220,260.3
392,230,262.2
392,240,263.5
392,250,264.5
392,260,265.1
392,270,265.4
392,280,265.5
392,290,265.4
392,300,265.1
392,310,264.7
392,320,264.1
392,330,263.4
392,350,261.8
210,99,0
210,100,151.8
210,110,173.2
210,120,191.6
210,130,207.2
210,140,217.6
210,150,225.8
210,160,233.6
210,170,240.7
210,180,246.5
210,190,251.2
210,200,255
210,210,258
210,220,260.3
210,230,262.2
210,240,263.5
210,250,264.5
210,260,265.1
210,270,265.4
210,280,265.5
210,290,265.4
210,300,265.1
210,310,264.7
210,320,264.1
210,330,263.4
210,350,261.8
5,99,0
5,100,151.8
5,110,173.2
5,120,191.6
5,130,207.2
5,140,217.6
5,150,225.8
5,160,233.6
5,170,240.7
5,180,246.5
5,190,251.2
5,200,255
5,210,258
5,220,260.3
5,230,262.2
5,240,263.5
5,250,264.5
5,260,265.1
5,270,265.4
5,280,265.5
5,290,265.4
5,300,265.1
5,310,264.7
5,320,264.1
5,330,263.4
5,350,261.8
2,0,1
456,0,0
456,20,0
456,30,0.2
456,40,1.9
456,50,8.3
456,60,22.5
456,70,47.3
456,80,70.4
456,90,93.8
456,100,116.4
456,110,138.7
456,120,161.2
456,130,183.5
456,140,204.4
456,150,222.1
456,160,235.9
456,170,246.2
456,180,254.6
456,190,262.4
456,200,270
456,210,276.9
456,220,282.6
456,230,287.5
456,240,291.8
456,250,295.7
456,260,298.7
456,270,300.6
456,280,301.4
456,290,301.4
456,299,303.6
530,0,0
530,20,0
530,30,0.2
530,40,1.9
530,50,8.2
530,60,23.1
530,70,43.7
530,80,63.5
530,90,84.2
530,100,103.1
530,110,119.1
530,120,132.2
530,130,142.9
530,140,151.6
530,150,158.1
530,160,162.7
530,170,165.7
530,180,167.7
530,190,168.8
530,200,169.3
530,210,169.2
530,220,168.8
530,230,168.3
530,240,167.7
530,260,166.7
530,270,166.5
530,280,166.4
530,290,166.7
530,299,166.4
423,0,0
423,20,0
423,30,0.2
423,40,1.9
423,50,8.3
423,60,22.5
423,70,47.3
423,80,70.4
423,90,93.8
423,100,116.4
423,110,138.7
423,120,161.2
423,130,183.5
423,140,204.4
423,150,222.1
423,160,235.9
423,170,246.2
423,180,254.6
423,190,262.4
423,200,270
423,210,276.9
423,220,282.6
423,230,287.5
423,240,291.8
423,250,295.7
423,260,298.7
423,270,300.6
423,280,301.4
423,290,301.4
423,299,303.6
339,0,0
339,20,0
339,30,0.2
339,40,0.6
339,50,1.5
339,60,3.4
339,70,8.4
339,80,11
339,90,19.8
339,100,27.9
339,110,35.9
339,120,43.5
339,130,50.6
339,140,57.2
339,150,63.3
339,160,68.6
339,170,73
339,180,76.5
339,190,78.9
339,200,80.2
339,210,80.8
339,230,80.8
339,250,80.4
339,260,80.1
339,270,79.9
339,290,79.3
339,299,79.8
577,0,0
577,20,0
577,30,0.1
577,40,0.4
577,50,1.6
577,60,4.8
577,70,8.8
577,80,13.9
577,90,19.3
577,100,25.5
577,110,32.7
577,120,40.8
577,130,48.8
577,140,56.2
577,150,62.5
577,160,67.7
577,180,76.7
577,190,81.8
577,200,87.3
577,210,92.2
577,220,95.5
577,230,97.3
577,240,98
577,250,98
577,260,97.5
577,270,96.8
577,280,96.3
577,290,96
474,0,0
474,20,0
474,30,0.1
474,40,0.4
474,50,1.6
474,60,4.8
474,70,8.8
474,80,13.9
474,90,19.3
474,100,25.5
474,110,32.7
474,120,40.8
474,130,48.8
474,140,56.2
474,150,62.5
474,160,67.7
474,180,76.7
474,190,81.8
474,200,87.3
474,210,92.2
474,220,95.5
474,230,97.3
474,240,98
474,250,98
474,260,97.5
474,270,96.8
474,280,96.3
474,290,96
517,0,0
517,20,0
517,30,0.1
517,40,0.9
517,50,3.9
517,60,12.2
517,70,23.1
517,80,41.3
517,90,57.7
517,100,72.8
517,110,86.4
517,120,98.7
517,130,109.6
517,140,119
517,150,126.7
517,160,132.6
517,170,137
517,180,140.2
517,190,142.3
517,200,143.6
517,210,144.2
517,220,144.3
517,240,144.1
517,250,143.9
517,260,143.8
517,270,143.5
517,290,142.7
517,299,142.1
269,0,0
269,20,0
269,30,0.1
269,40,0.9
269,50,3.9
269,60,12.2
269,70,23.1
269,80,41.3
269,90,57.7
269,100,72.8
269,110,86.4
269,120,98.7
269,130,109.6
269,140,119
269,150,126.7
269,160,132.6
269,170,137
269,180,140.2
269,190,142.3
269,200,143.6
269,210,144.2
269,220,144.3
269,240,144.1
269,250,143.9
269,260,143.8
269,270,143.5
269,290,142.7
269,299,142.1
536,0,0
536,20,0
536,30,0.1
536,40,0.4
536,50,1.6
536,60,4.8
536,70,8.8
536,80,13.9
536,90,19.3
536,100,25.5
536,110,32.7
536,120,40.8
536,130,48.8
536,140,56.2
536,150,62.5
536,160,67.7
536,180,76.7
536,190,81.8
536,200,87.3
536,210,92.2
536,220,95.5
536,230,97.3
536,240,98
536,250,98
536,260,97.5
536,270,96.8
536,280,96.3
536,290,96
471,0,0
471,20,0
471,30,0.1
471,40,0.4
471,50,1.6
471,60,4.8
471,70,8.8
471,80,13.9
471,90,19.3
471,100,25.5
471,110,32.7
471,120,40.8
471,130,48.8
471,140,56.2
471,150,62.5
471,160,67.7
471,180,76.7
471,190,81.8
471,200,87.3
471,210,92.2
471,220,95.5
471,230,97.3
471,240,98
471,250,98
471,260,97.5
471,270,96.8
471,280,96.3
471,290,96
583,0,0
583,20,0
583,30,0.1
583,40,9.9
583,50,33.9
583,60,66
583,70,101
583,80,135.2
583,90,166
583,100,193.5
583,110,217.4
583,120,238.2
583,130,255.6
583,140,268.2
583,150,278.5
583,160,288.5
583,170,298
583,180,306
583,190,313
583,200,319.2
583,210,324.5
583,220,329
583,230,333
583,240,336.4
583,250,339.3
583,260,341.7
583,270,343.7
583,280,345.4
583,290,346.9
583,300,348.2
583,310,349.2
583,320,350
583,330,350.5
583,340,350.8
583,350,351
514,0,0
514,20,0
514,30,0.1
514,40,0.9
514,50,3.9
514,60,12.2
514,70,23.1
514,80,41.3
514,90,57.7
514,100,72.8
514,110,86.4
514,120,98.7
514,130,109.6
514,140,119
514,150,126.7
514,160,132.6
514,170,137
514,180,140.2
514,190,142.3
514,200,143.6
514,210,144.2
514,220,144.3
514,240,144.1
514,250,143.9
514,260,143.8
514,270,143.5
514,290,142.7
514,299,142.1
354,0,0
354,20,0
354,30,0.1
354,40,0.9
354,50,3.9
354,60,12.2
354,70,23.1
354,80,41.3
354,90,57.7
354,100,72.8
354,110,86.4
354,120,98.7
354,130,109.6
354,140,119
354,150,126.7
354,160,132.6
354,170,137
354,180,140.2
354,190,142.3
354,200,143.6
354,210,144.2
354,220,144.3
354,240,144.1
354,250,143.9
354,260,143.8
354,270,143.5
354,290,142.7
354,299,142.1
272,0,0
272,20,0
272,30,0.1
272,40,0.9
272,50,3.9
272,60,12.2
272,70,23.1
272,80,41.3
272,90,57.7
272,100,72.8
272,110,86.4
272,120,98.7
272,130,109.6
272,140,119
272,150,126.7
272,160,132.6
272,170,137
272,180,140.2
272,190,142.3
272,200,143.6
272,210,144.2
272,220,144.3
272,240,144.1
272,250,143.9
272,260,143.8
272,270,143.5
272,290,142.7
272,299,142.1
373,0,0
373,20,0
373,30,0.1
373,40,0.8
373,50,3.5
373,60,10.2
373,70,20.4
373,80,34
373,90,46.9
373,100,59.2
373,110,70.7
373,120,81.2
373,130,90.8
373,140,99.4
373,150,107
373,160,113.3
373,170,118.3
373,180,122
373,190,124.5
373,200,125.8
373,210,126.2
373,220,126
373,230,125.6
373,240,125.3
373,260,124.9
373,270,124.6
373,290,123.8
373,299,123.4
258,0,0
258,20,0
258,30,0.1
258,40,0.8
258,50,3.5
258,60,10.2
258,70,20.4
258,80,34
258,90,46.9
258,100,59.2
258,110,70.7
258,120,81.2
258,130,90.8
258,140,99.4
258,150,107
258,160,113.3
258,170,118.3
258,180,122
258,190,124.5
258,200,125.8
258,210,126.2
258,220,126
258,230,125.6
258,240,125.3
258,260,124.9
258,270,124.6
258,290,123.8
258,299,123.4
295,0,0
295,20,0
295,30,0.1
295,40,0.8
295,50,3.5
295,60,10.2
295,70,20.4
295,80,34
295,90,46.9
295,100,59.2
295,110,70.7
295,120,81.2
295,130,90.8
295,140,99.4
295,150,107
295,160,113.3
295,170,118.3
295,180,122
295,190,124.5
295,200,125.8
295,210,126.2
295,220,126
295,230,125.6
295,240,125.3
295,260,124.9
295,270,124.6
295,290,123.8
295,299,123.4
165,0,0
165,20,0
165,30,0.1
165,40,0.8
165,50,3.5
165,60,10.2
165,70,20.4
165,80,34
165,90,46.9
165,100,59.2
165,110,70.7
165,120,81.2
165,130,90.8
165,140,99.4
165,150,107
165,160,113.3
165,170,118.3
165,180,122
165,190,124.5
165,200,125.8
165,210,126.2
165,220,126
165,230,125.6
165,240,125.3
165,260,124.9
165,270,124.6
165,290,123.8
165,299,123.4
532,0,0
532,20,0
532,30,0.1
532,40,0.4
532,50,1.6
532,60,4.8
532,70,8.8
532,80,13.9
532,90,19.3
532,100,25.5
532,110,32.7
532,120,40.8
532,130,48.8
532,140,56.2
532,150,62.5
532,160,67.7
532,180,76.7
532,190,81.8
532,200,87.3
532,210,92.2
532,220,95.5
532,230,97.3
532,240,98
532,250,98
532,260,97.5
532,270,96.8
532,280,96.3
532,290,96
128,0,0
128,20,0
128,30,0.1
128,40,0.8
128,50,3.5
128,60,10.2
128,70,20.4
128,80,34
128,90,46.9
128,100,59.2
128,110,70.7
128,120,81.2
128,130,90.8
128,140,99.4
128,150,107
128,160,113.3
128,170,118.3
128,180,122
128,190,124.5
128,200,125.8
128,210,126.2
128,220,126
128,230,125.6
128,240,125.3
128,260,124.9
128,270,124.6
128,290,123.8
128,299,123.4
113,0,0
113,20,0
113,30,0.1
113,40,9.9
113,50,33.9
113,60,66
113,70,101
113,80,135.2
113,90,166
113,100,193.5
113,110,217.4
113,120,238.2
113,130,255.6
113,140,268.2
113,150,278.5
113,160,288.5
113,170,298
113,180,306
113,190,313
113,200,319.2
113,210,324.5
113,220,329
113,230,333
113,240,336.4
113,250,339.3
113,260,341.7
113,270,343.7
113,280,345.4
113,290,346.9
113,300,348.2
113,310,349.2
113,320,350
113,330,350.5
113,340,350.8
113,350,351
643,0,0
643,20,0
643,30,0.2
643,40,1.9
643,50,8.3
643,60,22.5
643,70,47.3
643,80,70.4
643,90,93.8
643,100,116.4
643,110,138.7
643,120,161.2
643,130,183.5
643,140,204.4
643,150,222.1
643,160,235.9
643,170,246.2
643,180,254.6
643,190,262.4
643,200,270
643,210,276.9
643,220,282.6
643,230,287.5
643,240,291.8
643,250,295.7
643,260,298.7
643,270,300.6
643,280,301.4
643,290,301.4
643,299,303.6
581,0,0
581,20,0
581,30,0.2
581,40,1.8
581,50,8.2
581,60,21
581,70,47.6
581,80,70.6
581,90,93.7
581,110,137.9
581,120,160.2
581,130,181.6
581,140,199.7
581,150,213.1
581,160,221.9
581,170,228
581,180,232.8
581,190,236.8
581,200,240
581,210,242.1
581,220,243.2
581,230,243.7
581,240,244.1
581,250,244.7
581,260,245.5
581,270,246.2
581,280,246.7
581,290,247
581,299,248.2
561,0,0
561,20,0
561,30,0.2
561,40,1.8
561,50,8.2
561,60,21
561,70,47.6
561,80,70.6
561,90,93.7
561,110,137.9
561,120,160.2
561,130,181.6
561,140,199.7
561,150,213.1
561,160,221.9
561,170,228
561,180,232.8
561,190,236.8
561,200,240
561,210,242.1
561,220,243.2
561,230,243.7
561,240,244.1
561,250,244.7
561,260,245.5
561,270,246.2
561,280,246.7
561,290,247
561,299,248.2
654,0,0
654,20,0
654,30,0.3
654,40,1
654,50,2.5
654,60,5
654,70,8.6
654,80,13.3
654,90,18.9
654,100,24.8
654,110,31.3
654,120,37.7
654,130,43.6
654,140,48.8
654,150,53
654,160,56.2
654,170,58.4
654,180,59.8
654,190,60.8
654,200,61.4
654,210,61.9
654,220,62.2
654,230,62.4
654,240,62.5
653,0,0
653,20,0
653,30,0.3
653,40,1
653,50,2.5
653,60,5
653,70,8.6
653,80,13.3
653,90,18.9
653,100,24.8
653,110,31.3
653,120,37.7
653,130,43.6
653,140,48.8
653,150,53
653,160,56.2
653,170,58.4
653,180,59.8
653,190,60.8
653,200,61.4
653,210,61.9
653,220,62.2
653,230,62.4
653,240,62.5
476,0,0
476,20,0
476,30,0.3
476,40,1
476,50,2.5
476,60,5
476,70,8.6
476,80,13.3
476,90,18.9
476,100,24.8
476,110,31.3
476,120,37.7
476,130,43.6
476,140,48.8
476,150,53
476,160,56.2
476,170,58.4
476,180,59.8
476,190,60.8
476,200,61.4
476,210,61.9
476,220,62.2
476,230,62.4
476,240,62.5
338,0,0
338,20,0
338,30,0.3
338,40,1
338,50,2.5
338,60,5
338,70,8.6
338,80,13.3
338,90,18.9
338,100,24.8
338,110,31.3
338,120,37.7
338,130,43.6
338,140,48.8
338,150,53
338,160,56.2
338,170,58.4
338,180,59.8
338,190,60.8
338,200,61.4
338,210,61.9
338,220,62.2
338,230,62.4
338,240,62.5
564,0,0
564,20,0
564,30,0.7
564,40,3.9
564,50,12.4
564,60,28.1
564,70,46
564,80,64.6
564,90,82.9
564,100,100.2
564,110,116.5
564,120,131.2
564,130,143.6
564,140,153.1
564,150,159.7
564,160,163.9
564,170,166.5
564,180,168.2
564,190,169.3
564,200,170
564,210,170.2
564,220,170.3
564,240,169.9
564,250,169.5
564,260,169.2
564,290,167.7
564,299,167.3
394,0,0
394,20,0
394,30,0.4
394,40,2.5
394,50,7.7
394,60,16.8
394,70,28.2
394,80,38.9
394,90,49.5
394,100,59.3
394,110,68
394,120,75.7
394,130,82.5
394,140,88.9
394,150,94.8
394,160,99.7
394,170,103.2
394,180,105.2
394,190,106
394,200,105.8
394,210,105.1
394,220,104.1
394,230,103
394,240,102
394,250,101.1
394,260,100.3
394,280,98.9
394,290,98.3
394,299,97.8
533,0,0
533,20,0
533,30,0.4
533,40,3.6
533,50,16
533,60,43.5
533,70,88
533,80,135.6
533,90,166.7
533,100,197.7
533,110,222.6
533,120,241.9
533,130,256.6
533,140,267.5
533,150,275.1
533,160,280.5
533,170,284.3
533,180,286.9
533,190,288
533,200,287.9
533,210,287.2
533,220,287.1
533,230,287.4
533,240,287.9
533,250,287.9
533,260,287.3
533,270,286.4
533,280,285.1
533,290,284
533,299,282.6
534,0,0
534,20,0
534,30,0.4
534,40,3.6
534,50,16
534,60,43.5
534,70,88
534,80,135.6
534,90,166.7
534,100,197.7
534,110,222.6
534,120,241.9
534,130,256.6
534,140,267.5
534,150,275.1
534,160,280.5
534,170,284.3
534,180,286.9
534,190,288
534,200,287.9
534,210,287.2
534,220,287.1
534,230,287.4
534,240,287.9
534,250,287.9
534,260,287.3
534,270,286.4
534,280,285.1
534,290,284
534,299,282.6
607,0,0
607,20,0
607,30,0.4
607,40,3.6
607,50,16
607,60,43.5
607,70,88
607,80,135.6
607,90,166.7
607,100,197.7
607,110,222.6
607,120,241.9
607,130,256.6
607,140,267.5
607,150,275.1
607,160,280.5
607,170,284.3
607,180,286.9
607,190,288
607,200,287.9
607,210,287.2
607,220,287.1
607,230,287.4
607,240,287.9
607,250,287.9
607,260,287.3
607,270,286.4
607,280,285.1
607,290,284
607,299,282.6
457,0,0
457,20,0
457,30,0.4
457,40,3.6
457,50,16
457,60,43.5
457,70,88
457,80,135.6
457,90,166.7
457,100,197.7
457,110,222.6
457,120,241.9
457,130,256.6
457,140,267.5
457,150,275.1
457,160,280.5
457,170,284.3
457,180,286.9
457,190,288
457,200,287.9
457,210,287.2
457,220,287.1
457,230,287.4
457,240,287.9
457,250,287.9
457,260,287.3
457,270,286.4
457,280,285.1
457,290,284
457,299,282.6
432,0,0
432,20,0
432,30,0.4
432,40,3.6
432,50,16
432,60,43.5
432,70,88
432,80,135.6
432,90,166.7
432,100,197.7
432,110,222.6
432,120,241.9
432,130,256.6
432,140,267.5
432,150,275.1
432,160,280.5
432,170,284.3
432,180,286.9
432,190,288
432,200,287.9
432,210,287.2
432,220,287.1
432,230,287.4
432,240,287.9
432,250,287.9
432,260,287.3
432,270,286.4
432,280,285.1
432,290,284
432,299,282.6
326,0,0
326,20,0
326,30,0.4
326,40,2.5
326,50,7.7
326,60,16.8
326,70,28.2
326,80,38.9
326,90,49.5
326,100,59.3
326,110,68
326,120,75.7
326,130,82.5
326,140,88.9
326,150,94.8
326,160,99.7
326,170,103.2
326,180,105.2
326,190,106
326,200,105.8
326,210,105.1
326,220,104.1
326,230,103
326,240,102
326,250,101.1
326,260,100.3
326,280,98.9
326,290,98.3
326,299,97.8
279,0,0
279,20,0
279,30,0.4
279,40,2.5
279,50,7.7
279,60,16.8
279,70,28.2
279,80,38.9
279,90,49.5
279,100,59.3
279,110,68
279,120,75.7
279,130,82.5
279,140,88.9
279,150,94.8
279,160,99.7
279,170,103.2
279,180,105.2
279,190,106
279,200,105.8
279,210,105.1
279,220,104.1
279,230,103
279,240,102
279,250,101.1
279,260,100.3
279,280,98.9
279,290,98.3
279,299,97.8
393,0,0
393,20,0
393,30,0.4
393,40,2.5
393,50,7.7
393,60,16.8
393,70,28.2
393,80,38.9
393,90,49.5
393,100,59.3
393,110,68
393,120,75.7
393,130,82.5
393,140,88.9
393,150,94.8
393,160,99.7
393,170,103.2
393,180,105.2
393,190,106
393,200,105.8
393,210,105.1
393,220,104.1
393,230,103
393,240,102
393,250,101.1
393,260,100.3
393,280,98.9
393,290,98.3
393,299,97.8
217,0,0
217,20,0
217,30,0.4
217,40,2.5
217,50,7.7
217,60,16.8
217,70,28.2
217,80,38.9
217,90,49.5
217,100,59.3
217,110,68
217,120,75.7
217,130,82.5
217,140,88.9
217,150,94.8
217,160,99.7
217,170,103.2
217,180,105.2
217,190,106
217,200,105.8
217,210,105.1
217,220,104.1
217,230,103
217,240,102
217,250,101.1
217,260,100.3
217,280,98.9
217,290,98.3
217,299,97.8
375,0,0
375,20,0
375,30,0.2
375,40,1.8
375,50,8.2
375,60,21
375,70,47.6
375,80,70.6
375,90,93.7
375,110,137.9
375,120,160.2
375,130,181.6
375,140,199.7
375,150,213.1
375,160,221.9
375,170,228
375,180,232.8
375,190,236.8
375,200,240
375,210,242.1
375,220,243.2
375,230,243.7
375,240,244.1
375,250,244.7
375,260,245.5
375,270,246.2
375,280,246.7
375,290,247
375,299,248.2
411,0,0
411,20,0
411,30,0.2
411,40,1.8
411,50,8.2
411,60,21
411,70,47.6
411,80,70.6
411,90,93.7
411,110,137.9
411,120,160.2
411,130,181.6
411,140,199.7
411,150,213.1
411,160,221.9
411,170,228
411,180,232.8
411,190,236.8
411,200,240
411,210,242.1
411,220,243.2
411,230,243.7
411,240,244.1
411,250,244.7
411,260,245.5
411,270,246.2
411,280,246.7
411,290,247
411,299,248.2
416,0,0
416,20,0
416,30,0.2
416,40,1.8
416,50,8.2
416,60,21
416,70,47.6
416,80,70.6
416,90,93.7
416,110,137.9
416,120,160.2
416,130,181.6
416,140,199.7
416,150,213.1
416,160,221.9
416,170,228
416,180,232.8
416,190,236.8
416,200,240
416,210,242.1
416,220,243.2
416,230,243.7
416,240,244.1
416,250,244.7
416,260,245.5
416,270,246.2
416,280,246.7
416,290,247
416,299,248.2
365,0,0
365,20,0
365,30,0.2
365,40,1.8
365,50,8.2
365,60,21
365,70,47.6
365,80,70.6
365,90,93.7
365,110,137.9
365,120,160.2
365,130,181.6
365,140,199.7
365,150,213.1
365,160,221.9
365,170,228
365,180,232.8
365,190,236.8
365,200,240
365,210,242.1
365,220,243.2
365,230,243.7
365,240,244.1
365,250,244.7
365,260,245.5
365,270,246.2
365,280,246.7
365,290,247
365,299,248.2
440,0,0
440,20,0
440,30,0.2
440,40,1.7
440,50,7.7
440,60,21.1
440,70,51
440,80,71.3
440,90,94
440,100,114.5
440,110,132.9
440,120,149.5
440,130,164.7
440,140,178.3
440,150,190
440,160,199.3
440,170,206.2
440,180,211.1
440,190,214.6
440,200,216.8
440,210,218.1
440,220,218.8
440,240,219.4
440,250,219.6
440,270,219.8
440,280,219.8
440,290,219.7
440,299,219.5
362,0,0
362,20,0
362,30,0.2
362,40,1.7
362,50,7.7
362,60,21.1
362,70,51
362,80,71.3
362,90,94
362,100,114.5
362,110,132.9
362,120,149.5
362,130,164.7
362,140,178.3
362,150,190
362,160,199.3
362,170,206.2
362,180,211.1
362,190,214.6
362,200,216.8
362,210,218.1
362,220,218.8
362,240,219.4
362,250,219.6
362,270,219.8
362,280,219.8
362,290,219.7
362,299,219.5
460,0,0
460,20,0
460,30,0.2
460,40,1.7
460,50,7.7
460,60,21.1
460,70,51
460,80,71.3
460,90,94
460,100,114.5
460,110,132.9
460,120,149.5
460,130,164.7
460,140,178.3
460,150,190
460,160,199.3
460,170,206.2
460,180,211.1
460,190,214.6
460,200,216.8
460,210,218.1
460,220,218.8
460,240,219.4
460,250,219.6
460,270,219.8
460,280,219.8
460,290,219.7
460,299,219.5
323,0,0
323,20,0
323,30,0.2
323,40,1.7
323,50,7.7
323,60,21.1
323,70,51
323,80,71.3
323,90,94
323,100,114.5
323,110,132.9
323,120,149.5
323,130,164.7
323,140,178.3
323,150,190
323,160,199.3
323,170,206.2
323,180,211.1
323,190,214.6
323,200,216.8
323,210,218.1
323,220,218.8
323,240,219.4
323,250,219.6
323,270,219.8
323,280,219.8
323,290,219.7
323,299,219.5
241,0,0
241,20,0
241,30,0.2
241,40,0.6
241,50,1.5
241,60,3.4
241,70,8.4
241,80,11
241,90,19.8
241,100,27.9
241,110,35.9
241,120,43.5
241,130,50.6
241,140,57.2
241,150,63.3
241,160,68.6
241,170,73
241,180,76.5
241,190,78.9
241,200,80.2
241,210,80.8
241,230,80.8
241,250,80.4
241,260,80.1
241,270,79.9
241,290,79.3
241,299,79.8
195,0,0
195,20,0
195,30,0.2
195,40,0.6
195,50,1.5
195,60,3.4
195,70,8.4
195,80,11
195,90,19.8
195,100,27.9
195,110,35.9
195,120,43.5
195,130,50.6
195,140,57.2
195,150,63.3
195,160,68.6
195,170,73
195,180,76.5
195,190,78.9
195,200,80.2
195,210,80.8
195,230,80.8
195,250,80.4
195,260,80.1
195,270,79.9
195,290,79.3
195,299,79.8
118,0,0
118,20,0
118,30,0.2
118,40,1.9
118,50,8.2
118,60,23.1
118,70,43.7
118,80,63.5
118,90,84.2
118,100,103.1
118,110,119.1
118,120,132.2
118,130,142.9
118,140,151.6
118,150,158.1
118,160,162.7
118,170,165.7
118,180,167.7
118,190,168.8
118,200,169.3
118,210,169.2
118,220,168.8
118,230,168.3
118,240,167.7
118,260,166.7
118,270,166.5
118,280,166.4
118,290,166.7
118,299,166.4
595,0,0
595,20,0
595,30,0.2
595,40,1.9
595,50,8.3
595,60,22.5
595,70,47.3
595,80,70.4
595,90,93.8
595,100,116.4
595,110,138.7
595,120,161.2
595,130,183.5
595,140,204.4
595,150,222.1
595,160,235.9
595,170,246.2
595,180,254.6
595,190,262.4
595,200,270
595,210,276.9
595,220,282.6
595,230,287.5
595,240,291.8
595,250,295.7
595,260,298.7
595,270,300.6
595,280,301.4
595,290,301.4
595,299,303.6
425,0,0
425,20,0
425,30,0.2
425,40,1.9
425,50,8.3
425,60,22.5
425,70,47.3
425,80,70.4
425,90,93.8
425,100,116.4
425,110,138.7
425,120,161.2
425,130,183.5
425,140,204.4
425,150,222.1
425,160,235.9
425,170,246.2
425,180,254.6
425,190,262.4
425,200,270
425,210,276.9
425,220,282.6
425,230,287.5
425,240,291.8
425,250,295.7
425,260,298.7
425,270,300.6
425,280,301.4
425,290,301.4
425,299,303.6
400,0,0
400,20,0
400,30,0.2
400,40,1.9
400,50,8.3
400,60,22.5
400,70,47.3
400,80,70.4
400,90,93.8
400,100,116.4
400,110,138.7
400,120,161.2
400,130,183.5
400,140,204.4
400,150,222.1
400,160,235.9
400,170,246.2
400,180,254.6
400,190,262.4
400,200,270
400,210,276.9
400,220,282.6
400,230,287.5
400,240,291.8
400,250,295.7
400,260,298.7
400,270,300.6
400,280,301.4
400,290,301.4
400,299,303.6
131,0,0
131,20,0
131,30,0.2
131,40,1.9
131,50,8.2
131,60,23.1
131,70,43.7
131,80,63.5
131,90,84.2
131,100,103.1
131,110,119.1
131,120,132.2
131,130,142.9
131,140,151.6
131,150,158.1
131,160,162.7
131,170,165.7
131,180,167.7
131,190,168.8
131,200,169.3
131,210,169.2
131,220,168.8
131,230,168.3
131,240,167.7
131,260,166.7
131,270,166.5
131,280,166.4
131,290,166.7
131,299,166.4
115,0,0
115,20,0
115,30,0.2
115,40,1.9
115,50,8.2
115,60,23.1
115,70,43.7
115,80,63.5
115,90,84.2
115,100,103.1
115,110,119.1
115,120,132.2
115,130,142.9
115,140,151.6
115,150,158.1
115,160,162.7
115,170,165.7
115,180,167.7
115,190,168.8
115,200,169.3
115,210,169.2
115,220,168.8
115,230,168.3
115,240,167.7
115,260,166.7
115,270,166.5
115,280,166.4
115,290,166.7
115,299,166.4
103,0,0
103,20,0
103,30,0.2
103,40,1.9
103,50,8.2
103,60,23.1
103,70,43.7
103,80,63.5
103,90,84.2
103,100,103.1
103,110,119.1
103,120,132.2
103,130,142.9
103,140,151.6
103,150,158.1
103,160,162.7
103,170,165.7
103,180,167.7
103,190,168.8
103,200,169.3
103,210,169.2
103,220,168.8
103,230,168.3
103,240,167.7
103,260,166.7
103,270,166.5
103,280,166.4
103,290,166.7
103,299,166.4
591,0,0
591,20,0
591,30,0.8
591,40,5.2
591,50,18.3
591,60,44.6
591,70,83.6
591,80,129.7
591,90,174.1
591,100,206.4
591,110,229.8
591,120,232.5
591,130,235.5
591,140,236.3
591,150,236.6
591,160,238.2
591,170,241.9
591,180,246.9
591,190,251.8
591,200,255.2
591,210,256.7
591,230,257.7
591,240,259.2
591,250,262.3
591,260,266.1
591,270,269.6
591,280,271.9
591,290,273.4
591,299,273.8
535,0,0
535,20,0
535,30,0.8
535,40,5.2
535,50,18.3
535,60,44.6
535,70,83.6
535,80,129.7
535,90,174.1
535,100,206.4
535,110,229.8
535,120,232.5
535,130,235.5
535,140,236.3
535,150,236.6
535,160,238.2
535,170,241.9
535,180,246.9
535,190,251.8
535,200,255.2
535,210,256.7
535,230,257.7
535,240,259.2
535,250,262.3
535,260,266.1
535,270,269.6
535,280,271.9
535,290,273.4
535,299,273.8
509,0,0
509,20,0
509,30,1.3
509,40,12
509,50,47.2
509,60,117.4
509,70,198.1
509,80,233.5
509,90,276.4
509,100,311.6
509,110,340.7
509,120,367
509,130,391.6
509,140,412.6
509,150,427.7
509,160,436.7
509,170,441
509,180,442.2
509,190,441.2
509,200,438.5
509,210,434.5
509,220,429.8
509,230,425
509,240,420.7
509,250,417
509,270,410.2
509,280,406.9
509,290,403.4
509,299,400.8
504,0,0
504,20,0
504,30,1.3
504,40,12
504,50,47.2
504,60,117.4
504,70,198.1
504,80,233.5
504,90,276.4
504,100,311.6
504,110,340.7
504,120,367
504,130,391.6
504,140,412.6
504,150,427.7
504,160,436.7
504,170,441
504,180,442.2
504,190,441.2
504,200,438.5
504,210,434.5
504,220,429.8
504,230,425
504,240,420.7
504,250,417
504,270,410.2
504,280,406.9
504,290,403.4
504,299,400.8
604,0,0
604,20,0
604,30,1.7
604,40,21.3
604,50,57.4
604,60,100.3
604,70,144.3
604,80,185
604,90,221
604,100,252.2
604,110,278.4
604,120,300.8
604,130,319.7
604,140,332.8
604,150,343
604,160,353.7
604,170,363.5
604,180,372.4
604,190,380
604,200,386.3
604,210,392
604,220,397.1
604,230,401.5
604,240,405.2
604,250,408.4
604,260,411.4
604,270,413.8
604,280,415.8
604,290,417.5
604,300,418.8
604,310,420
604,320,421
604,330,421.6
604,340,422.1
604,350,422.4
443,0,0
443,20,0
443,30,1.7
443,40,21.3
443,50,57.4
443,60,100.3
443,70,144.3
443,80,185
443,90,221
443,100,252.2
443,110,278.4
443,120,300.8
443,130,319.7
443,140,332.8
443,150,343
443,160,353.7
443,170,363.5
443,180,372.4
443,190,380
443,200,386.3
443,210,392
443,220,397.1
443,230,401.5
443,240,405.2
443,250,408.4
443,260,411.4
443,270,413.8
443,280,415.8
443,290,417.5
443,300,418.8
443,310,420
443,320,421
443,330,421.6
443,340,422.1
443,350,422.4
537,0,0
537,20,0
537,30,0.8
537,40,5.2
537,50,18.3
537,60,44.6
537,70,83.6
537,80,129.7
537,90,174.1
537,100,206.4
537,110,229.8
537,120,232.5
537,130,235.5
537,140,236.3
537,150,236.6
537,160,238.2
537,170,241.9
537,180,246.9
537,190,251.8
537,200,255.2
537,210,256.7
537,230,257.7
537,240,259.2
537,250,262.3
537,260,266.1
537,270,269.6
537,280,271.9
537,290,273.4
537,299,273.8
436,0,0
436,20,0
436,30,0.8
436,40,5.2
436,50,18.3
436,60,44.6
436,70,83.6
436,80,129.7
436,90,174.1
436,100,206.4
436,110,229.8
436,120,232.5
436,130,235.5
436,140,236.3
436,150,236.6
436,160,238.2
436,170,241.9
436,180,246.9
436,190,251.8
436,200,255.2
436,210,256.7
436,230,257.7
436,240,259.2
436,250,262.3
436,260,266.1
436,270,269.6
436,280,271.9
436,290,273.4
436,299,273.8
633,0,0
633,20,0
633,30,4.1
633,40,43.5
633,50,111.3
633,60,182.6
633,70,246.1
633,80,298.9
633,90,341.3
633,100,375.3
633,110,402.4
633,120,424.3
633,130,442.7
633,140,457
633,150,468.8
633,160,478.6
633,170,486.7
633,180,493.2
633,190,498.4
633,200,502.5
633,210,505.7
633,220,508.1
633,230,510
633,240,511.5
633,250,512.4
633,260,513
633,270,513.1
633,280,512.7
633,290,512
633,300,511.2
633,310,510.1
633,320,508.8
633,330,507.4
633,350,504.2
629,0,0
629,20,0
629,30,4.1
629,40,43.5
629,50,111.3
629,60,182.6
629,70,246.1
629,80,298.9
629,90,341.3
629,100,375.3
629,110,402.4
629,120,424.3
629,130,442.7
629,140,457
629,150,468.8
629,160,478.6
629,170,486.7
629,180,493.2
629,190,498.4
629,200,502.5
629,210,505.7
629,220,508.1
629,230,510
629,240,511.5
629,250,512.4
629,260,513
629,270,513.1
629,280,512.7
629,290,512
629,300,511.2
629,310,510.1
629,320,508.8
629,330,507.4
629,350,504.2
492,0,0
492,20,0
492,30,4.1
492,40,43.5
492,50,111.3
492,60,182.6
492,70,246.1
492,80,298.9
492,90,341.3
492,100,375.3
492,110,402.4
492,120,424.3
492,130,442.7
492,140,457
492,150,468.8
492,160,478.6
492,170,486.7
492,180,493.2
492,190,498.4
492,200,502.5
492,210,505.7
492,220,508.1
492,230,510
492,240,511.5
492,250,512.4
492,260,513
492,270,513.1
492,280,512.7
492,290,512
492,300,511.2
492,310,510.1
492,320,508.8
492,330,507.4
492,350,504.2
637,0,0
637,20,0
637,30,15.3
637,40,63.2
637,50,127.7
637,60,194.3
637,70,254.1
637,80,304.8
637,90,346.5
637,100,381.1
637,110,410.1
637,120,434.4
637,130,454.7
637,140,468.8
637,150,480.1
637,160,492.5
637,170,504.3
637,180,514.9
637,190,524
637,200,532
637,210,539.3
637,220,545.6
637,230,551
637,240,555.6
637,250,559.4
637,260,562.6
637,270,565.3
637,280,567.4
637,290,569.2
637,300,570.5
637,310,571.5
637,320,572.2
637,330,572.7
637,340,572.8
637,350,572.7
505,0,0
505,20,0
505,30,12.9
505,40,54
505,50,109.7
505,60,167.5
505,70,219.6
505,80,263.9
505,90,300.5
505,100,330.6
505,110,356
505,120,377.3
505,130,395.1
505,140,407.4
505,150,417.2
505,160,428.1
505,170,438.3
505,180,447.5
505,190,455.5
505,200,462.4
505,210,468.7
505,220,474.3
505,230,479
505,240,483.1
505,250,486.4
505,260,489.2
505,270,491.6
505,280,493.5
505,290,495
505,300,496.2
505,310,497.1
505,320,497.7
505,330,498.1
505,340,498.2
447,0,0
447,20,0
447,30,15.3
447,40,63.2
447,50,127.7
447,60,194.3
447,70,254.1
447,80,304.8
447,90,346.5
447,100,381.1
447,110,410.1
447,120,434.4
447,130,454.7
447,140,468.8
447,150,480.1
447,160,492.5
447,170,504.3
447,180,514.9
447,190,524
447,200,532
447,210,539.3
447,220,545.6
447,230,551
447,240,555.6
447,250,559.4
447,260,562.6
447,270,565.3
447,280,567.4
447,290,569.2
447,300,570.5
447,310,571.5
447,320,572.2
447,330,572.7
447,340,572.8
447,350,572.7
417,0,0
417,20,0
417,30,4.9
417,40,58.2
417,50,140.9
417,60,221.8
417,70,291.9
417,80,349.2
417,90,396.6
417,100,435.7
417,110,467.1
417,120,493.7
417,130,515.9
417,140,533.6
417,150,548.3
417,160,560.8
417,170,570.9
417,180,579.4
417,190,587
417,200,593.4
417,210,598.4
417,220,602.6
417,230,605.7
417,240,607.6
417,250,609
417,260,609.9
417,270,610.7
417,280,611.2
417,290,611.3
417,300,611.1
417,310,610.6
417,320,608.6
417,350,597.8
640,0,0
640,20,0
640,30,4.9
640,40,58.2
640,50,140.9
640,60,221.8
640,70,291.9
640,80,349.2
640,90,396.6
640,100,435.7
640,110,467.1
640,120,493.7
640,130,515.9
640,140,533.6
640,150,548.3
640,160,560.8
640,170,570.9
640,180,579.4
640,190,587
640,200,593.4
640,210,598.4
640,220,602.6
640,230,605.7
640,240,607.6
640,250,609
640,260,609.9
640,270,610.7
640,280,611.2
640,290,611.3
640,300,611.1
640,310,610.6
640,320,608.6
640,350,597.8
619,0,0
619,20,0
619,30,4.9
619,40,58.2
619,50,140.9
619,60,221.8
619,70,291.9
619,80,349.2
619,90,396.6
619,100,435.7
619,110,467.1
619,120,493.7
619,130,515.9
619,140,533.6
619,150,548.3
619,160,560.8
619,170,570.9
619,180,579.4
619,190,587
619,200,593.4
619,210,598.4
619,220,602.6
619,230,605.7
619,240,607.6
619,250,609
619,260,609.9
619,270,610.7
619,280,611.2
619,290,611.3
619,300,611.1
619,310,610.6
619,320,608.6
619,350,597.8
405,0,0
405,20,0
405,30,4.9
405,40,58.2
405,50,140.9
405,60,221.8
405,70,291.9
405,80,349.2
405,90,396.6
405,100,435.7
405,110,467.1
405,120,493.7
405,130,515.9
405,140,533.6
405,150,548.3
405,160,560.8
405,170,570.9
405,180,579.4
405,190,587
405,200,593.4
405,210,598.4
405,220,602.6
405,230,605.7
405,240,607.6
405,250,609
405,260,609.9
405,270,610.7
405,280,611.2
405,290,611.3
405,300,611.1
405,310,610.6
405,320,608.6
405,350,597.8
650,0,0
650,20,0
650,30,3
650,40,28.6
650,50,69.4
650,60,116.6
650,70,162.5
650,80,204.1
650,90,240.3
650,100,270.7
650,110,296.6
650,120,318.5
650,130,336.1
650,140,348.4
650,150,358.5
650,160,369.1
650,170,379
650,180,387.3
650,190,394.9
650,200,401.4
650,210,407
650,220,412.1
650,230,416.6
650,240,420.3
650,250,423.6
650,260,426.5
650,270,429
650,280,431
650,290,432.8
650,300,434.1
650,310,435.3
650,320,436.2
650,330,436.9
650,340,437.4
650,350,437.7
646,0,0
646,20,0
646,30,3
646,40,28.6
646,50,69.4
646,60,116.6
646,70,162.5
646,80,204.1
646,90,240.3
646,100,270.7
646,110,296.6
646,120,318.5
646,130,336.1
646,140,348.4
646,150,358.5
646,160,369.1
646,170,379
646,180,387.3
646,190,394.9
646,200,401.4
646,210,407
646,220,412.1
646,230,416.6
646,240,420.3
646,250,423.6
646,260,426.5
646,270,429
646,280,431
646,290,432.8
646,300,434.1
646,310,435.3
646,320,436.2
646,330,436.9
646,340,437.4
646,350,437.7
380,0,0
380,20,0
380,30,3
380,40,28.6
380,50,69.4
380,60,116.6
380,70,162.5
380,80,204.1
380,90,240.3
380,100,270.7
380,110,296.6
380,120,318.5
380,130,336.1
380,140,348.4
380,150,358.5
380,160,369.1
380,170,379
380,180,387.3
380,190,394.9
380,200,401.4
380,210,407
380,220,412.1
380,230,416.6
380,240,420.3
380,250,423.6
380,260,426.5
380,270,429
380,280,431
380,290,432.8
380,300,434.1
380,310,435.3
380,320,436.2
380,330,436.9
380,340,437.4
380,350,437.7
501,0,0
501,20,0
501,30,0.7
501,40,16.2
501,50,60.1
501,60,114.2
501,70,167.4
501,80,214.3
501,90,254.4
501,100,287.5
501,110,314.8
501,120,336.9
501,130,355.4
501,140,370.8
501,150,383.4
501,160,394
501,170,402.5
501,180,409.6
501,190,415.5
501,200,420.4
501,210,424.4
501,220,427.6
501,230,430.2
501,240,432.2
501,250,433.6
501,260,434.7
501,270,435.3
501,280,435.6
501,290,435.7
501,300,435.5
501,310,435
501,320,434.4
501,330,433.6
501,340,432.7
501,350,431.6
621,0,0
621,20,0
621,30,0.7
621,40,16.2
621,50,60.1
621,60,114.2
621,70,167.4
621,80,214.3
621,90,254.4
621,100,287.5
621,110,314.8
621,120,336.9
621,130,355.4
621,140,370.8
621,150,383.4
621,160,394
621,170,402.5
621,180,409.6
621,190,415.5
621,200,420.4
621,210,424.4
621,220,427.6
621,230,430.2
621,240,432.2
621,250,433.6
621,260,434.7
621,270,435.3
621,280,435.6
621,290,435.7
621,300,435.5
621,310,435
621,320,434.4
621,330,433.6
621,340,432.7
621,350,431.6
383,0,0
383,20,0
383,30,0.7
383,40,16.2
383,50,60.1
383,60,114.2
383,70,167.4
383,80,214.3
383,90,254.4
383,100,287.5
383,110,314.8
383,120,336.9
383,130,355.4
383,140,370.8
383,150,383.4
383,160,394
383,170,402.5
383,180,409.6
383,190,415.5
383,200,420.4
383,210,424.4
383,220,427.6
383,230,430.2
383,240,432.2
383,250,433.6
383,260,434.7
383,270,435.3
383,280,435.6
383,290,435.7
383,300,435.5
383,310,435
383,320,434.4
383,330,433.6
383,340,432.7
383,350,431.6
135,0,0
135,20,0
135,30,0.7
135,40,3.9
135,50,12.4
135,60,28.1
135,70,46
135,80,64.6
135,90,82.9
135,100,100.2
135,110,116.5
135,120,131.2
135,130,143.6
135,140,153.1
135,150,159.7
135,160,163.9
135,170,166.5
135,180,168.2
135,190,169.3
135,200,170
135,210,170.2
135,220,170.3
135,240,169.9
135,250,169.5
135,260,169.2
135,290,167.7
135,299,167.3
185,0,0
185,20,0
185,30,0.7
185,40,3.9
185,50,12.4
185,60,28.1
185,70,46
185,80,64.6
185,90,82.9
185,100,100.2
185,110,116.5
185,120,131.2
185,130,143.6
185,140,153.1
185,150,159.7
185,160,163.9
185,170,166.5
185,180,168.2
185,190,169.3
185,200,170
185,210,170.2
185,220,170.3
185,240,169.9
185,250,169.5
185,260,169.2
185,290,167.7
185,299,167.3
87,0,0
87,20,0
87,30,0.7
87,40,3.9
87,50,12.4
87,60,28.1
87,70,46
87,80,64.6
87,90,82.9
87,100,100.2
87,110,116.5
87,120,131.2
87,130,143.6
87,140,153.1
87,150,159.7
87,160,163.9
87,170,166.5
87,180,168.2
87,190,169.3
87,200,170
87,210,170.2
87,220,170.3
87,240,169.9
87,250,169.5
87,260,169.2
87,290,167.7
87,299,167.3
58,0,0
58,20,0
58,30,0.7
58,40,3.9
58,50,12.4
58,60,28.1
58,70,46
58,80,64.6
58,90,82.9
58,100,100.2
58,110,116.5
58,120,131.2
58,130,143.6
58,140,153.1
58,150,159.7
58,160,163.9
58,170,166.5
58,180,168.2
58,190,169.3
58,200,170
58,210,170.2
58,220,170.3
58,240,169.9
58,250,169.5
58,260,169.2
58,290,167.7
58,299,167.3
30,0,0
30,20,0
30,30,0.7
30,40,3.9
30,50,12.4
30,60,28.1
30,70,46
30,80,64.6
30,90,82.9
30,100,100.2
30,110,116.5
30,120,131.2
30,130,143.6
30,140,153.1
30,150,159.7
30,160,163.9
30,170,166.5
30,180,168.2
30,190,169.3
30,200,170
30,210,170.2
30,220,170.3
30,240,169.9
30,250,169.5
30,260,169.2
30,290,167.7
30,299,167.3
586,0,0
586,10,0
586,20,0.1
586,30,1.6
586,40,10.1
586,50,32.8
586,60,69.6
586,70,114.5
586,80,149.7
586,90,177.5
586,100,194.4
586,110,203
586,120,209.1
586,130,217.7
586,140,229.4
586,150,241.4
586,160,250.6
586,170,256
586,180,259.5
586,190,263.5
586,200,268.6
586,210,273.9
586,220,278
586,230,280.3
586,240,281.3
586,250,281.6
586,260,281.4
586,270,280.7
586,280,279.7
586,290,278.2
586,299,279.2
358,0,0
358,10,0
358,20,0.1
358,30,1.6
358,40,10.1
358,50,32.8
358,60,69.6
358,70,114.5
358,80,149.7
358,90,177.5
358,100,194.4
358,110,203
358,120,209.1
358,130,217.7
358,140,229.4
358,150,241.4
358,160,250.6
358,170,256
358,180,259.5
358,190,263.5
358,200,268.6
358,210,273.9
358,220,278
358,230,280.3
358,240,281.3
358,250,281.6
358,260,281.4
358,270,280.7
358,280,279.7
358,290,278.2
358,299,279.2
151,0,0
151,10,0
151,20,0.1
151,30,0.5
151,40,1.7
151,50,4.2
151,60,8.9
151,70,17.8
151,80,27.5
151,90,47.2
151,100,64.2
151,110,79.4
151,120,92.6
151,130,104
151,140,113.8
151,150,121.5
151,160,127
151,170,130.6
151,180,132.7
151,190,133.7
151,200,133.8
151,220,133.2
151,270,132.2
151,290,131.6
151,299,131.2
351,0,0
351,10,0
351,20,0.1
351,30,1.6
351,40,10.1
351,50,32.8
351,60,69.6
351,70,114.5
351,80,149.7
351,90,177.5
351,100,194.4
351,110,203
351,120,209.1
351,130,217.7
351,140,229.4
351,150,241.4
351,160,250.6
351,170,256
351,180,259.5
351,190,263.5
351,200,268.6
351,210,273.9
351,220,278
351,230,280.3
351,240,281.3
351,250,281.6
351,260,281.4
351,270,280.7
351,280,279.7
351,290,278.2
351,299,279.2
188,0,0
188,10,0
188,20,0.1
188,30,0.5
188,40,1.7
188,50,4.2
188,60,8.9
188,70,17.8
188,80,27.5
188,90,47.2
188,100,64.2
188,110,79.4
188,120,92.6
188,130,104
188,140,113.8
188,150,121.5
188,160,127
188,170,130.6
188,180,132.7
188,190,133.7
188,200,133.8
188,220,133.2
188,270,132.2
188,290,131.6
188,299,131.2
265,0,0
265,10,0
265,20,0.2
265,30,1
265,40,2.5
265,50,5.3
265,60,9.8
265,70,15.5
265,80,25.1
265,90,34.4
265,100,44.5
265,110,55.7
265,120,67.4
265,130,78.5
265,140,88
265,150,95.3
265,160,100.9
265,170,105.1
265,180,108.1
265,190,110.1
265,200,111.1
265,210,111.4
265,220,111.2
265,260,110
265,270,109.6
265,290,109
265,299,109.8
306,0,0
306,10,0
306,20,0.2
306,30,1.5
306,40,5.3
306,50,12.6
306,60,23.4
306,70,37
306,80,51.5
306,90,65.5
306,100,73.4
306,110,86.3
306,120,92.2
306,140,105
306,150,110.3
306,160,114
306,170,116.3
306,180,117.5
306,190,118.1
306,200,118.4
306,210,118.6
306,230,118.8
306,250,118.6
306,280,118
306,290,117.7
306,299,117.6
254,0,0
254,10,0
254,20,0.2
254,30,1.2
254,40,3.9
254,50,9.2
254,60,16.9
254,70,27
254,80,38.6
254,90,49.6
254,100,60.3
254,110,70.9
254,120,81.7
254,130,93
254,140,104.7
254,150,115.8
254,160,125
254,170,131.5
254,180,135.2
254,190,136.5
254,200,136.3
254,210,135.1
254,240,130
254,250,128.4
254,260,127
254,270,125.8
254,280,124.8
254,290,123.9
254,299,123.5
156,0,0
156,10,0
156,20,0.2
156,30,1
156,40,2.5
156,50,5.3
156,60,9.8
156,70,15.5
156,80,25.1
156,90,34.4
156,100,44.5
156,110,55.7
156,120,67.4
156,130,78.5
156,140,88
156,150,95.3
156,160,100.9
156,170,105.1
156,180,108.1
156,190,110.1
156,200,111.1
156,210,111.4
156,220,111.2
156,260,110
156,270,109.6
156,290,109
156,299,109.8
124,0,0
124,10,0
124,20,0.2
124,30,1
124,40,2.5
124,50,5.3
124,60,9.8
124,70,15.5
124,80,25.1
124,90,34.4
124,100,44.5
124,110,55.7
124,120,67.4
124,130,78.5
124,140,88
124,150,95.3
124,160,100.9
124,170,105.1
124,180,108.1
124,190,110.1
124,200,111.1
124,210,111.4
124,220,111.2
124,260,110
124,270,109.6
124,290,109
124,299,109.8
293,0,0
293,10,0
293,20,0.2
293,30,1.2
293,40,3.9
293,50,9.2
293,60,16.9
293,70,27
293,80,38.6
293,90,49.6
293,100,60.3
293,110,70.9
293,120,81.7
293,130,93
293,140,104.7
293,150,115.8
293,160,125
293,170,131.5
293,180,135.2
293,190,136.5
293,200,136.3
293,210,135.1
293,240,130
293,250,128.4
293,260,127
293,270,125.8
293,280,124.8
293,290,123.9
293,299,123.5
357,0,0
357,10,0
357,20,0.2
357,30,1.5
357,40,5.3
357,50,12.6
357,60,23.4
357,70,37
357,80,51.5
357,90,65.5
357,100,73.4
357,110,86.3
357,120,92.2
357,140,105
357,150,110.3
357,160,114
357,170,116.3
357,180,117.5
357,190,118.1
357,200,118.4
357,210,118.6
357,230,118.8
357,250,118.6
357,280,118
357,290,117.7
357,299,117.6
549,0,0
549,10,0
549,20,0.2
549,30,1.5
549,40,5.3
549,50,12.6
549,60,23.4
549,70,37
549,80,51.5
549,90,65.5
549,100,73.4
549,110,86.3
549,120,92.2
549,140,105
549,150,110.3
549,160,114
549,170,116.3
549,180,117.5
549,190,118.1
549,200,118.4
549,210,118.6
549,230,118.8
549,250,118.6
549,280,118
549,290,117.7
549,299,117.6
555,0,0
555,10,0
555,20,0.2
555,30,1.5
555,40,5.3
555,50,12.6
555,60,23.4
555,70,37
555,80,51.5
555,90,65.5
555,100,73.4
555,110,86.3
555,120,92.2
555,140,105
555,150,110.3
555,160,114
555,170,116.3
555,180,117.5
555,190,118.1
555,200,118.4
555,210,118.6
555,230,118.8
555,250,118.6
555,280,118
555,290,117.7
555,299,117.6
359,0,0
359,10,0
359,20,0.2
359,30,1.5
359,40,5.3
359,50,12.6
359,60,23.4
359,70,37
359,80,51.5
359,90,65.5
359,100,73.4
359,110,86.3
359,120,92.2
359,140,105
359,150,110.3
359,160,114
359,170,116.3
359,180,117.5
359,190,118.1
359,200,118.4
359,210,118.6
359,230,118.8
359,250,118.6
359,280,118
359,290,117.7
359,299,117.6
342,0,0
342,10,0
342,20,0.2
342,30,1.5
342,40,5.3
342,50,12.6
342,60,23.4
342,70,37
342,80,51.5
342,90,65.5
342,100,73.4
342,110,86.3
342,120,92.2
342,140,105
342,150,110.3
342,160,114
342,170,116.3
342,180,117.5
342,190,118.1
342,200,118.4
342,210,118.6
342,230,118.8
342,250,118.6
342,280,118
342,290,117.7
342,299,117.6
314,0,0
314,10,0
314,20,0.2
314,30,1.2
314,40,3.9
314,50,9.2
314,60,16.9
314,70,27
314,80,38.6
314,90,49.6
314,100,60.3
314,110,70.9
314,120,81.7
314,130,93
314,140,104.7
314,150,115.8
314,160,125
314,170,131.5
314,180,135.2
314,190,136.5
314,200,136.3
314,210,135.1
314,240,130
314,250,128.4
314,260,127
314,270,125.8
314,280,124.8
314,290,123.9
314,299,123.5
264,0,0
264,10,0
264,20,0.2
264,30,1.2
264,40,3.9
264,50,9.2
264,60,16.9
264,70,27
264,80,38.6
264,90,49.6
264,100,60.3
264,110,70.9
264,120,81.7
264,130,93
264,140,104.7
264,150,115.8
264,160,125
264,170,131.5
264,180,135.2
264,190,136.5
264,200,136.3
264,210,135.1
264,240,130
264,250,128.4
264,260,127
264,270,125.8
264,280,124.8
264,290,123.9
264,299,123.5
260,0,0
260,10,0
260,20,0.2
260,30,1.2
260,40,3.9
260,50,9.2
260,60,16.9
260,70,27
260,80,38.6
260,90,49.6
260,100,60.3
260,110,70.9
260,120,81.7
260,130,93
260,140,104.7
260,150,115.8
260,160,125
260,170,131.5
260,180,135.2
260,190,136.5
260,200,136.3
260,210,135.1
260,240,130
260,250,128.4
260,260,127
260,270,125.8
260,280,124.8
260,290,123.9
260,299,123.5
207,0,0
207,10,0
207,20,0.2
207,30,1
207,40,2.5
207,50,5.3
207,60,9.8
207,70,15.5
207,80,25.1
207,90,34.4
207,100,44.5
207,110,55.7
207,120,67.4
207,130,78.5
207,140,88
207,150,95.3
207,160,100.9
207,170,105.1
207,180,108.1
207,190,110.1
207,200,111.1
207,210,111.4
207,220,111.2
207,260,110
207,270,109.6
207,290,109
207,299,109.8
204,0,0
204,10,0
204,20,0.2
204,30,1
204,40,2.5
204,50,5.3
204,60,9.8
204,70,15.5
204,80,25.1
204,90,34.4
204,100,44.5
204,110,55.7
204,120,67.4
204,130,78.5
204,140,88
204,150,95.3
204,160,100.9
204,170,105.1
204,180,108.1
204,190,110.1
204,200,111.1
204,210,111.4
204,220,111.2
204,260,110
204,270,109.6
204,290,109
204,299,109.8
93,0,0
93,10,0
93,20,0.2
93,30,1
93,40,2.5
93,50,5.3
93,60,9.8
93,70,15.5
93,80,25.1
93,90,34.4
93,100,44.5
93,110,55.7
93,120,67.4
93,130,78.5
93,140,88
93,150,95.3
93,160,100.9
93,170,105.1
93,180,108.1
93,190,110.1
93,200,111.1
93,210,111.4
93,220,111.2
93,260,110
93,270,109.6
93,290,109
93,299,109.8
191,0,0
191,10,0
191,20,0.3
191,30,1.7
191,40,5
191,50,10.5
191,60,19.6
191,70,27.4
191,80,36.9
191,90,46.8
191,100,57.1
191,110,67.1
191,120,76.1
191,130,83.5
191,140,89
191,150,92.8
191,160,95.2
191,170,96.7
191,180,98
191,190,99.6
191,200,101.3
191,210,102.5
191,220,102.7
191,230,102.1
191,250,100.5
191,270,99.1
191,280,98.6
191,290,98
191,299,97.7
96,0,0
96,10,0
96,20,0.3
96,30,1.7
96,40,5
96,50,10.5
96,60,19.6
96,70,27.4
96,80,36.9
96,90,46.8
96,100,57.1
96,110,67.1
96,120,76.1
96,130,83.5
96,140,89
96,150,92.8
96,160,95.2
96,170,96.7
96,180,98
96,190,99.6
96,200,101.3
96,210,102.5
96,220,102.7
96,230,102.1
96,250,100.5
96,270,99.1
96,280,98.6
96,290,98
96,299,97.7
236,0,0
236,10,0
236,20,0.3
236,30,1.7
236,40,5
236,50,10.5
236,60,19.6
236,70,27.4
236,80,36.9
236,90,46.8
236,100,57.1
236,110,67.1
236,120,76.1
236,130,83.5
236,140,89
236,150,92.8
236,160,95.2
236,170,96.7
236,180,98
236,190,99.6
236,200,101.3
236,210,102.5
236,220,102.7
236,230,102.1
236,250,100.5
236,270,99.1
236,280,98.6
236,290,98
236,299,97.7
78,0,0
78,10,0
78,20,0.3
78,30,1.7
78,40,5
78,50,10.5
78,60,19.6
78,70,27.4
78,80,36.9
78,90,46.8
78,100,57.1
78,110,67.1
78,120,76.1
78,130,83.5
78,140,89
78,150,92.8
78,160,95.2
78,170,96.7
78,180,98
78,190,99.6
78,200,101.3
78,210,102.5
78,220,102.7
78,230,102.1
78,250,100.5
78,270,99.1
78,280,98.6
78,290,98
78,299,97.7
237,0,0
237,10,0
237,20,0.4
237,30,1.6
237,40,4.6
237,50,10.2
237,60,20.2
237,70,29.7
237,80,55.4
237,90,76.8
237,100,97.9
237,110,118
237,120,135.8
237,130,150.3
237,140,161.3
237,150,169.9
237,160,176.2
237,170,180.1
237,180,181.3
237,190,180.3
237,200,178
237,210,175.1
237,220,172.1
237,230,169.3
237,240,166.9
237,250,165
237,260,163.4
237,270,162
237,280,160.7
237,290,159.3
237,299,158.3
144,0,0
144,10,0
144,20,0.4
144,30,1.6
144,40,4.6
144,50,10.2
144,60,20.2
144,70,29.7
144,80,55.4
144,90,76.8
144,100,97.9
144,110,118
144,120,135.8
144,130,150.3
144,140,161.3
144,150,169.9
144,160,176.2
144,170,180.1
144,180,181.3
144,190,180.3
144,200,178
144,210,175.1
144,220,172.1
144,230,169.3
144,240,166.9
144,250,165
144,260,163.4
144,270,162
144,280,160.7
144,290,159.3
144,299,158.3
267,0,0
267,10,0
267,20,0.4
267,30,1.6
267,40,4.6
267,50,10.2
267,60,20.2
267,70,29.7
267,80,55.4
267,90,76.8
267,100,97.9
267,110,118
267,120,135.8
267,130,150.3
267,140,161.3
267,150,169.9
267,160,176.2
267,170,180.1
267,180,181.3
267,190,180.3
267,200,178
267,210,175.1
267,220,172.1
267,230,169.3
267,240,166.9
267,250,165
267,260,163.4
267,270,162
267,280,160.7
267,290,159.3
267,299,158.3
121,0,0
121,10,0
121,20,0.4
121,30,1.6
121,40,4.6
121,50,10.2
121,60,20.2
121,70,29.7
121,80,55.4
121,90,76.8
121,100,97.9
121,110,118
121,120,135.8
121,130,150.3
121,140,161.3
121,150,169.9
121,160,176.2
121,170,180.1
121,180,181.3
121,190,180.3
121,200,178
121,210,175.1
121,220,172.1
121,230,169.3
121,240,166.9
121,250,165
121,260,163.4
121,270,162
121,280,160.7
121,290,159.3
121,299,158.3
248,0,0
248,10,0
248,20,0.4
248,30,3.8
248,40,14.2
248,50,33.5
248,60,57.7
248,70,85
248,80,104.7
248,90,124.1
248,100,141.5
248,110,156.5
248,120,169.1
248,130,179.3
248,140,186.9
248,150,191.7
248,160,193.7
248,170,193.6
248,180,192.4
248,190,190.9
248,200,189.7
248,210,188.9
248,220,188.2
248,230,187.7
248,240,187.1
248,250,186.3
248,260,185.3
248,270,183.9
248,290,180.3
248,299,177.7
145,0,0
145,10,0
145,20,0.4
145,30,3.8
145,40,14.2
145,50,33.5
145,60,57.7
145,70,85
145,80,104.7
145,90,124.1
145,100,141.5
145,110,156.5
145,120,169.1
145,130,179.3
145,140,186.9
145,150,191.7
145,160,193.7
145,170,193.6
145,180,192.4
145,190,190.9
145,200,189.7
145,210,188.9
145,220,188.2
145,230,187.7
145,240,187.1
145,250,186.3
145,260,185.3
145,270,183.9
145,290,180.3
145,299,177.7
149,0,0
149,10,0
149,20,0.4
149,30,2.1
149,40,6.7
149,50,15
149,60,27.8
149,70,42.1
149,80,59.4
149,90,75.7
149,100,90.7
149,110,104.3
149,120,116.5
149,130,127.3
149,140,136.7
149,150,144.4
149,160,150.3
149,170,154.5
149,180,157.2
149,190,158.5
149,200,158.5
149,210,157.8
149,230,155.4
149,240,154.4
149,250,153.7
149,260,153.2
149,290,152
149,299,151.8
101,0,0
101,10,0
101,20,0.4
101,30,2.1
101,40,6.7
101,50,15
101,60,27.8
101,70,42.1
101,80,59.4
101,90,75.7
101,100,90.7
101,110,104.3
101,120,116.5
101,130,127.3
101,140,136.7
101,150,144.4
101,160,150.3
101,170,154.5
101,180,157.2
101,190,158.5
101,200,158.5
101,210,157.8
101,230,155.4
101,240,154.4
101,250,153.7
101,260,153.2
101,290,152
101,299,151.8
71,0,0
71,10,0
71,20,0.4
71,30,3.8
71,40,14.2
71,50,33.5
71,60,57.7
71,70,85
71,80,104.7
71,90,124.1
71,100,141.5
71,110,156.5
71,120,169.1
71,130,179.3
71,140,186.9
71,150,191.7
71,160,193.7
71,170,193.6
71,180,192.4
71,190,190.9
71,200,189.7
71,210,188.9
71,220,188.2
71,230,187.7
71,240,187.1
71,250,186.3
71,260,185.3
71,270,183.9
71,290,180.3
71,299,177.7
140,0,0
140,10,0
140,20,0.4
140,30,2.1
140,40,6.7
140,50,15
140,60,27.8
140,70,42.1
140,80,59.4
140,90,75.7
140,100,90.7
140,110,104.3
140,120,116.5
140,130,127.3
140,140,136.7
140,150,144.4
140,160,150.3
140,170,154.5
140,180,157.2
140,190,158.5
140,200,158.5
140,210,157.8
140,230,155.4
140,240,154.4
140,250,153.7
140,260,153.2
140,290,152
140,299,151.8
386,0,0
386,10,0
386,20,0.4
386,30,3.8
386,40,14.2
386,50,33.5
386,60,57.7
386,70,85
386,80,104.7
386,90,124.1
386,100,141.5
386,110,156.5
386,120,169.1
386,130,179.3
386,140,186.9
386,150,191.7
386,160,193.7
386,170,193.6
386,180,192.4
386,190,190.9
386,200,189.7
386,210,188.9
386,220,188.2
386,230,187.7
386,240,187.1
386,250,186.3
386,260,185.3
386,270,183.9
386,290,180.3
386,299,177.7
148,0,0
148,10,0
148,20,0.4
148,30,3.8
148,40,14.2
148,50,33.5
148,60,57.7
148,70,85
148,80,104.7
148,90,124.1
148,100,141.5
148,110,156.5
148,120,169.1
148,130,179.3
148,140,186.9
148,150,191.7
148,160,193.7
148,170,193.6
148,180,192.4
148,190,190.9
148,200,189.7
148,210,188.9
148,220,188.2
148,230,187.7
148,240,187.1
148,250,186.3
148,260,185.3
148,270,183.9
148,290,180.3
148,299,177.7
54,0,0
54,10,0
54,20,0.4
54,30,3.8
54,40,14.2
54,50,33.5
54,60,57.7
54,70,85
54,80,104.7
54,90,124.1
54,100,141.5
54,110,156.5
54,120,169.1
54,130,179.3
54,140,186.9
54,150,191.7
54,160,193.7
54,170,193.6
54,180,192.4
54,190,190.9
54,200,189.7
54,210,188.9
54,220,188.2
54,230,187.7
54,240,187.1
54,250,186.3
54,260,185.3
54,270,183.9
54,290,180.3
54,299,177.7
48,0,0
48,10,0
48,20,0.3
48,30,1.7
48,40,5
48,50,10.5
48,60,19.6
48,70,27.4
48,80,36.9
48,90,46.8
48,100,57.1
48,110,67.1
48,120,76.1
48,130,83.5
48,140,89
48,150,92.8
48,160,95.2
48,170,96.7
48,180,98
48,190,99.6
48,200,101.3
48,210,102.5
48,220,102.7
48,230,102.1
48,250,100.5
48,270,99.1
48,280,98.6
48,290,98
48,299,97.7
625,0,0
625,10,0
625,20,0.5
625,30,4.5
625,40,18.2
625,50,47.5
625,60,93.7
625,70,152.6
625,80,216.3
625,90,275.9
625,100,324.7
625,110,358.1
625,120,370.4
625,130,384.2
625,140,395.3
625,150,404.3
625,160,411.6
625,170,417.5
625,180,421.8
625,190,424.1
625,200,424.1
625,210,422.1
625,220,418.8
625,230,415.1
625,240,411.6
625,250,408.2
625,260,404.9
625,270,401.7
625,280,398.3
625,290,394.5
625,299,394.2
462,0,0
462,10,0
462,20,0.5
462,30,4.5
462,40,18.2
462,50,47.5
462,60,93.7
462,70,152.6
462,80,216.3
462,90,275.9
462,100,324.7
462,110,358.1
462,120,370.4
462,130,384.2
462,140,395.3
462,150,404.3
462,160,411.6
462,170,417.5
462,180,421.8
462,190,424.1
462,200,424.1
462,210,422.1
462,220,418.8
462,230,415.1
462,240,411.6
462,250,408.2
462,260,404.9
462,270,401.7
462,280,398.3
462,290,394.5
462,299,394.2
450,0,0
450,10,0
450,20,0.5
450,30,4.5
450,40,18.2
450,50,47.5
450,60,93.7
450,70,152.6
450,80,216.3
450,90,275.9
450,100,324.7
450,110,358.1
450,120,370.4
450,130,384.2
450,140,395.3
450,150,404.3
450,160,411.6
450,170,417.5
450,180,421.8
450,190,424.1
450,200,424.1
450,210,422.1
450,220,418.8
450,230,415.1
450,240,411.6
450,250,408.2
450,260,404.9
450,270,401.7
450,280,398.3
450,290,394.5
450,299,394.2
449,0,0
449,10,0
449,20,0.5
449,30,4.5
449,40,18.2
449,50,47.5
449,60,93.7
449,70,152.6
449,80,216.3
449,90,275.9
449,100,324.7
449,110,358.1
449,120,370.4
449,130,384.2
449,140,395.3
449,150,404.3
449,160,411.6
449,170,417.5
449,180,421.8
449,190,424.1
449,200,424.1
449,210,422.1
449,220,418.8
449,230,415.1
449,240,411.6
449,250,408.2
449,260,404.9
449,270,401.7
449,280,398.3
449,290,394.5
449,299,394.2
635,0,0
635,10,0
635,20,0.5
635,30,4.5
635,40,18.2
635,50,47.5
635,60,93.7
635,70,152.6
635,80,216.3
635,90,275.9
635,100,324.7
635,110,358.1
635,120,370.4
635,130,384.2
635,140,395.3
635,150,404.3
635,160,411.6
635,170,417.5
635,180,421.8
635,190,424.1
635,200,424.1
635,210,422.1
635,220,418.8
635,230,415.1
635,240,411.6
635,250,408.2
635,260,404.9
635,270,401.7
635,280,398.3
635,290,394.5
635,299,394.2
427,0,0
427,10,0
427,20,0.5
427,30,4.5
427,40,18.2
427,50,47.5
427,60,93.7
427,70,152.6
427,80,216.3
427,90,275.9
427,100,324.7
427,110,358.1
427,120,370.4
427,130,384.2
427,140,395.3
427,150,404.3
427,160,411.6
427,170,417.5
427,180,421.8
427,190,424.1
427,200,424.1
427,210,422.1
427,220,418.8
427,230,415.1
427,240,411.6
427,250,408.2
427,260,404.9
427,270,401.7
427,280,398.3
427,290,394.5
427,299,394.2
80,0,0
80,10,0
80,20,0.7
80,30,5.1
80,40,16.6
80,50,36.5
80,70,90.5
80,80,114.5
80,90,136.8
80,100,155.8
80,110,171.5
80,120,184.3
80,130,194.6
80,140,202.7
80,150,208.8
80,160,213.3
80,170,216.5
80,180,218.9
80,190,220.5
80,200,221.4
80,210,221.5
80,220,220.9
80,230,220
80,240,218.9
80,260,217.1
80,280,215.3
80,290,214.6
80,299,213.5
632,0,0
632,10,0
632,20,1.4
632,30,12.4
632,40,44.1
632,50,96.7
632,60,155.7
632,70,209
632,80,234.4
632,90,259.2
632,100,278
632,110,291.4
632,120,300.7
632,130,306.4
632,140,308.5
632,150,307.5
632,160,304.1
632,170,299.3
632,180,293.8
632,190,287.8
632,200,281.5
632,230,261.7
632,240,255.3
632,250,249.4
632,260,244.1
632,270,239.1
632,280,234.3
632,290,229.4
632,299,225.6
507,0,0
507,10,0
507,20,1.4
507,30,12.4
507,40,44.1
507,50,96.7
507,60,155.7
507,70,209
507,80,234.4
507,90,259.2
507,100,278
507,110,291.4
507,120,300.7
507,130,306.4
507,140,308.5
507,150,307.5
507,160,304.1
507,170,299.3
507,180,293.8
507,190,287.8
507,200,281.5
507,230,261.7
507,240,255.3
507,250,249.4
507,260,244.1
507,270,239.1
507,280,234.3
507,290,229.4
507,299,225.6
628,0,0
628,10,0
628,20,1.4
628,30,12.4
628,40,44.1
628,50,96.7
628,60,155.7
628,70,209
628,80,234.4
628,90,259.2
628,100,278
628,110,291.4
628,120,300.7
628,130,306.4
628,140,308.5
628,150,307.5
628,160,304.1
628,170,299.3
628,180,293.8
628,190,287.8
628,200,281.5
628,230,261.7
628,240,255.3
628,250,249.4
628,260,244.1
628,270,239.1
628,280,234.3
628,290,229.4
628,299,225.6
494,0,0
494,10,0
494,20,1.4
494,30,12.4
494,40,44.1
494,50,96.7
494,60,155.7
494,70,209
494,80,234.4
494,90,259.2
494,100,278
494,110,291.4
494,120,300.7
494,130,306.4
494,140,308.5
494,150,307.5
494,160,304.1
494,170,299.3
494,180,293.8
494,190,287.8
494,200,281.5
494,230,261.7
494,240,255.3
494,250,249.4
494,260,244.1
494,270,239.1
494,280,234.3
494,290,229.4
494,299,225.6
508,0,0
508,10,0
508,20,1.4
508,30,12.4
508,40,44.1
508,50,96.7
508,60,155.7
508,70,209
508,80,234.4
508,90,259.2
508,100,278
508,110,291.4
508,120,300.7
508,130,306.4
508,140,308.5
508,150,307.5
508,160,304.1
508,170,299.3
508,180,293.8
508,190,287.8
508,200,281.5
508,230,261.7
508,240,255.3
508,250,249.4
508,260,244.1
508,270,239.1
508,280,234.3
508,290,229.4
508,299,225.6
491,0,0
491,10,0
491,20,1.4
491,30,12.4
491,40,44.1
491,50,96.7
491,60,155.7
491,70,209
491,80,234.4
491,90,259.2
491,100,278
491,110,291.4
491,120,300.7
491,130,306.4
491,140,308.5
491,150,307.5
491,160,304.1
491,170,299.3
491,180,293.8
491,190,287.8
491,200,281.5
491,230,261.7
491,240,255.3
491,250,249.4
491,260,244.1
491,270,239.1
491,280,234.3
491,290,229.4
491,299,225.6
137,0,0
137,10,0
137,20,0.7
137,30,5.1
137,40,16.6
137,50,36.5
137,70,90.5
137,80,114.5
137,90,136.8
137,100,155.8
137,110,171.5
137,120,184.3
137,130,194.6
137,140,202.7
137,150,208.8
137,160,213.3
137,170,216.5
137,180,218.9
137,190,220.5
137,200,221.4
137,210,221.5
137,220,220.9
137,230,220
137,240,218.9
137,280,215.3
137,290,214.6
137,299,213.5
201,0,0
201,10,0
201,20,0.7
201,30,5.1
201,40,16.6
201,50,36.5
201,70,90.5
201,80,114.5
201,90,136.8
201,100,155.8
201,110,171.5
201,120,184.3
201,130,194.6
201,140,202.7
201,150,208.8
201,160,213.3
201,170,216.5
201,180,218.9
201,190,220.5
201,200,221.4
201,210,221.5
201,220,220.9
201,230,220
201,240,218.9
201,280,215.3
201,290,214.6
201,299,213.5
45,0,0
45,10,0
45,20,0.7
45,30,5.1
45,40,16.6
45,50,36.5
45,70,90.5
45,80,114.5
45,90,136.8
45,100,155.8
45,110,171.5
45,120,184.3
45,130,194.6
45,140,202.7
45,150,208.8
45,160,213.3
45,170,216.5
45,180,218.9
45,190,220.5
45,200,221.4
45,210,221.5
45,220,220.9
45,230,220
45,240,218.9
45,280,215.3
45,290,214.6
45,299,213.5
35,0,0
35,10,0
35,20,0.7
35,30,5.1
35,40,16.6
35,50,36.5
35,70,90.5
35,80,114.5
35,90,136.8
35,100,155.8
35,110,171.5
35,120,184.3
35,130,194.6
35,140,202.7
35,150,208.8
35,160,213.3
35,170,216.5
35,180,218.9
35,190,220.5
35,200,221.4
35,210,221.5
35,220,220.9
35,230,220
35,240,218.9
35,280,215.3
35,290,214.6
35,299,213.5
182,0,0
182,10,0
182,20,0.4
182,30,2.1
182,40,6.7
182,50,15
182,60,27.8
182,70,42.1
182,80,59.4
182,90,75.7
182,100,90.7
182,110,104.3
182,120,116.5
182,130,127.3
182,140,136.7
182,150,144.4
182,160,150.3
182,170,154.5
182,180,157.2
182,190,158.5
182,200,158.5
182,210,157.8
182,230,155.4
182,240,154.4
182,250,153.7
182,260,153.2
182,290,152
182,299,151.8
235,0,0
235,10,0
235,20,0.4
235,30,2.1
235,40,6.7
235,50,15
235,60,27.8
235,70,42.1
235,80,59.4
235,90,75.7
235,100,90.7
235,110,104.3
235,120,116.5
235,130,127.3
235,140,136.7
235,150,144.4
235,160,150.3
235,170,154.5
235,180,157.2
235,190,158.5
235,200,158.5
235,210,157.8
235,230,155.4
235,240,154.4
235,250,153.7
235,260,153.2
235,290,152
235,299,151.8
84,0,0
84,10,0
84,20,0.4
84,30,2.1
84,40,6.7
84,50,15
84,60,27.8
84,70,42.1
84,80,59.4
84,90,75.7
84,100,90.7
84,110,104.3
84,120,116.5
84,130,127.3
84,140,136.7
84,150,144.4
84,160,150.3
84,170,154.5
84,180,157.2
84,190,158.5
84,200,158.5
84,210,157.8
84,230,155.4
84,240,154.4
84,250,153.7
84,260,153.2
84,290,152
84,299,151.8
197,0,0
197,10,0
197,20,0.4
197,30,1.6
197,40,4.6
197,50,10.2
197,60,20.2
197,70,29.7
197,80,55.4
197,90,76.8
197,100,97.9
197,110,118
197,120,135.8
197,130,150.3
197,140,161.3
197,150,169.9
197,160,176.2
197,170,180.1
197,180,181.3
197,190,180.3
197,200,178
197,210,175.1
197,220,172.1
197,230,169.3
197,240,166.9
197,250,165
197,260,163.4
197,270,162
197,280,160.7
197,290,159.3
197,299,158.3
22,0,0
22,10,0
22,20,0.4
22,30,1.6
22,40,4.6
22,50,10.2
22,60,20.2
22,70,29.7
22,80,55.4
22,90,76.8
22,100,97.9
22,110,118
22,120,135.8
22,130,150.3
22,140,161.3
22,150,169.9
22,160,176.2
22,170,180.1
22,180,181.3
22,190,180.3
22,200,178
22,210,175.1
22,220,172.1
22,230,169.3
22,240,166.9
22,250,165
22,260,163.4
22,270,162
22,280,160.7
22,290,159.3
22,299,158.3
483,0,0
483,10,0
483,20,0.1
483,30,0.6
483,40,1.8
483,50,3.9
483,60,7.1
483,70,11.6
483,80,17.5
483,90,24.6
483,100,32.9
483,110,42.1
483,120,52.2
483,130,62.6
483,140,73.8
483,150,83.5
483,160,91.2
483,170,96.5
483,180,99.8
483,190,102.1
483,200,104.9
483,210,108.8
483,220,113.7
483,230,118.2
483,240,121.3
483,250,123
483,260,123.6
483,270,123.8
483,290,124
483,299,124.3
356,0,0
356,10,0
356,20,0.1
356,30,0.6
356,40,1.8
356,50,3.9
356,60,7.1
356,70,11.6
356,80,17.5
356,90,24.6
356,100,32.9
356,110,42.1
356,120,52.2
356,130,62.6
356,140,73.8
356,150,83.5
356,160,91.2
356,170,96.5
356,180,99.8
356,190,102.1
356,200,104.9
356,210,108.8
356,220,113.7
356,230,118.2
356,240,121.3
356,250,123
356,260,123.6
356,270,123.8
356,290,124
356,299,124.3
484,0,0
484,10,0
484,20,0.1
484,30,0.6
484,40,1.8
484,50,3.9
484,60,7.1
484,70,11.6
484,80,17.5
484,90,24.6
484,100,32.9
484,110,42.1
484,120,52.2
484,130,62.6
484,140,73.8
484,150,83.5
484,160,91.2
484,170,96.5
484,180,99.8
484,190,102.1
484,200,104.9
484,210,108.8
484,220,113.7
484,230,118.2
484,240,121.3
484,250,123
484,260,123.6
484,270,123.8
484,290,124
484,299,124.3
541,0,0
541,10,0
541,20,0.1
541,30,0.6
541,40,1.8
541,50,3.9
541,60,7.1
541,70,11.6
541,80,17.5
541,90,24.6
541,100,32.9
541,110,42.1
541,120,52.2
541,130,62.6
541,140,73.8
541,150,83.5
541,160,91.2
541,170,96.5
541,180,99.8
541,190,102.1
541,200,104.9
541,210,108.8
541,220,113.7
541,230,118.2
541,240,121.3
541,250,123
541,260,123.6
541,270,123.8
541,290,124
541,299,124.3
310,0,0
310,10,0
310,20,0.1
310,30,0.6
310,40,1.8
310,50,3.9
310,60,7.1
310,70,11.6
310,80,17.5
310,90,24.6
310,100,32.9
310,110,42.1
310,120,52.2
310,130,62.6
310,140,73.8
310,150,83.5
310,160,91.2
310,170,96.5
310,180,99.8
310,190,102.1
310,200,104.9
310,210,108.8
310,220,113.7
310,230,118.2
310,240,121.3
310,250,123
310,260,123.6
310,270,123.8
310,290,124
310,299,124.3
245,0,0
245,10,0
245,20,0.1
245,30,0.7
245,40,3.7
245,50,11
245,60,22.9
245,80,54.7
245,90,70
245,100,84.2
245,110,97.1
245,120,108.7
245,130,119
245,140,127.6
245,150,134.1
245,160,138.4
245,170,141.1
245,180,142.6
245,190,143.4
245,200,143.7
245,210,143.5
245,220,143.1
245,230,142.6
245,240,142.2
245,250,141.9
245,260,141.8
245,270,141.5
245,280,141.1
245,290,140.6
245,299,140.1
572,0,0
572,10,0
572,20,0.1
572,30,0.8
572,40,2.9
572,50,7.3
572,60,14.6
572,70,24.2
572,80,36.8
572,90,49.9
572,100,64.2
572,110,79.2
572,120,94.3
572,130,108.9
572,140,122.3
572,150,133.7
572,160,142.4
572,170,149
572,180,154.8
572,190,160.8
572,200,166.7
572,210,171.4
572,220,174.1
572,230,175.3
572,240,175.6
572,270,175.3
572,290,174.9
572,299,174.7
466,0,0
466,10,0
466,20,0.1
466,30,0.8
466,40,2.9
466,50,7.3
466,60,14.6
466,70,24.2
466,80,36.8
466,90,49.9
466,100,64.2
466,110,79.2
466,120,94.3
466,130,108.9
466,140,122.3
466,150,133.7
466,160,142.4
466,170,149
466,180,154.8
466,190,160.8
466,200,166.7
466,210,171.4
466,220,174.1
466,230,175.3
466,240,175.6
466,270,175.3
466,290,174.9
466,299,174.7
361,0,0
361,10,0
361,20,0.1
361,30,0.8
361,40,2.9
361,50,7.3
361,60,14.6
361,70,24.2
361,80,36.8
361,90,49.9
361,100,64.2
361,110,79.2
361,120,94.3
361,130,108.9
361,140,122.3
361,150,133.7
361,160,142.4
361,170,149
361,180,154.8
361,190,160.8
361,200,166.7
361,210,171.4
361,220,174.1
361,230,175.3
361,240,175.6
361,270,175.3
361,290,174.9
361,299,174.7
648,0,0
648,10,0
648,20,0.1
648,30,0.8
648,40,2.9
648,50,7.3
648,60,14.6
648,70,24.2
648,80,36.8
648,90,49.9
648,100,64.2
648,110,79.2
648,120,94.3
648,130,108.9
648,140,122.3
648,150,133.7
648,160,142.4
648,170,149
648,180,154.8
648,190,160.8
648,200,166.7
648,210,171.4
648,220,174.1
648,230,175.3
648,240,175.6
648,270,175.3
648,290,174.9
648,299,174.7
469,0,0
469,10,0
469,20,0.1
469,30,0.8
469,40,2.9
469,50,7.3
469,60,14.6
469,70,24.2
469,80,36.8
469,90,49.9
469,100,64.2
469,110,79.2
469,120,94.3
469,130,108.9
469,140,122.3
469,150,133.7
469,160,142.4
469,170,149
469,180,154.8
469,190,160.8
469,200,166.7
469,210,171.4
469,220,174.1
469,230,175.3
469,240,175.6
469,270,175.3
469,290,174.9
469,299,174.7
330,0,0
330,10,0
330,20,0.1
330,30,0.8
330,40,2.9
330,50,7.3
330,60,14.6
330,70,24.2
330,80,36.8
330,90,49.9
330,100,64.2
330,110,79.2
330,120,94.3
330,130,108.9
330,140,122.3
330,150,133.7
330,160,142.4
330,170,149
330,180,154.8
330,190,160.8
330,200,166.7
330,210,171.4
330,220,174.1
330,230,175.3
330,240,175.6
330,270,175.3
330,290,174.9
330,299,174.7
594,0,0
594,10,0
594,20,0.1
594,30,1.6
594,40,10.1
594,50,32.8
594,60,69.6
594,70,114.5
594,80,149.7
594,90,177.5
594,100,194.4
594,110,203
594,120,209.1
594,130,217.7
594,140,229.4
594,150,241.4
594,160,250.6
594,170,256
594,180,259.5
594,190,263.5
594,200,268.6
594,210,273.9
594,220,278
594,230,280.3
594,240,281.3
594,250,281.6
594,260,281.4
594,270,280.7
594,280,279.7
594,290,278.2
594,299,279.2
374,0,0
374,10,0
374,20,0.1
374,30,1.6
374,40,10.1
374,50,32.8
374,60,69.6
374,70,114.5
374,80,149.7
374,90,177.5
374,100,194.4
374,110,203
374,120,209.1
374,130,217.7
374,140,229.4
374,150,241.4
374,160,250.6
374,170,256
374,180,259.5
374,190,263.5
374,200,268.6
374,210,273.9
374,220,278
374,230,280.3
374,240,281.3
374,250,281.6
374,260,281.4
374,270,280.7
374,280,279.7
374,290,278.2
374,299,279.2
302,0,0
302,10,0
302,20,0.1
302,30,1.6
302,40,10.1
302,50,32.8
302,60,69.6
302,70,114.5
302,80,149.7
302,90,177.5
302,100,194.4
302,110,203
302,120,209.1
302,130,217.7
302,140,229.4
302,150,241.4
302,160,250.6
302,170,256
302,180,259.5
302,190,263.5
302,200,268.6
302,210,273.9
302,220,278
302,230,280.3
302,240,281.3
302,250,281.6
302,260,281.4
302,270,280.7
302,280,279.7
302,290,278.2
302,299,279.2
122,0,0
122,10,0
122,20,0.1
122,30,0.7
122,40,3.7
122,50,11
122,60,22.9
122,80,54.7
122,90,70
122,100,84.2
122,110,97.1
122,120,108.7
122,130,119
122,140,127.6
122,150,134.1
122,160,138.4
122,170,141.1
122,180,142.6
122,190,143.4
122,200,143.7
122,210,143.5
122,220,143.1
122,230,142.6
122,240,142.2
122,250,141.9
122,260,141.8
122,270,141.5
122,280,141.1
122,290,140.6
122,299,140.1
155,0,0
155,10,0
155,20,0.1
155,30,0.7
155,40,3.7
155,50,11
155,60,22.9
155,80,54.7
155,90,70
155,100,84.2
155,110,97.1
155,120,108.7
155,130,119
155,140,127.6
155,150,134.1
155,160,138.4
155,170,141.1
155,180,142.6
155,190,143.4
155,200,143.7
155,210,143.5
155,220,143.1
155,230,142.6
155,240,142.2
155,250,141.9
155,260,141.8
155,270,141.5
155,280,141.1
155,290,140.6
155,299,140.1
136,0,0
136,10,0
136,20,0.1
136,30,0.7
136,40,3.7
136,50,11
136,60,22.9
136,80,54.7
136,90,70
136,100,84.2
136,110,97.1
136,120,108.7
136,130,119
136,140,127.6
136,150,134.1
136,160,138.4
136,170,141.1
136,180,142.6
136,190,143.4
136,200,143.7
136,210,143.5
136,220,143.1
136,230,142.6
136,240,142.2
136,250,141.9
136,260,141.8
136,270,141.5
136,280,141.1
136,290,140.6
136,299,140.1
75,0,0
75,10,0
75,20,0.1
75,30,0.7
75,40,3.7
75,50,11
75,60,22.9
75,80,54.7
75,90,70
75,100,84.2
75,110,97.1
75,120,108.7
75,130,119
75,140,127.6
75,150,134.1
75,160,138.4
75,170,141.1
75,180,142.6
75,190,143.4
75,200,143.7
75,210,143.5
75,220,143.1
75,230,142.6
75,240,142.2
75,250,141.9
75,260,141.8
75,270,141.5
75,280,141.1
75,290,140.6
75,299,140.1
8,0,0
8,10,0
8,20,0.1
8,30,0.5
8,40,1.7
8,50,4.2
8,60,8.9
8,70,17.8
8,80,27.5
8,90,47.2
8,100,64.2
8,110,79.4
8,120,92.6
8,130,104
8,140,113.8
8,150,121.5
8,160,127
8,170,130.6
8,180,132.7
8,190,133.7
8,200,133.8
8,220,133.2
8,270,132.2
8,290,131.6
8,299,131.2
490,0,0
490,70,0
490,140,1
458,0,0
458,70,0
458,160,1
403,0,0
403,70,0
403,160,1
636,0,0
636,90,0
636,180,1
602,0,0
602,90,0
602,190,1
445,0,0
445,90,0
445,180,1
585,0,0
585,90,0
585,250,1
378,0,0
378,90,0
378,190,1
301,0,0
301,90,0
301,250,1
546,0,0
546,80,0
546,90,0.2
546,100,1.8
546,110,5.2
546,120,11.6
546,130,20
546,140,31
546,150,41.4
546,160,52.7
546,170,63.8
546,180,74.6
546,190,84.9
546,200,94.7
546,210,104
546,220,112.7
546,230,120.8
546,240,128.1
546,250,135
546,260,141.2
546,270,147
546,280,152.3
546,290,157.1
546,300,161.5
546,310,165.5
546,320,169.1
546,330,172.4
546,340,175.4
546,350,178.1
349,0,0
349,80,0
349,90,0.2
349,100,1.8
349,110,5.2
349,120,11.6
349,130,20
349,140,31
349,150,41.4
349,160,52.7
349,170,63.8
349,180,74.6
349,190,84.9
349,200,94.7
349,210,104
349,220,112.7
349,230,120.8
349,240,128.1
349,250,135
349,260,141.2
349,270,147
349,280,152.3
349,290,157.1
349,300,161.5
349,310,165.5
349,320,169.1
349,330,172.4
349,340,175.4
349,350,178.1
557,0,0
557,80,0
557,90,0.2
557,100,1.8
557,110,5.2
557,120,11.6
557,130,20
557,140,31
557,150,41.4
557,160,52.7
557,170,63.8
557,180,74.6
557,190,84.9
557,200,94.7
557,210,104
557,220,112.7
557,230,120.8
557,240,128.1
557,250,135
557,260,141.2
557,270,147
557,280,152.3
557,290,157.1
557,300,161.5
557,310,165.5
557,320,169.1
557,330,172.4
557,340,175.4
557,350,178.1
298,0,0
298,80,0
298,90,0.2
298,100,1.8
298,110,5.2
298,120,11.6
298,130,20
298,140,31
298,150,41.4
298,160,52.7
298,170,63.8
298,180,74.6
298,190,84.9
298,200,94.7
298,210,104
298,220,112.7
298,230,120.8
298,240,128.1
298,250,135
298,260,141.2
298,270,147
298,280,152.3
298,290,157.1
298,300,161.5
298,310,165.5
298,320,169.1
298,330,172.4
298,340,175.4
298,350,178.1
567,0,0
567,60,0
567,80,0.2
567,90,2
567,100,4.3
567,110,8.8
567,120,14
567,130,18.9
567,140,23.3
567,160,32.5
567,170,36.7
567,180,40.4
567,190,43.8
567,200,46.9
567,210,49.5
567,220,51.9
567,230,54
567,240,55.8
567,250,57.5
567,260,59
567,270,60.3
567,280,61.5
567,290,62.5
567,300,63.4
567,310,64.2
567,320,64.9
567,340,65.9
567,350,66.3
542,0,0
542,60,0
542,80,0.2
542,90,3
542,100,7.9
542,110,15.9
542,120,25.1
542,130,35.2
542,140,45.1
542,150,54.8
542,160,64.3
542,170,73.2
542,180,81.2
542,190,88.6
542,200,95.2
542,210,101.2
542,220,106.6
542,230,111.4
542,240,115.6
542,250,119.3
542,260,122.6
542,270,125.5
542,280,128
542,290,130.2
542,300,132
542,310,133.6
542,320,135
542,330,136.1
542,340,137
542,350,137.7
559,0,0
559,60,0
559,70,0.3
559,80,3.4
559,90,10.1
559,100,22.4
559,110,38.4
559,120,54.7
559,130,71.7
559,140,88.4
559,150,104.2
559,160,119.3
559,170,133.2
559,180,145.9
559,190,157.6
559,200,168.2
559,210,177.8
559,220,186.4
559,230,194.3
559,240,201.3
559,250,207.6
559,260,213.3
559,270,218.3
559,280,222.8
559,290,226.7
559,300,230.3
559,310,233.4
559,320,236.1
559,330,238.5
559,340,240.6
559,350,242.4
409,0,0
409,60,0
409,70,0.3
409,80,3.4
409,90,10.1
409,100,22.4
409,110,38.4
409,120,54.7
409,130,71.7
409,140,88.4
409,150,104.2
409,160,119.3
409,170,133.2
409,180,145.9
409,190,157.6
409,200,168.2
409,210,177.8
409,220,186.4
409,230,194.3
409,240,201.3
409,250,207.6
409,260,213.3
409,270,218.3
409,280,222.8
409,290,226.7
409,300,230.3
409,310,233.4
409,320,236.1
409,330,238.5
409,340,240.6
409,350,242.4
487,0,0
487,60,0
487,80,0.2
487,90,2
487,100,4.3
487,110,8.8
487,120,14
487,130,18.9
487,140,23.3
487,160,32.5
487,170,36.7
487,180,40.4
487,190,43.8
487,200,46.9
487,210,49.5
487,220,51.9
487,230,54
487,240,55.8
487,250,57.5
487,260,59
487,270,60.3
487,280,61.5
487,290,62.5
487,300,63.4
487,310,64.2
487,320,64.9
487,340,65.9
487,350,66.3
311,0,0
311,60,0
311,80,0.2
311,90,3
311,100,7.9
311,110,15.9
311,120,25.1
311,130,35.2
311,140,45.1
311,150,54.8
311,160,64.3
311,170,73.2
311,180,81.2
311,190,88.6
311,200,95.2
311,210,101.2
311,220,106.6
311,230,111.4
311,240,115.6
311,250,119.3
311,260,122.6
311,270,125.5
311,280,128
311,290,130.2
311,300,132
311,310,133.6
311,320,135
311,330,136.1
311,340,137
311,350,137.7
280,0,0
280,60,0
280,70,0.2
280,80,0.8
280,90,6
280,100,15.7
280,110,30.2
280,120,46.7
280,130,64.7
280,150,100.9
280,160,118.2
280,170,135.1
280,180,150.8
280,190,165.6
280,200,179.3
280,210,192.3
280,220,204.3
280,230,215.4
280,240,225.4
280,250,234.6
280,260,243.1
280,270,251
280,280,258.2
280,290,264.9
280,300,271
280,310,276.6
280,320,281.7
280,330,286.4
280,340,290.7
280,350,294.6
218,0,0
218,60,0
218,70,0.2
218,80,0.8
218,90,6
218,100,15.7
218,110,30.2
218,120,46.7
218,130,64.7
218,150,100.9
218,160,118.2
218,170,135.1
218,180,150.8
218,190,165.6
218,200,179.3
218,210,192.3
218,220,204.3
218,230,215.4
218,240,225.4
218,250,234.6
218,260,243.1
218,270,251
218,280,258.2
218,290,264.9
218,300,271
218,310,276.6
218,320,281.7
218,330,286.4
218,340,290.7
218,350,294.6
500,0,0
500,100,0
500,170,1
414,0,0
414,100,0
414,180,1
395,0,0
395,100,0
395,180,1
376,0,0
376,100,0
376,170,1
112,0,0
112,100,0
112,200,1
110,0,0
110,100,0
110,200,1
477,0,0
477,50,0
477,60,0.1
477,70,1.9
477,80,5.4
477,90,12.3
477,100,18.2
477,110,25.3
477,120,31.8
477,130,37.3
477,140,42.6
477,150,47.5
477,160,51.5
477,170,55
477,180,57.8
477,190,60.2
477,200,62.1
477,210,63.7
477,220,65.1
477,230,66.4
477,240,67.5
477,250,68.3
477,260,68.9
477,280,69.7
477,290,69.9
477,300,70
477,320,70
477,330,69.9
477,350,69.5
472,0,0
472,50,0
472,60,0.1
472,70,2.1
472,80,5.6
472,90,14.2
472,100,21.6
472,110,30
472,120,38.2
472,130,45.1
472,150,57.5
472,160,62.6
472,170,66.9
472,180,70.5
472,190,73.5
472,200,76
472,210,78
472,220,79.7
472,230,81.1
472,240,82.4
472,250,83.4
472,260,84.2
472,270,84.8
472,280,85.3
472,300,85.7
472,310,85.8
472,340,85.5
472,350,85.2
578,0,0
578,50,0
578,60,0.1
578,70,2.1
578,80,5.6
578,90,14.2
578,100,21.6
578,110,30
578,120,38.2
578,130,45.1
578,150,57.5
578,160,62.6
578,170,66.9
578,180,70.5
578,190,73.5
578,200,76
578,210,78
578,220,79.7
578,230,81.1
578,240,82.4
578,250,83.4
578,260,84.2
578,270,84.8
578,280,85.3
578,300,85.7
578,310,85.8
578,340,85.5
578,350,85.2
523,0,0
523,50,0
523,60,0.1
523,70,1.6
523,80,4.9
523,90,13.4
523,100,22.2
523,110,31.7
523,120,41.6
523,130,50.6
523,140,58.2
523,150,65.6
523,160,72.3
523,170,78.3
523,180,83.5
523,190,88.1
523,200,92.1
523,210,95.5
523,220,98.5
523,230,101
523,240,103.2
523,250,105.2
523,260,106.9
523,270,108.3
523,280,109.6
523,290,110.6
523,300,111.4
523,310,112.1
523,320,112.7
523,330,113.1
523,340,113.4
523,350,113.6
286,0,0
286,50,0
286,60,0.1
286,70,1.6
286,80,4.9
286,90,13.4
286,100,22.2
286,110,31.7
286,120,41.6
286,130,50.6
286,140,58.2
286,150,65.6
286,160,72.3
286,170,78.3
286,180,83.5
286,190,88.1
286,200,92.1
286,210,95.5
286,220,98.5
286,230,101
286,240,103.2
286,250,105.2
286,260,106.9
286,270,108.3
286,280,109.6
286,290,110.6
286,300,111.4
286,310,112.1
286,320,112.7
286,330,113.1
286,340,113.4
286,350,113.6
372,0,0
372,50,0
372,60,0.2
372,70,0.8
372,80,2.5
372,90,7.3
372,100,20.5
372,110,33.2
372,120,46.1
372,130,58.6
372,140,69.7
372,150,79.3
372,160,87.4
372,170,94.1
372,180,99.6
372,190,103.9
372,200,107.1
372,210,109.1
372,220,110.3
372,240,111.7
372,250,112.3
372,260,112.8
372,270,113.2
372,280,113.4
372,290,113.7
372,299,113.9
363,0,0
363,50,0
363,60,0.2
363,70,0.8
363,80,2.5
363,90,7.3
363,100,20.5
363,110,33.2
363,120,46.1
363,130,58.6
363,140,69.7
363,150,79.3
363,160,87.4
363,170,94.1
363,180,99.6
363,190,103.9
363,200,107.1
363,210,109.1
363,220,110.3
363,240,111.7
363,250,112.3
363,260,112.8
363,270,113.2
363,280,113.4
363,290,113.7
363,299,113.9
545,0,0
545,50,0
545,60,0.2
545,70,0.8
545,80,2.5
545,90,7.3
545,100,20.5
545,110,33.2
545,120,46.1
545,130,58.6
545,140,69.7
545,150,79.3
545,160,87.4
545,170,94.1
545,180,99.6
545,190,103.9
545,200,107.1
545,210,109.1
545,220,110.3
545,240,111.7
545,250,112.3
545,260,112.8
545,270,113.2
545,280,113.4
545,290,113.7
545,299,113.9
348,0,0
348,50,0
348,60,0.2
348,70,0.8
348,80,2.5
348,90,7.3
348,100,20.5
348,110,33.2
348,120,46.1
348,130,58.6
348,140,69.7
348,150,79.3
348,160,87.4
348,170,94.1
348,180,99.6
348,190,103.9
348,200,107.1
348,210,109.1
348,220,110.3
348,240,111.7
348,250,112.3
348,260,112.8
348,270,113.2
348,280,113.4
348,290,113.7
348,299,113.9
167,0,0
167,50,0
167,60,0.2
167,70,2.9
167,80,9.4
167,90,18.8
167,100,28.9
167,110,40.2
167,120,50.7
167,130,60.4
167,140,69
167,150,76.3
167,160,83.1
167,170,89.2
167,180,94.4
167,190,99
167,200,103.2
167,210,106.8
167,220,110
167,230,112.7
167,240,114.9
167,250,116.8
167,260,118.4
167,270,119.8
167,280,120.9
167,290,121.8
167,300,122.6
167,320,123.6
167,330,123.9
167,350,124.3
556,0,0
556,50,0
556,60,0.2
556,70,0.8
556,80,2.5
556,90,7.3
556,100,20.5
556,110,33.2
556,120,46.1
556,130,58.6
556,140,69.7
556,150,79.3
556,160,87.4
556,170,94.1
556,180,99.6
556,190,103.9
556,200,107.1
556,210,109.1
556,220,110.3
556,240,111.7
556,250,112.3
556,260,112.8
556,270,113.2
556,280,113.4
556,290,113.7
556,299,113.9
297,0,0
297,50,0
297,60,0.2
297,70,0.8
297,80,2.5
297,90,7.3
297,100,20.5
297,110,33.2
297,120,46.1
297,130,58.6
297,140,69.7
297,150,79.3
297,160,87.4
297,170,94.1
297,180,99.6
297,190,103.9
297,200,107.1
297,210,109.1
297,220,110.3
297,240,111.7
297,250,112.3
297,260,112.8
297,270,113.2
297,280,113.4
297,290,113.7
297,299,113.9
592,0,0
592,50,0
592,60,1
592,70,8.9
592,80,28.9
592,90,60.3
592,100,91.9
592,110,121.7
592,120,149.2
592,130,173.9
592,140,196.7
592,150,219.1
592,160,239.4
592,170,257.4
592,180,273.7
592,190,289
592,200,304.4
592,210,318.3
592,220,330.9
592,230,342.5
592,240,353.1
592,250,362.6
592,260,371.3
592,270,379.1
592,280,386.2
592,290,392.6
592,300,398.4
592,310,403.5
592,320,408.2
592,330,412.3
592,340,416.1
592,350,420.1
437,0,0
437,50,0
437,60,1
437,70,8.9
437,80,28.9
437,90,60.3
437,100,91.9
437,110,121.7
437,120,149.2
437,130,173.9
437,140,196.7
437,150,219.1
437,160,239.4
437,170,257.4
437,180,273.7
437,190,289
437,200,304.4
437,210,318.3
437,220,330.9
437,230,342.5
437,240,353.1
437,250,362.6
437,260,371.3
437,270,379.1
437,280,386.2
437,290,392.6
437,300,398.4
437,310,403.5
437,320,408.2
437,330,412.3
437,340,416.1
437,350,420.1
294,0,0
294,50,0
294,60,0.3
294,70,5.1
294,80,16.7
294,90,35.9
294,100,57.2
294,110,80.1
294,120,102.8
294,130,124.6
294,140,145
294,150,164
294,160,181.4
294,170,197.5
294,180,212.2
294,190,225.3
294,200,237.1
294,210,247.8
294,220,257.5
294,230,266.4
294,240,274.4
294,250,281.6
294,260,288.2
294,270,294.1
294,280,299.5
294,290,304.2
294,300,308.3
294,310,312
294,320,315.4
294,330,318.3
294,340,320.9
294,350,323.3
261,0,0
261,50,0
261,60,0.3
261,70,5.1
261,80,16.7
261,90,35.9
261,100,57.2
261,110,80.1
261,120,102.8
261,130,124.6
261,140,145
261,150,164
261,160,181.4
261,170,197.5
261,180,212.2
261,190,225.3
261,200,237.1
261,210,247.8
261,220,257.5
261,230,266.4
261,240,274.4
261,250,281.6
261,260,288.2
261,270,294.1
261,280,299.5
261,290,304.2
261,300,308.3
261,310,312
261,320,315.4
261,330,318.3
261,340,320.9
261,350,323.3
255,0,0
255,50,0
255,60,0.3
255,70,5.1
255,80,16.7
255,90,35.9
255,100,57.2
255,110,80.1
255,120,102.8
255,130,124.6
255,140,145
255,150,164
255,160,181.4
255,170,197.5
255,180,212.2
255,190,225.3
255,200,237.1
255,210,247.8
255,220,257.5
255,230,266.4
255,240,274.4
255,250,281.6
255,260,288.2
255,270,294.1
255,280,299.5
255,290,304.2
255,300,308.3
255,310,312
255,320,315.4
255,330,318.3
255,340,320.9
255,350,323.3
340,0,0
340,50,0
340,60,0.2
340,70,0.9
340,80,3.6
340,90,8.1
340,100,15
340,110,22
340,120,28.9
340,130,36.3
340,140,41.9
340,150,46.7
340,160,51.2
340,170,55.3
340,180,59.1
340,190,62.3
340,200,65.1
340,210,67.4
340,220,69.3
340,230,70.9
340,240,72.3
340,250,73.4
340,260,74.2
340,270,74.9
340,280,75.5
340,300,76.1
340,310,76.3
340,320,76.4
340,330,76.4
340,350,76.2
539,0,0
539,50,0
539,60,0.2
539,70,2.8
539,80,10
539,90,22.5
539,100,37.4
539,110,53.9
539,120,70.3
539,130,86.3
539,140,101.3
539,150,115
539,160,127.4
539,170,138.6
539,180,148.5
539,190,157.4
539,200,165.3
539,210,172.3
539,220,178.4
539,230,183.7
539,240,188.4
539,250,192.4
539,260,195.9
539,270,198.9
539,280,201.5
539,290,203.6
539,300,205.4
539,310,206.9
539,320,208.1
539,330,209.1
539,340,209.8
539,350,210.3
335,0,0
335,50,0
335,60,0.2
335,70,2.8
335,80,10
335,90,22.5
335,100,37.4
335,110,53.9
335,120,70.3
335,130,86.3
335,140,101.3
335,150,115
335,160,127.4
335,170,138.6
335,180,148.5
335,190,157.4
335,200,165.3
335,210,172.3
335,220,178.4
335,230,183.7
335,240,188.4
335,250,192.4
335,260,195.9
335,270,198.9
335,280,201.5
335,290,203.6
335,300,205.4
335,310,206.9
335,320,208.1
335,330,209.1
335,340,209.8
335,350,210.3
242,0,0
242,50,0
242,60,0.2
242,70,0.9
242,80,3.6
242,90,8.1
242,100,15
242,110,22
242,120,28.9
242,130,36.3
242,140,41.9
242,150,46.7
242,160,51.2
242,170,55.3
242,180,59.1
242,190,62.3
242,200,65.1
242,210,67.4
242,220,69.3
242,230,70.9
242,240,72.3
242,250,73.4
242,260,74.2
242,270,74.9
242,280,75.5
242,300,76.1
242,310,76.3
242,320,76.4
242,330,76.4
242,350,76.2
180,0,0
180,50,0
180,60,0.2
180,70,2.9
180,80,9.4
180,90,18.8
180,100,28.9
180,110,40.2
180,120,50.7
180,130,60.4
180,140,69
180,150,76.3
180,160,83.1
180,170,89.2
180,180,94.4
180,190,99
180,200,103.2
180,210,106.8
180,220,110
180,230,112.7
180,240,114.9
180,250,116.8
180,260,118.4
180,270,119.8
180,280,120.9
180,290,121.8
180,300,122.6
180,320,123.6
180,330,123.9
180,350,124.3
61,0,0
61,50,0
61,60,0.2
61,70,2.9
61,80,9.4
61,90,18.8
61,100,28.9
61,110,40.2
61,120,50.7
61,130,60.4
61,140,69
61,150,76.3
61,160,83.1
61,170,89.2
61,180,94.4
61,190,99
61,200,103.2
61,210,106.8
61,220,110
61,230,112.7
61,240,114.9
61,250,116.8
61,260,118.4
61,270,119.8
61,280,120.9
61,290,121.8
61,300,122.6
61,320,123.6
61,330,123.9
61,350,124.3
528,0,0
528,40,0
528,50,0.1
528,60,1.2
528,70,5.3
528,80,16.4
528,90,28.1
528,100,42.2
528,110,55.5
528,120,68.3
528,130,80.1
528,140,89.5
528,150,97.6
528,170,112.2
528,180,118.5
528,190,123.8
528,200,128.4
528,210,132.2
528,220,135.5
528,230,138.3
528,240,140.7
528,250,142.6
528,260,144.3
528,270,145.6
528,280,146.7
528,290,147.6
528,300,148.2
528,310,148.7
528,320,149.1
528,330,149.3
528,340,149.4
274,0,0
274,40,0
274,50,0.1
274,60,2.3
274,70,9.6
274,80,20.5
274,90,34
274,100,47.3
274,110,60.5
274,120,72.6
274,130,83.4
274,140,91.9
274,150,99.6
274,160,106.8
274,170,113.2
274,180,118.7
274,190,123.3
274,200,127.2
274,210,130.5
274,220,133.5
274,230,136
274,240,138.1
274,250,139.8
274,260,141.3
274,270,142.4
274,280,143.3
274,290,144
274,300,144.5
274,310,144.9
274,330,145.3
274,340,145.3
274,350,145.2
562,0,0
562,40,0
562,50,0.2
562,60,3.7
562,70,16.1
562,80,39.5
562,90,66.3
562,100,94.9
562,110,122.6
562,120,149.1
562,130,173.3
562,140,195.2
562,150,214.9
562,160,232.5
562,170,248.2
562,180,262.1
562,190,274.4
562,200,285.3
562,210,294.9
562,220,303.3
562,230,310.8
562,240,317.4
562,250,323.3
562,260,328.3
562,270,332.7
562,280,336.4
562,290,339.6
562,300,342.4
562,310,344.7
562,320,346.6
562,330,348.2
562,340,349.5
562,350,350.4
518,0,0
518,40,0
518,50,0.1
518,60,2.3
518,70,9.6
518,80,20.5
518,90,34
518,100,47.3
518,110,60.5
518,120,72.6
518,130,83.4
518,140,91.9
518,150,99.6
518,160,106.8
518,170,113.2
518,180,118.7
518,190,123.3
518,200,127.2
518,210,130.5
518,220,133.5
518,230,136
518,240,138.1
518,250,139.8
518,260,141.3
518,270,142.4
518,280,143.3
518,290,144
518,300,144.5
518,310,144.9
518,330,145.3
518,340,145.3
518,350,145.2
270,0,0
270,40,0
270,50,0.1
270,60,2.3
270,70,9.6
270,80,20.5
270,90,34
270,100,47.3
270,110,60.5
270,120,72.6
270,130,83.4
270,140,91.9
270,150,99.6
270,160,106.8
270,170,113.2
270,180,118.7
270,190,123.3
270,200,127.2
270,210,130.5
270,220,133.5
270,230,136
270,240,138.1
270,250,139.8
270,260,141.3
270,270,142.4
270,280,143.3
270,290,144
270,300,144.5
270,310,144.9
270,330,145.3
270,340,145.3
270,350,145.2
225,0,0
225,40,0
225,50,0.1
225,60,3.2
225,70,12.2
225,80,23.7
225,90,37
225,100,50.1
225,110,62.8
225,120,74
225,130,84
225,140,92.4
225,150,99.3
225,160,105.7
225,170,111.4
225,180,116.4
225,190,120.8
225,200,124.5
225,210,127.6
225,220,130.2
225,230,132.4
225,240,134.2
225,250,135.6
225,260,136.8
225,270,137.8
225,280,138.5
225,290,139
225,300,139.4
225,310,139.7
225,320,139.8
225,340,139.8
225,350,139.7
596,0,0
596,40,0
596,50,0.4
596,60,8.6
596,70,31.8
596,80,60.4
596,90,91.6
596,100,121.8
596,110,150.8
596,120,177.1
596,130,200.9
596,140,222.5
596,150,241.6
596,160,258.3
596,170,273.3
596,180,286.6
596,190,298.5
596,200,309.1
596,210,318.6
596,220,327
596,230,334.4
596,240,340.7
596,250,346.4
596,260,351.4
596,270,355.9
596,280,359.9
596,290,363.6
596,300,366.8
596,310,369.6
596,320,371.7
596,330,373.6
596,340,375.1
596,350,376.4
401,0,0
401,40,0
401,50,0.4
401,60,8.6
401,70,31.8
401,80,60.4
401,90,91.6
401,100,121.8
401,110,150.8
401,120,177.1
401,130,200.9
401,140,222.5
401,150,241.6
401,160,258.3
401,170,273.3
401,180,286.6
401,190,298.5
401,200,309.1
401,210,318.6
401,220,327
401,230,334.4
401,240,340.7
401,250,346.4
401,260,351.4
401,270,355.9
401,280,359.9
401,290,363.6
401,300,366.8
401,310,369.6
401,320,371.7
401,330,373.6
401,340,375.1
401,350,376.4
412,0,0
412,40,0
412,50,0.2
412,60,3.7
412,70,16.1
412,80,39.5
412,90,66.3
412,100,94.9
412,110,122.6
412,120,149.1
412,130,173.3
412,140,195.2
412,150,214.9
412,160,232.5
412,170,248.2
412,180,262.1
412,190,274.4
412,200,285.3
412,210,294.9
412,220,303.3
412,230,310.8
412,240,317.4
412,250,323.3
412,260,328.3
412,270,332.7
412,280,336.4
412,290,339.6
412,300,342.4
412,310,344.7
412,320,346.6
412,330,348.2
412,340,349.5
412,350,350.4
205,0,0
205,40,0
205,50,0.2
205,60,3
205,70,9.9
205,80,21
205,90,33.8
205,100,46.7
205,110,58.7
205,120,70.3
205,130,80.3
205,140,87.2
205,160,98.4
205,170,103.7
205,180,108.2
205,190,112
205,200,115
205,210,117.4
205,220,119.5
205,230,121.2
205,240,122.6
205,250,123.6
205,260,124.3
205,270,124.8
205,280,125.2
205,290,125.3
205,300,125.3
205,310,125.2
205,320,125
205,340,124.4
205,350,124
367,0,0
367,40,0
367,50,0.2
367,60,3.7
367,70,16.1
367,80,39.5
367,90,66.3
367,100,94.9
367,110,122.6
367,120,149.1
367,130,173.3
367,140,195.2
367,150,214.9
367,160,232.5
367,170,248.2
367,180,262.1
367,190,274.4
367,200,285.3
367,210,294.9
367,220,303.3
367,230,310.8
367,240,317.4
367,250,323.3
367,260,328.3
367,270,332.7
367,280,336.4
367,290,339.6
367,300,342.4
367,310,344.7
367,320,346.6
367,330,348.2
367,340,349.5
367,350,350.4
125,0,0
125,40,0
125,50,0.2
125,60,3
125,70,9.9
125,80,21
125,90,33.8
125,100,46.7
125,110,58.7
125,120,70.3
125,130,80.3
125,140,87.2
125,160,98.4
125,170,103.7
125,180,108.2
125,190,112
125,200,115
125,210,117.4
125,220,119.5
125,230,121.2
125,240,122.6
125,250,123.6
125,260,124.3
125,270,124.8
125,280,125.2
125,290,125.3
125,300,125.3
125,310,125.2
125,320,125
125,340,124.4
125,350,124
94,0,0
94,40,0
94,50,0.2
94,60,3
94,70,9.9
94,80,21
94,90,33.8
94,100,46.7
94,110,58.7
94,120,70.3
94,130,80.3
94,140,87.2
94,160,98.4
94,170,103.7
94,180,108.2
94,190,112
94,200,115
94,210,117.4
94,220,119.5
94,230,121.2
94,240,122.6
94,250,123.6
94,260,124.3
94,270,124.8
94,280,125.2
94,290,125.3
94,300,125.3
94,310,125.2
94,320,125
94,340,124.4
94,350,124
587,0,0
587,40,0
587,50,1.7
587,60,12.2
587,70,33.4
587,80,59.5
587,90,87.6
587,100,115.6
587,110,141.9
587,120,165.9
587,130,187.8
587,140,207
587,150,223.9
587,160,238.8
587,170,251.9
587,180,263.4
587,190,273.4
587,200,282.4
587,210,290.1
587,220,296.6
587,230,302.2
587,240,307
587,250,311.1
587,260,314.4
587,270,317.2
587,280,319.4
587,290,321.1
587,300,322.5
587,310,323.5
587,320,324.2
587,330,324.6
587,340,324.8
550,0,0
550,40,0
550,50,1.5
550,60,8.3
550,70,18.9
550,80,32.5
550,90,45
550,100,57
550,110,67.2
550,120,77.2
550,130,85.5
550,140,92.4
550,150,98.8
550,160,104.3
550,170,108.7
550,180,112.3
550,190,115.2
550,200,117.6
550,210,119.4
550,220,120.8
550,230,121.9
550,240,122.6
550,250,123.1
550,260,123.5
550,280,123.7
550,290,123.6
550,310,123.2
550,330,122.4
550,350,121.4
307,0,0
307,40,0
307,50,1.5
307,60,8.3
307,70,18.9
307,80,32.5
307,90,45
307,100,57
307,110,67.2
307,120,77.2
307,130,85.5
307,140,92.4
307,150,98.8
307,160,104.3
307,170,108.7
307,180,112.3
307,190,115.2
307,200,117.6
307,210,119.4
307,220,120.8
307,230,121.9
307,240,122.6
307,250,123.1
307,260,123.5
307,280,123.7
307,290,123.6
307,310,123.2
307,330,122.4
307,350,121.4
608,0,0
608,40,0
608,50,1.9
608,60,24.2
608,70,68.7
608,80,112.6
608,90,153.7
608,100,190
608,110,224.5
608,120,256
608,130,283.7
608,140,309.5
608,150,334.5
608,160,356.7
608,170,376.9
608,180,394.9
608,190,410.9
608,200,425.3
608,210,438.1
608,220,449.5
608,230,460.3
608,240,470.9
608,250,480.3
608,260,488.7
608,270,496.2
608,280,502.8
608,290,509
608,300,514.5
608,310,519.4
608,320,523.6
608,330,527.4
608,340,530.6
608,350,533.4
433,0,0
433,40,0
433,50,1.9
433,60,24.2
433,70,68.7
433,80,112.6
433,90,153.7
433,100,190
433,110,224.5
433,120,256
433,130,283.7
433,140,309.5
433,150,334.5
433,160,356.7
433,170,376.9
433,180,394.9
433,190,410.9
433,200,425.3
433,210,438.1
433,220,449.5
433,230,460.3
433,240,470.9
433,250,480.3
433,260,488.7
433,270,496.2
433,280,502.8
433,290,509
433,300,514.5
433,310,519.4
433,320,523.6
433,330,527.4
433,340,530.6
433,350,533.4
360,0,0
360,40,0
360,60,0.6
360,70,6.6
360,80,21.4
360,90,34.6
360,100,47.3
360,110,60.2
360,120,74
360,130,88.2
360,140,101.4
360,150,111.9
360,160,119.2
360,170,123.7
360,180,126.2
360,190,127.6
360,200,128.3
360,210,128.6
360,220,128.6
360,240,128.4
360,250,128.2
360,290,127
360,299,126.7
531,0,0
531,40,0
531,60,0.6
531,70,6.6
531,80,21.4
531,90,34.6
531,100,47.3
531,110,60.2
531,120,74
531,130,88.2
531,140,101.4
531,150,111.9
531,160,119.2
531,170,123.7
531,180,126.2
531,190,127.6
531,200,128.3
531,210,128.6
531,220,128.6
531,240,128.4
531,250,128.2
531,290,127
531,299,126.7
481,0,0
481,40,0
481,60,0.6
481,70,6.6
481,80,21.4
481,90,34.6
481,100,47.3
481,110,60.2
481,120,74
481,130,88.2
481,140,101.4
481,150,111.9
481,160,119.2
481,170,123.7
481,180,126.2
481,190,127.6
481,200,128.3
481,210,128.6
481,220,128.6
481,240,128.4
481,250,128.2
481,290,127
481,299,126.7
527,0,0
527,40,0
527,60,0.6
527,70,6.6
527,80,21.4
527,90,34.6
527,100,47.3
527,110,60.2
527,120,74
527,130,88.2
527,140,101.4
527,150,111.9
527,160,119.2
527,170,123.7
527,180,126.2
527,190,127.6
527,200,128.3
527,210,128.6
527,220,128.6
527,240,128.4
527,250,128.2
527,290,127
527,299,126.7
350,0,0
350,40,0
350,60,0.6
350,70,6.6
350,80,21.4
350,90,34.6
350,100,47.3
350,110,60.2
350,120,74
350,130,88.2
350,140,101.4
350,150,111.9
350,160,119.2
350,170,123.7
350,180,126.2
350,190,127.6
350,200,128.3
350,210,128.6
350,220,128.6
350,240,128.4
350,250,128.2
350,290,127
350,299,126.7
315,0,0
315,40,0
315,60,0.6
315,70,6.6
315,80,21.4
315,90,34.6
315,100,47.3
315,110,60.2
315,120,74
315,130,88.2
315,140,101.4
315,150,111.9
315,160,119.2
315,170,123.7
315,180,126.2
315,190,127.6
315,200,128.3
315,210,128.6
315,220,128.6
315,240,128.4
315,250,128.2
315,290,127
315,299,126.7
303,0,0
303,40,0
303,50,1.7
303,60,12.2
303,70,33.4
303,80,59.5
303,90,87.6
303,100,115.6
303,110,141.9
303,120,165.9
303,130,187.8
303,140,207
303,150,223.9
303,160,238.8
303,170,251.9
303,180,263.4
303,190,273.4
303,200,282.4
303,210,290.1
303,220,296.6
303,230,302.2
303,240,307
303,250,311.1
303,260,314.4
303,270,317.2
303,280,319.4
303,290,321.1
303,300,322.5
303,310,323.5
303,320,324.2
303,330,324.6
303,340,324.8
192,0,0
192,40,0
192,50,0.6
192,60,4.2
192,70,12.1
192,80,22.9
192,90,34.4
192,100,46.7
192,110,57.8
192,120,68.6
192,130,78.5
192,140,86.6
192,150,93.7
192,160,100.4
192,170,106.5
192,180,112
192,190,116.7
192,200,120.9
192,210,124.5
192,220,127.6
192,230,130.4
192,240,132.9
192,250,135.1
192,260,137
192,270,138.6
192,280,140
192,290,141.2
192,300,142.2
192,310,143.1
192,320,143.9
192,340,145.1
192,350,145.5
49,0,0
49,40,0
49,50,0.6
49,60,4.2
49,70,12.1
49,80,22.9
49,90,34.4
49,100,46.7
49,110,57.8
49,120,68.6
49,130,78.5
49,140,86.6
49,150,93.7
49,160,100.4
49,170,106.5
49,180,112
49,190,116.7
49,200,120.9
49,210,124.5
49,220,127.6
49,230,130.4
49,240,132.9
49,250,135.1
49,260,137
49,270,138.6
49,280,140
49,290,141.2
49,300,142.2
49,310,143.1
49,320,143.9
49,330,144.5
49,340,145.1
49,350,145.5
89,0,0
89,40,0
89,50,0.5
89,60,4.1
89,70,12.8
89,80,24.6
89,90,37.3
89,100,50.9
89,110,63.5
89,120,75.4
89,130,86.5
89,140,95.6
89,150,103.7
89,160,111.2
89,170,118.1
89,180,124.1
89,190,129.6
89,200,134.3
89,210,138.4
89,220,141.9
89,230,145
89,240,147.9
89,250,150.4
89,260,152.5
89,270,154.4
89,280,156
89,290,157.3
89,300,158.5
89,310,159.5
89,320,160.4
89,340,161.8
89,350,162.3
177,0,0
177,40,0
177,50,0.5
177,60,4.1
177,70,12.8
177,80,24.6
177,90,37.3
177,100,50.9
177,110,63.5
177,120,75.4
177,130,86.5
177,140,95.6
177,150,103.7
177,160,111.2
177,170,118.1
177,180,124.1
177,190,129.6
177,200,134.3
177,210,138.4
177,220,141.9
177,230,145
177,240,147.9
177,250,150.4
177,260,152.5
177,270,154.4
177,280,156
177,290,157.3
177,300,158.5
177,310,159.5
177,320,160.4
177,340,161.8
177,350,162.3
41,0,0
41,40,0
41,50,0.5
41,60,4.1
41,70,12.8
41,80,24.6
41,90,37.3
41,100,50.9
41,110,63.5
41,120,75.4
41,130,86.5
41,140,95.6
41,150,103.7
41,160,111.2
41,170,118.1
41,180,124.1
41,190,129.6
41,200,134.3
41,210,138.4
41,220,141.9
41,230,145
41,240,147.9
41,250,150.4
41,260,152.5
41,270,154.4
41,280,156
41,290,157.3
41,300,158.5
41,310,159.5
41,320,160.4
41,340,161.8
41,350,162.3
189,0,0
189,40,0
189,50,0.1
189,60,1.4
189,70,6.2
189,80,15.8
189,90,26.7
189,100,38.7
189,120,61.1
189,130,71
189,140,78.9
189,150,85.5
189,160,92.2
189,170,98.2
189,180,103.4
189,190,107.7
189,200,111.5
189,210,114.7
189,220,117.3
189,230,119.6
189,240,121.5
189,250,123.1
189,260,124.4
189,270,125.5
189,280,126.4
189,290,127.1
189,310,128.1
189,320,128.4
189,340,128.6
316,0,0
316,40,0
316,50,0.1
316,60,1.2
316,70,5.3
316,80,16.4
316,90,28.1
316,100,42.2
316,110,55.5
316,120,68.3
316,130,80.1
316,140,89.5
316,150,97.6
316,170,112.2
316,180,118.5
316,190,123.8
316,200,128.4
316,210,132.2
316,220,135.5
316,230,138.3
316,240,140.7
316,250,142.6
316,260,144.3
316,270,145.6
316,280,146.7
316,290,147.6
316,300,148.2
316,310,148.7
316,320,149.1
316,330,149.3
316,340,149.4
251,0,0
251,40,0
251,50,0.1
251,60,1.2
251,70,5.5
251,80,13.7
251,90,24.1
251,100,35.6
251,110,47
251,120,57.6
251,130,67.2
251,140,74
251,150,79.6
251,160,85
251,170,90.2
251,180,94.7
251,190,98.6
251,200,101.8
251,210,104.5
251,220,106.6
251,230,108.3
251,240,109.8
251,250,110.9
251,260,111.7
251,270,112.4
251,280,112.8
251,300,113.2
251,310,113.2
251,320,113.1
251,330,112.9
251,350,112.3
129,0,0
129,40,0
129,50,0.1
129,60,1.2
129,70,5.5
129,80,13.7
129,90,24.1
129,100,35.6
129,110,47
129,120,57.6
129,130,67.2
129,140,74
129,150,79.6
129,160,85
129,170,90.2
129,180,94.7
129,190,98.6
129,200,101.8
129,210,104.5
129,220,106.6
129,230,108.3
129,240,109.8
129,250,110.9
129,260,111.7
129,270,112.4
129,280,112.8
129,300,113.2
129,310,113.2
129,320,113.1
129,330,112.9
129,350,112.3
553,0,0
553,40,0
553,50,0.1
553,60,2.6
553,70,9.6
553,80,17.4
553,90,27.1
553,100,35.5
553,110,44.1
553,120,51.2
553,130,57.3
553,140,63.2
553,150,68.3
553,160,72.4
553,170,75.8
553,180,78.6
553,190,81
553,200,83.2
553,210,84.9
553,220,86.3
553,230,87.4
553,240,88.2
553,250,88.8
553,260,89.2
553,270,89.5
553,280,89.7
553,290,89.7
553,310,89.5
553,320,89.3
553,350,88.4
320,0,0
320,40,0
320,50,0.1
320,60,2.6
320,70,9.6
320,80,17.4
320,90,27.1
320,100,35.5
320,110,44.1
320,120,51.2
320,130,57.3
320,140,63.2
320,150,68.3
320,160,72.4
320,170,75.8
320,180,78.6
320,190,81
320,200,83.2
320,210,84.9
320,220,86.3
320,230,87.4
320,240,88.2
320,250,88.8
320,260,89.2
320,270,89.5
320,280,89.7
320,290,89.7
320,310,89.5
320,320,89.3
320,350,88.4
515,0,0
515,40,0
515,50,0.1
515,60,2.3
515,70,9.6
515,80,20.5
515,90,34
515,100,47.3
515,110,60.5
515,120,72.6
515,130,83.4
515,140,91.9
515,150,99.6
515,160,106.8
515,170,113.2
515,180,118.7
515,190,123.3
515,200,127.2
515,210,130.5
515,220,133.5
515,230,136
515,240,138.1
515,250,139.8
515,260,141.3
515,270,142.4
515,280,143.3
515,290,144
515,300,144.5
515,310,144.9
515,330,145.3
515,340,145.3
515,350,145.2
525,0,0
525,40,0
525,50,0.1
525,60,2.3
525,70,9.3
525,80,19.1
525,90,31.6
525,100,43.6
525,110,55.7
525,120,66.5
525,130,76
525,140,84.2
525,150,91.6
525,160,98.1
525,170,103.8
525,180,108.6
525,190,112.8
525,200,116.2
525,210,119.4
525,220,122.1
525,230,124.3
525,240,126.2
525,250,127.7
525,260,128.9
525,270,129.9
525,280,130.7
525,290,131.3
525,300,131.8
525,310,132.1
525,320,132.3
525,330,132.3
525,340,132.4
525,350,132.3
291,0,0
291,40,0
291,50,0.1
291,60,2.3
291,70,9.3
291,80,19.1
291,90,31.6
291,100,43.6
291,110,55.7
291,120,66.5
291,130,76
291,140,84.2
291,150,91.6
291,160,98.1
291,170,103.8
291,180,108.6
291,190,112.8
291,200,116.2
291,210,119.4
291,220,122.1
291,230,124.3
291,240,126.2
291,250,127.7
291,260,128.9
291,270,129.9
291,280,130.7
291,290,131.3
291,300,131.8
291,310,132.1
291,320,132.3
291,330,132.3
291,340,132.4
291,350,132.3
171,0,0
171,40,0
171,50,0.1
171,60,3.2
171,70,12.2
171,80,23.7
171,90,37
171,100,50.1
171,110,62.8
171,120,74
171,130,84
171,140,92.4
171,150,99.3
171,160,105.7
171,170,111.4
171,180,116.4
171,190,120.8
171,200,124.5
171,210,127.6
171,220,130.2
171,230,132.4
171,240,134.2
171,250,135.6
171,260,136.8
171,270,137.8
171,280,138.5
171,290,139
171,300,139.4
171,310,139.7
171,320,139.8
171,340,139.8
171,350,139.7
133,0,0
133,40,0
133,50,0.1
133,60,3.2
133,70,12.2
133,80,23.7
133,90,37
133,100,50.1
133,110,62.8
133,120,74
133,130,84
133,140,92.4
133,150,99.3
133,160,105.7
133,170,111.4
133,180,116.4
133,190,120.8
133,200,124.5
133,210,127.6
133,220,130.2
133,230,132.4
133,240,134.2
133,250,135.6
133,260,136.8
133,270,137.8
133,280,138.5
133,290,139
133,300,139.4
133,310,139.7
133,320,139.8
133,340,139.8
133,350,139.7
68,0,0
68,40,0
68,50,0.1
68,60,3.2
68,70,12.2
68,80,23.7
68,90,37
68,100,50.1
68,110,62.8
68,120,74
68,130,84
68,140,92.4
68,150,99.3
68,160,105.7
68,170,111.4
68,180,116.4
68,190,120.8
68,200,124.5
68,210,127.6
68,220,130.2
68,230,132.4
68,240,134.2
68,250,135.6
68,260,136.8
68,270,137.8
68,280,138.5
68,290,139
68,300,139.4
68,310,139.7
68,320,139.8
68,340,139.8
68,350,139.7
119,0,0
119,40,0
119,50,0.1
119,60,1.4
119,70,6.2
119,80,15.8
119,90,26.7
119,100,38.7
119,120,61.1
119,130,71
119,140,78.9
119,150,85.5
119,160,92.2
119,170,98.2
119,180,103.4
119,190,107.7
119,200,111.5
119,210,114.7
119,220,117.3
119,230,119.6
119,240,121.5
119,250,123.1
119,260,124.4
119,270,125.5
119,280,126.4
119,290,127.1
119,310,128.1
119,320,128.4
119,340,128.6
9,0,0
9,40,0
9,50,0.1
9,60,1.4
9,70,6.2
9,80,15.8
9,90,26.7
9,100,38.7
9,120,61.1
9,130,71
9,140,78.9
9,150,85.5
9,160,92.2
9,170,98.2
9,180,103.4
9,190,107.7
9,200,111.5
9,210,114.7
9,220,117.3
9,230,119.6
9,240,121.5
9,250,123.1
9,260,124.4
9,270,125.5
9,280,126.4
9,290,127.1
9,310,128.1
9,320,128.4
9,340,128.6
352,0,0
352,30,0
352,40,0.1
352,50,0.5
352,60,0.8
352,70,3.4
352,80,9
352,90,14.8
352,100,21.6
352,110,29.4
352,120,37.8
352,130,46.5
352,140,54.8
352,150,62.3
352,160,68.3
352,170,72.7
352,180,75.5
352,190,77.4
352,200,78.6
352,210,79.3
352,220,79.8
352,240,80
352,260,79.8
352,290,79.2
352,299,79
345,0,0
345,30,0
345,40,0.1
345,50,0.5
345,60,0.8
345,70,3.4
345,80,9
345,90,14.8
345,100,21.6
345,110,29.4
345,120,37.8
345,130,46.5
345,140,54.8
345,150,62.3
345,160,68.3
345,170,72.7
345,180,75.5
345,190,77.4
345,200,78.6
345,210,79.3
345,220,79.8
345,240,80
345,260,79.8
345,290,79.2
345,299,79
283,0,0
283,30,0
283,40,0.1
283,50,0.3
283,60,1
283,70,2.8
283,80,6.1
283,90,10.1
283,100,15.1
283,110,21.2
283,120,28.5
283,130,36.5
283,140,44.4
283,150,51.6
283,160,57.9
283,170,63.3
283,180,68.2
283,190,72.8
283,200,77
283,210,80.9
283,220,84
283,230,86.3
283,240,87.9
283,250,88.9
283,260,89.4
283,270,89.6
283,280,89.6
283,290,89.5
283,299,89.4
105,0,0
105,30,0
105,40,0.1
105,50,2.3
105,60,12.6
105,70,28.5
105,80,47.7
105,90,67.5
105,100,85.6
105,110,102.8
105,120,118.1
105,130,131.3
105,140,141.8
105,150,150.5
105,160,158.5
105,170,165.6
105,180,171.5
105,190,176.5
105,200,180.6
105,210,184
105,220,187
105,230,189.4
105,240,191.3
105,250,192.8
105,260,193.9
105,270,194.8
105,280,195.4
105,290,195.8
105,300,196
105,310,196.1
105,320,196
105,330,195.8
105,340,195.5
105,350,195.1
575,0,0
575,30,0
575,40,0.1
575,50,9
575,60,29.9
575,70,56.6
575,80,83.1
575,90,106.6
575,100,129.7
575,110,149
575,120,167.3
575,130,182.5
575,140,194.9
575,150,205
575,160,214
575,170,221.3
575,180,227.1
575,190,231.7
575,200,235.3
575,210,238.1
575,220,240.1
575,230,241.6
575,240,242.5
575,250,243.1
575,260,243.3
575,270,243.3
575,280,243
575,290,242.5
575,300,241.9
575,310,241.1
575,320,240.2
575,340,238.2
575,350,237
573,0,0
573,30,0
573,40,0.1
573,50,2.2
573,60,12.6
573,70,28.7
573,80,49.4
573,90,68.5
573,100,86.7
573,110,102.2
573,120,117.4
573,130,130.1
573,140,140.6
573,150,150.3
573,160,158.6
573,170,165.4
573,180,170.8
573,190,175.3
573,200,178.8
573,210,181.6
573,220,183.7
573,230,185.3
573,240,186.5
573,250,187.3
573,260,187.8
573,270,188
573,280,188.1
573,290,188
573,300,187.7
573,310,187.3
573,320,186.8
573,330,186.2
573,340,185.4
573,350,184.7
441,0,0
441,30,0
441,40,0.3
441,50,1.6
441,60,4.7
441,70,13.7
441,80,25.6
441,90,39.7
441,100,57.4
441,110,78.2
441,120,99.2
441,130,117.2
441,140,131.2
441,150,141.6
441,160,149.3
441,170,155.1
441,180,159.7
441,190,163.2
441,200,165.8
441,210,167.6
441,220,168.7
441,230,169.3
441,240,169.7
441,270,170.6
441,280,170.8
441,290,171.1
441,299,171.3
513,0,0
513,30,0
513,40,0.3
513,50,1.6
513,60,4.7
513,70,13.7
513,80,25.6
513,90,39.7
513,100,57.4
513,110,78.2
513,120,99.2
513,130,117.2
513,140,131.2
513,150,141.6
513,160,149.3
513,170,155.1
513,180,159.7
513,190,163.2
513,200,165.8
513,210,167.6
513,220,168.7
513,230,169.3
513,240,169.7
513,270,170.6
513,280,170.8
513,290,171.1
513,299,171.3
580,0,0
580,30,0
580,40,0.3
580,50,1.6
580,60,4.7
580,70,13.7
580,80,25.6
580,90,39.7
580,100,57.4
580,110,78.2
580,120,99.2
580,130,117.2
580,140,131.2
580,150,141.6
580,160,149.3
580,170,155.1
580,180,159.7
580,190,163.2
580,200,165.8
580,210,167.6
580,220,168.7
580,230,169.3
580,240,169.7
580,270,170.6
580,280,170.8
580,290,171.1
580,299,171.3
558,0,0
558,30,0
558,40,0.3
558,50,1.6
558,60,4.7
558,70,13.7
558,80,25.6
558,90,39.7
558,100,57.4
558,110,78.2
558,120,99.2
558,130,117.2
558,140,131.2
558,150,141.6
558,160,149.3
558,170,155.1
558,180,159.7
558,190,163.2
558,200,165.8
558,210,167.6
558,220,168.7
558,230,169.3
558,240,169.7
558,270,170.6
558,280,170.8
558,290,171.1
558,299,171.3
408,0,0
408,30,0
408,40,0.3
408,50,1.6
408,60,4.7
408,70,13.7
408,80,25.6
408,90,39.7
408,100,57.4
408,110,78.2
408,120,99.2
408,130,117.2
408,140,131.2
408,150,141.6
408,160,149.3
408,170,155.1
408,180,159.7
408,190,163.2
408,200,165.8
408,210,167.6
408,220,168.7
408,230,169.3
408,240,169.7
408,270,170.6
408,280,170.8
408,290,171.1
408,299,171.3
544,0,0
544,30,0
544,40,0.3
544,50,1.5
544,60,5.6
544,70,12.7
544,80,25.4
544,90,37.5
544,100,49.5
544,110,61.7
544,120,74.1
544,130,86.2
544,140,96.5
544,150,104.3
544,160,109.5
544,170,113
544,180,115.5
544,190,117.7
544,200,119.8
544,210,121.4
544,220,122.2
544,230,122.2
544,240,121.8
544,250,121.5
544,270,121.7
544,280,121.7
544,290,121.5
544,299,120.9
371,0,0
371,30,0
371,40,0.3
371,50,1.5
371,60,5.6
371,70,12.7
371,80,25.4
371,90,37.5
371,100,49.5
371,110,61.7
371,120,74.1
371,130,86.2
371,140,96.5
371,150,104.3
371,160,109.5
371,170,113
371,180,115.5
371,190,117.7
371,200,119.8
371,210,121.4
371,220,122.2
371,230,122.2
371,240,121.8
371,250,121.5
371,270,121.7
371,280,121.7
371,290,121.5
371,299,120.9
328,0,0
328,30,0
328,40,0.3
328,50,1.5
328,60,5.6
328,70,12.7
328,80,25.4
328,90,37.5
328,100,49.5
328,110,61.7
328,120,74.1
328,130,86.2
328,140,96.5
328,150,104.3
328,160,109.5
328,170,113
328,180,115.5
328,190,117.7
328,200,119.8
328,210,121.4
328,220,122.2
328,230,122.2
328,240,121.8
328,250,121.5
328,270,121.7
328,280,121.7
328,290,121.5
328,299,120.9
353,0,0
353,30,0
353,40,0.3
353,50,1.5
353,60,5.6
353,70,12.7
353,80,25.4
353,90,37.5
353,100,49.5
353,110,61.7
353,120,74.1
353,130,86.2
353,140,96.5
353,150,104.3
353,160,109.5
353,170,113
353,180,115.5
353,190,117.7
353,200,119.8
353,210,121.4
353,220,122.2
353,230,122.2
353,240,121.8
353,250,121.5
353,270,121.7
353,280,121.7
353,290,121.5
353,299,120.9
289,0,0
289,30,0
289,40,0.3
289,50,1.5
289,60,5.6
289,70,12.7
289,80,25.4
289,90,37.5
289,100,49.5
289,110,61.7
289,120,74.1
289,130,86.2
289,140,96.5
289,150,104.3
289,160,109.5
289,170,113
289,180,115.5
289,190,117.7
289,200,119.8
289,210,121.4
289,220,122.2
289,230,122.2
289,240,121.8
289,250,121.5
289,270,121.7
289,280,121.7
289,290,121.5
289,299,120.9
246,0,0
246,30,0
246,40,0.2
246,50,2.8
246,60,12.7
246,70,28.6
246,80,48.2
246,90,67.3
246,100,85.5
246,110,102.4
246,120,117.5
246,130,130.5
246,140,138.2
246,150,143.9
246,160,150.2
246,170,156.3
246,180,161.4
246,190,165.5
246,200,168.8
246,210,171.5
246,220,173.6
246,230,175.2
246,240,176.3
246,250,177.1
246,260,177.6
246,270,177.8
246,280,177.8
246,290,177.7
246,300,177.4
246,310,177
246,320,176.5
246,330,175.9
246,350,174.5
76,0,0
76,30,0
76,40,0.2
76,50,2.8
76,60,12.7
76,70,28.6
76,80,48.2
76,90,67.3
76,100,85.5
76,110,102.4
76,120,117.5
76,130,130.5
76,140,138.2
76,150,143.9
76,160,150.2
76,170,156.3
76,180,161.4
76,190,165.5
76,200,168.8
76,210,171.5
76,220,173.6
76,230,175.2
76,240,176.3
76,250,177.1
76,260,177.6
76,270,177.8
76,280,177.8
76,290,177.7
76,300,177.4
76,310,177
76,320,176.5
76,330,175.9
76,350,174.5
454,0,0
454,30,0
454,40,0.5
454,50,2.4
454,60,7.5
454,70,17.2
454,80,31.1
454,90,43.8
454,100,69.6
454,110,70.5
454,120,80
454,130,91.7
454,140,104.2
454,150,116.5
454,160,128.9
454,170,141.7
454,180,154.2
454,190,165.2
454,200,173.9
454,210,180.4
454,220,185.3
454,230,189
454,240,191.9
454,250,194.9
454,260,198.2
454,270,201.7
454,280,205.1
454,290,208.9
454,299,207.8
455,0,0
455,30,0
455,40,0.5
455,50,2.4
455,60,7.5
455,70,17.2
455,80,31.1
455,90,43.8
455,100,69.6
455,110,70.5
455,120,80
455,130,91.7
455,140,104.2
455,150,116.5
455,160,128.9
455,170,141.7
455,180,154.2
455,190,165.2
455,200,173.9
455,210,180.4
455,220,185.3
455,230,189
455,240,191.9
455,250,194.9
455,260,198.2
455,270,201.7
455,280,205.1
455,290,208.9
455,299,207.8
644,0,0
644,30,0
644,40,0.5
644,50,2.4
644,60,7.5
644,70,17.2
644,80,31.1
644,90,43.8
644,100,69.6
644,110,70.5
644,120,80
644,130,91.7
644,140,104.2
644,150,116.5
644,160,128.9
644,170,141.7
644,180,154.2
644,190,165.2
644,200,173.9
644,210,180.4
644,220,185.3
644,230,189
644,240,191.9
644,250,194.9
644,260,198.2
644,270,201.7
644,280,205.1
644,290,208.9
644,299,207.8
538,0,0
538,30,0
538,40,0.5
538,50,2.4
538,60,7.5
538,70,17.2
538,80,31.1
538,90,43.8
538,100,69.6
538,110,70.5
538,120,80
538,130,91.7
538,140,104.2
538,150,116.5
538,160,128.9
538,170,141.7
538,180,154.2
538,190,165.2
538,200,173.9
538,210,180.4
538,220,185.3
538,230,189
538,240,191.9
538,250,194.9
538,260,198.2
538,270,201.7
538,280,205.1
538,290,208.9
538,299,207.8
346,0,0
346,30,0
346,40,0.5
346,50,2.4
346,60,7.5
346,70,17.2
346,80,31.1
346,90,43.8
346,100,69.6
346,110,70.5
346,120,80
346,130,91.7
346,140,104.2
346,150,116.5
346,160,128.9
346,170,141.7
346,180,154.2
346,190,165.2
346,200,173.9
346,210,180.4
346,220,185.3
346,230,189
346,240,191.9
346,250,194.9
346,260,198.2
346,270,201.7
346,280,205.1
346,290,208.9
346,299,207.8
334,0,0
334,30,0
334,40,0.5
334,50,2.4
334,60,7.5
334,70,17.2
334,80,31.1
334,90,43.8
334,100,69.6
334,110,70.5
334,120,80
334,130,91.7
334,140,104.2
334,150,116.5
334,160,128.9
334,170,141.7
334,180,154.2
334,190,165.2
334,200,173.9
334,210,180.4
334,220,185.3
334,230,189
334,240,191.9
334,250,194.9
334,260,198.2
334,270,201.7
334,280,205.1
334,290,208.9
334,299,207.8
183,0,0
183,30,0
183,40,0.5
183,50,7.4
183,60,21.9
183,70,41.4
183,80,62.7
183,90,83.9
183,100,103.7
183,110,122.4
183,120,138.8
183,130,153.3
183,140,164.3
183,150,174
183,160,183.3
183,170,191.5
183,180,198.7
183,190,205
183,200,210.5
183,210,215.1
183,220,219.1
183,230,222.7
183,240,225.8
183,250,228.4
183,260,230.6
183,270,232.6
183,280,234.2
183,290,235.7
183,300,236.9
183,310,237.9
183,320,238.7
183,330,239.3
183,340,239.7
183,350,240
85,0,0
85,30,0
85,40,0.5
85,50,7.4
85,60,21.9
85,70,41.4
85,80,62.7
85,90,83.9
85,100,103.7
85,110,122.4
85,120,138.8
85,130,153.3
85,140,164.3
85,150,174
85,160,183.3
85,170,191.5
85,180,198.7
85,190,205
85,200,210.5
85,210,215.1
85,220,219.1
85,230,222.7
85,240,225.8
85,250,228.4
85,260,230.6
85,270,232.6
85,280,234.2
85,290,235.7
85,300,236.9
85,310,237.9
85,320,238.7
85,330,239.3
85,340,239.7
85,350,240
200,0,0
200,30,0
200,40,0.4
200,50,1.9
200,60,5.6
200,70,12.8
200,80,21.7
200,90,31
200,100,40.9
200,110,51.3
200,120,61.5
200,130,70.9
200,140,78.8
200,150,85
200,160,89.6
200,170,92.9
200,180,94.9
200,190,95.9
200,200,96.2
200,220,96.4
200,250,97
200,260,97.1
200,280,96.9
200,290,96.7
200,299,97.8
169,0,0
169,30,0
169,40,0.4
169,50,1.9
169,60,5.6
169,70,12.8
169,80,21.7
169,90,31
169,100,40.9
169,110,51.3
169,120,61.5
169,130,70.9
169,140,78.8
169,150,85
169,160,89.6
169,170,92.9
169,180,94.9
169,190,95.9
169,200,96.2
169,220,96.4
169,250,97
169,260,97.1
169,280,96.9
169,290,96.7
169,299,97.8
179,0,0
179,30,0
179,40,0.4
179,50,1.9
179,60,5.6
179,70,12.8
179,80,21.7
179,90,31
179,100,40.9
179,110,51.3
179,120,61.5
179,130,70.9
179,140,78.8
179,150,85
179,160,89.6
179,170,92.9
179,180,94.9
179,190,95.9
179,200,96.2
179,220,96.4
179,250,97
179,260,97.1
179,280,96.9
179,290,96.7
179,299,97.8
166,0,0
166,30,0
166,40,0.4
166,50,1.9
166,60,5.6
166,70,12.8
166,80,21.7
166,90,31
166,100,40.9
166,110,51.3
166,120,61.5
166,130,70.9
166,140,78.8
166,150,85
166,160,89.6
166,170,92.9
166,180,94.9
166,190,95.9
166,200,96.2
166,220,96.4
166,250,97
166,260,97.1
166,280,96.9
166,290,96.7
166,299,97.8
158,0,0
158,30,0
158,40,0.4
158,50,1.9
158,60,5.6
158,70,12.8
158,80,21.7
158,90,31
158,100,40.9
158,110,51.3
158,120,61.5
158,130,70.9
158,140,78.8
158,150,85
158,160,89.6
158,170,92.9
158,180,94.9
158,190,95.9
158,200,96.2
158,220,96.4
158,250,97
158,260,97.1
158,280,96.9
158,290,96.7
158,299,97.8
60,0,0
60,30,0
60,40,0.4
60,50,1.9
60,60,5.6
60,70,12.8
60,80,21.7
60,90,31
60,100,40.9
60,110,51.3
60,120,61.5
60,130,70.9
60,140,78.8
60,150,85
60,160,89.6
60,170,92.9
60,180,94.9
60,190,95.9
60,200,96.2
60,220,96.4
60,250,97
60,260,97.1
60,280,96.9
60,290,96.7
60,299,97.8
486,0,0
486,30,0
486,40,0.1
486,50,0.3
486,60,1
486,70,2.8
486,80,6.1
486,90,10.1
486,100,15.1
486,110,21.2
486,120,28.5
486,130,36.5
486,140,44.4
486,150,51.6
486,160,57.9
486,170,63.3
486,180,68.2
486,190,72.8
486,200,77
486,210,80.9
486,220,84
486,230,86.3
486,240,87.9
486,250,88.9
486,260,89.4
486,270,89.6
486,280,89.6
486,290,89.5
486,299,89.4
482,0,0
482,30,0
482,40,0.1
482,50,0.5
482,60,0.8
482,70,3.4
482,80,9
482,90,14.8
482,100,21.6
482,110,29.4
482,120,37.8
482,130,46.5
482,140,54.8
482,150,62.3
482,160,68.3
482,170,72.7
482,180,75.5
482,190,77.4
482,200,78.6
482,210,79.3
482,220,79.8
482,240,80
482,260,79.8
482,290,79.2
482,299,79
566,0,0
566,30,0
566,40,0.1
566,50,0.3
566,60,1
566,70,2.8
566,80,6.1
566,90,10.1
566,100,15.1
566,110,21.2
566,120,28.5
566,130,36.5
566,140,44.4
566,150,51.6
566,160,57.9
566,170,63.3
566,180,68.2
566,190,72.8
566,200,77
566,210,80.9
566,220,84
566,230,86.3
566,240,87.9
566,250,88.9
566,260,89.4
566,270,89.6
566,280,89.6
566,290,89.5
566,299,89.4
327,0,0
327,30,0
327,40,0.1
327,50,0.3
327,60,1
327,70,2.8
327,80,6.1
327,90,10.1
327,100,15.1
327,110,21.2
327,120,28.5
327,130,36.5
327,140,44.4
327,150,51.6
327,160,57.9
327,170,63.3
327,180,68.2
327,190,72.8
327,200,77
327,210,80.9
327,220,84
327,230,86.3
327,240,87.9
327,250,88.9
327,260,89.4
327,270,89.6
327,280,89.6
327,290,89.5
327,299,89.4
522,0,0
522,30,0
522,40,0.1
522,50,0.5
522,60,0.8
522,70,3.4
522,80,9
522,90,14.8
522,100,21.6
522,110,29.4
522,120,37.8
522,130,46.5
522,140,54.8
522,150,62.3
522,160,68.3
522,170,72.7
522,180,75.5
522,190,77.4
522,200,78.6
522,210,79.3
522,220,79.8
522,240,80
522,260,79.8
522,290,79.2
522,299,79
571,0,0
571,30,0
571,40,0.1
571,50,0.5
571,60,0.8
571,70,3.4
571,80,9
571,90,14.8
571,100,21.6
571,110,29.4
571,120,37.8
571,130,46.5
571,140,54.8
571,150,62.3
571,160,68.3
571,170,72.7
571,180,75.5
571,190,77.4
571,200,78.6
571,210,79.3
571,220,79.8
571,240,80
571,260,79.8
571,290,79.2
571,299,79
285,0,0
285,30,0
285,40,0.1
285,50,0.5
285,60,0.8
285,70,3.4
285,80,9
285,90,14.8
285,100,21.6
285,110,29.4
285,120,37.8
285,130,46.5
285,140,54.8
285,150,62.3
285,160,68.3
285,170,72.7
285,180,75.5
285,190,77.4
285,200,78.6
285,210,79.3
285,220,79.8
285,240,80
285,260,79.8
285,290,79.2
285,299,79
277,0,0
277,30,0
277,40,0.1
277,50,2.2
277,60,9.9
277,70,22.2
277,80,37.5
277,90,52.5
277,100,67
277,110,80
277,120,91.8
277,130,101.9
277,140,106.7
277,150,110
277,160,114.5
277,170,119.3
277,180,123.3
277,190,126.5
277,200,129
277,210,131.1
277,220,132.7
277,230,134
277,240,134.9
277,250,135.5
277,260,135.9
277,270,136.1
277,280,136.2
277,290,136.1
277,300,135.9
277,310,135.6
277,320,135.2
277,350,133.7
331,0,0
331,30,0
331,40,0.1
331,50,2.2
331,60,12.6
331,70,28.7
331,80,49.4
331,90,68.5
331,100,86.7
331,110,102.2
331,120,117.4
331,130,130.1
331,140,140.6
331,150,150.3
331,160,158.6
331,170,165.4
331,180,170.8
331,190,175.3
331,200,178.8
331,210,181.6
331,220,183.7
331,230,185.3
331,240,186.5
331,250,187.3
331,260,187.8
331,270,188
331,280,188.1
331,290,188
331,300,187.7
331,310,187.3
331,320,186.8
331,330,186.2
331,340,185.4
331,350,184.7
174,0,0
174,30,0
174,40,0.1
174,50,2.2
174,60,9.9
174,70,22.2
174,80,37.5
174,90,52.5
174,100,67
174,110,80
174,120,91.8
174,130,101.9
174,140,106.7
174,150,110
174,160,114.5
174,170,119.3
174,180,123.3
174,190,126.5
174,200,129
174,210,131.1
174,220,132.7
174,230,134
174,240,134.9
174,250,135.5
174,260,135.9
174,270,136.1
174,280,136.2
174,290,136.1
174,300,135.9
174,310,135.6
174,320,135.2
174,350,133.7
222,0,0
222,30,0
222,40,0.1
222,50,2.2
222,60,9.9
222,70,22.2
222,80,37.5
222,90,52.5
222,100,67
222,110,80
222,120,91.8
222,130,101.9
222,140,106.7
222,150,110
222,160,114.5
222,170,119.3
222,180,123.3
222,190,126.5
222,200,129
222,210,131.1
222,220,132.7
222,230,134
222,240,134.9
222,250,135.5
222,260,135.9
222,270,136.1
222,280,136.2
222,290,136.1
222,300,135.9
222,310,135.6
222,320,135.2
222,350,133.7
64,0,0
64,30,0
64,40,0.1
64,50,2.2
64,60,9.9
64,70,22.2
64,80,37.5
64,90,52.5
64,100,67
64,110,80
64,120,91.8
64,130,101.9
64,140,106.7
64,150,110
64,160,114.5
64,170,119.3
64,180,123.3
64,190,126.5
64,200,129
64,210,131.1
64,220,132.7
64,230,134
64,240,134.9
64,250,135.5
64,260,135.9
64,270,136.1
64,280,136.2
64,290,136.1
64,300,135.9
64,310,135.6
64,320,135.2
64,350,133.7
186,0,0
186,30,0
186,40,0.1
186,50,2.3
186,60,13
186,70,29.9
186,80,51.1
186,90,72.7
186,100,92.8
186,110,111.5
186,120,128.6
186,130,143.1
186,140,154.6
186,150,164.3
186,160,173.2
186,170,181.2
186,180,187.9
186,190,193.4
186,200,198.1
186,210,201.9
186,220,205
186,230,207.7
186,240,209.9
186,250,211.6
186,260,212.9
186,270,213.9
186,280,214.6
186,290,215.1
186,300,215.3
186,310,215.4
186,320,215.4
186,330,215.2
186,340,214.9
186,350,214.5
520,0,0
520,30,0
520,40,0.1
520,50,2.3
520,60,12.6
520,70,28.5
520,80,47.7
520,90,67.5
520,100,85.6
520,110,102.8
520,120,118.1
520,130,131.3
520,140,141.8
520,150,150.5
520,160,158.5
520,170,165.6
520,180,171.5
520,190,176.5
520,200,180.6
520,210,184
520,220,187
520,230,189.4
520,240,191.3
520,250,192.8
520,260,193.9
520,270,194.8
520,280,195.4
520,290,195.8
520,300,196
520,310,196.1
520,320,196
520,330,195.8
520,340,195.5
520,350,195.1
116,0,0
116,30,0
116,40,0.1
116,50,2.3
116,60,12.6
116,70,28.5
116,80,47.7
116,90,67.5
116,100,85.6
116,110,102.8
116,120,118.1
116,130,131.3
116,140,141.8
116,150,150.5
116,160,158.5
116,170,165.6
116,180,171.5
116,190,176.5
116,200,180.6
116,210,184
116,220,187
116,230,189.4
116,240,191.3
116,250,192.8
116,260,193.9
116,270,194.8
116,280,195.4
116,290,195.8
116,300,196
116,310,196.1
116,320,196
116,330,195.8
116,340,195.5
116,350,195.1
31,0,0
31,30,0
31,40,0.1
31,50,2.3
31,60,13
31,70,29.9
31,80,51.1
31,90,72.7
31,100,92.8
31,110,111.5
31,120,128.6
31,130,143.1
31,140,154.6
31,150,164.3
31,160,173.2
31,170,181.2
31,180,187.9
31,190,193.4
31,200,198.1
31,210,201.9
31,220,205
31,230,207.7
31,240,209.9
31,250,211.6
31,260,212.9
31,270,213.9
31,280,214.6
31,290,215.1
31,300,215.3
31,310,215.4
31,320,215.4
31,330,215.2
31,340,214.9
31,350,214.5
569,0,0
569,30,0
569,40,0.1
569,50,9
569,60,29.9
569,70,56.6
569,80,83.1
569,90,106.6
569,100,129.7
569,110,149
569,120,167.3
569,130,182.5
569,140,194.9
569,150,205
569,160,214
569,170,221.3
569,180,227.1
569,190,231.7
569,200,235.3
569,210,238.1
569,220,240.1
569,230,241.6
569,240,242.5
569,250,243.1
569,260,243.3
569,270,243.3
569,280,243
569,290,242.5
569,300,241.9
569,310,241.1
569,320,240.2
569,340,238.2
569,350,237
324,0,0
324,30,0
324,40,0.1
324,50,9
324,60,29.9
324,70,56.6
324,80,83.1
324,90,106.6
324,100,129.7
324,110,149
324,120,167.3
324,130,182.5
324,140,194.9
324,150,205
324,160,214
324,170,221.3
324,180,227.1
324,190,231.7
324,200,235.3
324,210,238.1
324,220,240.1
324,230,241.6
324,240,242.5
324,250,243.1
324,260,243.3
324,270,243.3
324,280,243
324,290,242.5
324,300,241.9
324,310,241.1
324,320,240.2
324,340,238.2
324,350,237
238,0,0
238,30,0
238,40,0.1
238,50,3.7
238,60,18.1
238,70,42.9
238,80,70.8
238,90,97.7
238,100,123.2
238,110,146.2
238,120,166.9
238,130,185.2
238,140,201
238,150,214.9
238,160,227.2
238,170,238.1
238,180,247.7
238,190,256.1
238,200,263.6
238,210,269.9
238,220,275.5
238,230,280.4
238,240,284.8
238,250,288.8
238,260,292.3
238,270,295.3
238,280,297.8
238,290,299.9
238,300,301.7
238,310,303.1
238,320,304.3
238,330,305.3
238,340,306
238,350,306.6
198,0,0
198,30,0
198,40,0.1
198,50,3.7
198,60,18.1
198,70,42.9
198,80,70.8
198,90,97.7
198,100,123.2
198,110,146.2
198,120,166.9
198,130,185.2
198,140,201
198,150,214.9
198,160,227.2
198,170,238.1
198,180,247.7
198,190,256.1
198,200,263.6
198,210,269.9
198,220,275.5
198,230,280.4
198,240,284.8
198,250,288.8
198,260,292.3
198,270,295.3
198,280,297.8
198,290,299.9
198,300,301.7
198,310,303.1
198,320,304.3
198,330,305.3
198,340,306
198,350,306.6
26,0,0
26,30,0
26,40,0.1
26,50,3.7
26,60,18.1
26,70,42.9
26,80,70.8
26,90,97.7
26,100,123.2
26,110,146.2
26,120,166.9
26,130,185.2
26,140,201
26,150,214.9
26,160,227.2
26,170,238.1
26,180,247.7
26,190,256.1
26,200,263.6
26,210,269.9
26,220,275.5
26,230,280.4
26,240,284.8
26,250,288.8
26,260,292.3
26,270,295.3
26,280,297.8
26,290,299.9
26,300,301.7
26,310,303.1
26,320,304.3
26,330,305.3
26,340,306
26,350,306.6
612,0,0
612,30,0
612,40,1.4
612,50,15.7
612,60,46.1
612,70,82.7
612,80,119.9
612,90,154.5
612,100,185.4
612,110,212.1
612,120,235.1
612,130,254.6
612,140,271.2
612,150,285.2
612,160,297.1
612,170,307.3
612,180,316
612,190,323.4
612,200,329.7
612,210,335.1
612,220,339.7
612,230,343.5
612,240,346.5
612,250,349
612,260,351
612,270,352.7
612,280,354
612,290,354.9
612,300,355.6
612,310,356
612,320,356.1
612,330,356.1
612,340,355.9
612,350,355.5
497,0,0
497,30,0
497,40,1.4
497,50,15.7
497,60,46.1
497,70,82.7
497,80,119.9
497,90,154.5
497,100,185.4
497,110,212.1
497,120,235.1
497,130,254.6
497,140,271.2
497,150,285.2
497,160,297.1
497,170,307.3
497,180,316
497,190,323.4
497,200,329.7
497,210,335.1
497,220,339.7
497,230,343.5
497,240,346.5
497,250,349
497,260,351
497,270,352.7
497,280,354
497,290,354.9
497,300,355.6
497,310,356
497,320,356.1
497,330,356.1
497,340,355.9
497,350,355.5
161,0,0
161,30,0
161,40,1.4
161,50,15.7
161,60,46.1
161,70,82.7
161,80,119.9
161,90,154.5
161,100,185.4
161,110,212.1
161,120,235.1
161,130,254.6
161,140,271.2
161,150,285.2
161,160,297.1
161,170,307.3
161,180,316
161,190,323.4
161,200,329.7
161,210,335.1
161,220,339.7
161,230,343.5
161,240,346.5
161,250,349
161,260,351
161,270,352.7
161,280,354
161,290,354.9
161,300,355.6
161,310,356
161,320,356.1
161,330,356.1
161,340,355.9
161,350,355.5
249,0,0
249,30,0
249,40,1.1
249,50,11.2
249,60,31.7
249,70,57
249,80,82.8
249,90,107.2
249,100,129.5
249,110,150
249,120,167.5
249,130,181.8
249,140,186.7
249,150,189.2
249,160,194.4
249,170,200.4
249,180,205.2
249,190,208.9
249,200,211.9
249,210,214.1
249,220,215.8
249,230,217
249,240,217.7
249,250,218.1
249,260,218.2
249,270,218.1
249,280,217.8
249,290,217.3
249,300,216.7
249,310,216
249,320,215.2
249,330,214.3
249,350,212.3
72,0,0
72,30,0
72,40,1.1
72,50,11.2
72,60,31.7
72,70,57
72,80,82.8
72,90,107.2
72,100,129.5
72,110,150
72,120,167.5
72,130,181.8
72,140,186.7
72,150,189.2
72,160,194.4
72,170,200.4
72,180,205.2
72,190,208.9
72,200,211.9
72,210,214.1
72,220,215.8
72,230,217
72,240,217.7
72,250,218.1
72,260,218.2
72,270,218.1
72,280,217.8
72,290,217.3
72,300,216.7
72,310,216
72,320,215.2
72,330,214.3
72,350,212.3
56,0,0
56,30,0
56,40,1.1
56,50,11.2
56,60,31.7
56,70,57
56,80,82.8
56,90,107.2
56,100,129.5
56,110,150
56,120,167.5
56,130,181.8
56,140,186.7
56,150,189.2
56,160,194.4
56,170,200.4
56,180,205.2
56,190,208.9
56,200,211.9
56,210,214.1
56,220,215.8
56,230,217
56,240,217.7
56,250,218.1
56,260,218.2
56,270,218.1
56,280,217.8
56,290,217.3
56,300,216.7
56,310,216
56,320,215.2
56,330,214.3
56,350,212.3
233,0,0
233,30,0
233,40,0.7
233,50,7.1
233,60,20.1
233,70,37.4
233,80,55.6
233,90,74.1
233,100,91.1
233,110,107.1
233,120,121.1
233,130,133.3
233,140,142.7
233,150,151
233,160,158.7
233,170,165.6
233,180,171.8
233,190,177.1
233,200,181.6
233,210,185.4
233,220,188.9
233,230,191.9
233,240,194.5
233,250,196.7
233,260,198.5
233,270,200.2
233,280,201.7
233,290,202.9
233,300,203.9
233,310,204.7
233,320,205.3
233,330,205.8
233,340,206.1
233,350,206.3
229,0,0
229,30,0
229,40,0.7
229,50,7.1
229,60,20.1
229,70,37.4
229,80,55.6
229,90,74.1
229,100,91.1
229,110,107.1
229,120,121.1
229,130,133.3
229,140,142.7
229,150,151
229,160,158.7
229,170,165.6
229,180,171.8
229,190,177.1
229,200,181.6
229,210,185.4
229,220,188.9
229,230,191.9
229,240,194.5
229,250,196.7
229,260,198.5
229,270,200.2
229,280,201.7
229,290,202.9
229,300,203.9
229,310,204.7
229,320,205.3
229,330,205.8
229,340,206.1
229,350,206.3
18,0,0
18,30,0
18,40,0.7
18,50,7.1
18,60,20.1
18,70,37.4
18,80,55.6
18,90,74.1
18,100,91.1
18,110,107.1
18,120,121.1
18,130,133.3
18,140,142.7
18,150,151
18,160,158.7
18,170,165.6
18,180,171.8
18,190,177.1
18,200,181.6
18,210,185.4
18,220,188.9
18,230,191.9
18,240,194.5
18,250,196.7
18,260,198.5
18,270,200.2
18,280,201.7
18,290,202.9
18,300,203.9
18,310,204.7
18,320,205.3
18,330,205.8
18,340,206.1
18,350,206.3
616,0,0
616,30,0
616,40,3.7
616,50,20.4
616,60,45.8
616,70,74
616,80,103
616,90,130.8
616,100,155.4
616,110,177.4
616,120,196.9
616,130,213.4
616,140,225.8
616,150,236
616,160,245.8
616,170,255
616,180,262.9
616,190,269.6
616,200,275.6
616,210,280.7
616,220,285.1
616,230,288.8
616,240,292.1
616,250,294.9
616,260,297.3
616,270,299.3
616,280,301
616,290,302.3
616,300,303.5
616,310,304.5
616,320,305.3
616,330,305.8
616,340,306.2
616,350,306.4
421,0,0
421,30,0
421,40,3.7
421,50,20.4
421,60,45.8
421,70,74
421,80,103
421,90,130.8
421,100,155.4
421,110,177.4
421,120,196.9
421,130,213.4
421,140,225.8
421,150,236
421,160,245.8
421,170,255
421,180,262.9
421,190,269.6
421,200,275.6
421,210,280.7
421,220,285.1
421,230,288.8
421,240,292.1
421,250,294.9
421,260,297.3
421,270,299.3
421,280,301
421,290,302.3
421,300,303.5
421,310,304.5
421,320,305.3
421,330,305.8
421,340,306.2
421,350,306.4
213,0,0
213,30,0
213,40,6.1
213,50,25.1
213,60,52.6
213,70,82.6
213,80,112.7
213,90,140.6
213,100,165.8
213,110,188
213,120,207.2
213,130,223.7
213,140,235.7
213,150,245.8
213,160,255.6
213,170,264.4
213,180,272.1
213,190,278.8
213,200,284.4
213,210,289.3
213,220,293.7
213,230,297.5
213,240,300.7
213,250,303.4
213,260,305.7
213,270,307.7
213,280,309.4
213,290,310.8
213,300,311.9
213,310,312.8
213,320,313.4
213,330,313.9
213,350,314.5
108,0,0
108,30,0
108,40,6.1
108,50,25.1
108,60,52.6
108,70,82.6
108,80,112.7
108,90,140.6
108,100,165.8
108,110,188
108,120,207.2
108,130,223.7
108,140,235.7
108,150,245.8
108,160,255.6
108,170,264.4
108,180,272.1
108,190,278.8
108,200,284.4
108,210,289.3
108,220,293.7
108,230,297.5
108,240,300.7
108,250,303.4
108,260,305.7
108,270,307.7
108,280,309.4
108,290,310.8
108,300,311.9
108,310,312.8
108,320,313.4
108,330,313.9
108,350,314.5
99,0,0
99,30,0
99,40,6.1
99,50,25.1
99,60,52.6
99,70,82.6
99,80,112.7
99,90,140.6
99,100,165.8
99,110,188
99,120,207.2
99,130,223.7
99,140,235.7
99,150,245.8
99,160,255.6
99,170,264.4
99,180,272.1
99,190,278.8
99,200,284.4
99,210,289.3
99,220,293.7
99,230,297.5
99,240,300.7
99,250,303.4
99,260,305.7
99,270,307.7
99,280,309.4
99,290,310.8
99,300,311.9
99,310,312.8
99,320,313.4
99,330,313.9
99,350,314.5
599,0,0
599,30,0
599,40,6.7
599,50,42.8
599,60,95
599,70,149.5
599,80,199.9
599,90,244.2
599,100,282.5
599,110,314.7
599,120,342.4
599,130,366.1
599,140,386.5
599,150,403.6
599,160,418.2
599,170,430.8
599,180,442.2
599,190,451.8
599,200,459.7
599,210,466.3
599,220,472
599,230,476.8
599,240,481
599,250,484.5
599,260,487.4
599,270,489.6
599,280,491.4
599,290,492.8
599,300,493.8
599,310,494.7
599,320,495.3
599,330,495.6
599,340,495.7
599,350,495.6
451,0,0
451,30,0
451,40,15.4
451,50,80
451,60,151.3
451,70,214.7
451,80,274.8
451,90,326.3
451,100,376.6
451,110,421
451,120,459.6
451,130,493.2
451,140,523.5
451,150,552.5
451,160,577.7
451,170,600.5
451,180,620.5
451,190,638
451,200,655.4
451,210,671.7
451,220,686.1
451,230,698.7
451,240,709.7
451,250,721.2
451,260,731.7
451,270,741
451,280,749.1
451,290,756.1
451,300,762.3
451,310,767.5
451,330,776.7
451,340,781.2
451,350,785
626,0,0
626,30,0
626,40,15.4
626,50,80
626,60,151.3
626,70,214.7
626,80,274.8
626,90,326.3
626,100,376.6
626,110,421
626,120,459.6
626,130,493.2
626,140,523.5
626,150,552.5
626,160,577.7
626,170,600.5
626,180,620.5
626,190,638
626,200,655.4
626,210,671.7
626,220,686.1
626,230,698.7
626,240,709.7
626,250,721.2
626,260,731.7
626,270,741
626,280,749.1
626,290,756.1
626,300,762.3
626,310,767.5
626,330,776.7
626,340,781.2
626,350,785
428,0,0
428,30,0
428,40,15.4
428,50,80
428,60,151.3
428,70,214.7
428,80,274.8
428,90,326.3
428,100,376.6
428,110,421
428,120,459.6
428,130,493.2
428,140,523.5
428,150,552.5
428,160,577.7
428,170,600.5
428,180,620.5
428,190,638
428,200,655.4
428,210,671.7
428,220,686.1
428,230,698.7
428,240,709.7
428,250,721.2
428,260,731.7
428,270,741
428,280,749.1
428,290,756.1
428,300,762.3
428,310,767.5
428,330,776.7
428,340,781.2
428,350,785
397,0,0
397,30,0
397,40,6.7
397,50,42.8
397,60,95
397,70,149.5
397,80,199.9
397,90,244.2
397,100,282.5
397,110,314.7
397,120,342.4
397,130,366.1
397,140,386.5
397,150,403.6
397,160,418.2
397,170,430.8
397,180,442.2
397,190,451.8
397,200,459.7
397,210,466.3
397,220,472
397,230,476.8
397,240,481
397,250,484.5
397,260,487.4
397,270,489.6
397,280,491.4
397,290,492.8
397,300,493.8
397,310,494.7
397,320,495.3
397,330,495.6
397,340,495.7
397,350,495.6
202,0,0
202,30,0
202,40,6.2
202,50,24.4
202,60,50.6
202,70,79
202,80,107.5
202,90,133.7
202,100,157.4
202,110,178.3
202,120,196.3
202,130,211.8
202,140,223
202,150,232.4
202,160,241.6
202,170,249.7
202,180,257
202,190,263.2
202,200,268.4
202,210,273.1
202,220,277.2
202,230,280.7
202,240,283.7
202,250,286.1
202,260,288.4
202,270,290.2
202,280,291.8
202,290,293.1
202,300,294.1
202,310,294.9
202,320,295.5
202,330,296
202,340,296.4
202,350,296.6
46,0,0
46,30,0
46,40,6.2
46,50,24.4
46,60,50.6
46,70,79
46,80,107.5
46,90,133.7
46,100,157.4
46,110,178.3
46,120,196.3
46,130,211.8
46,140,223
46,150,232.4
46,160,241.6
46,170,249.7
46,180,257
46,190,263.2
46,200,268.4
46,210,273.1
46,220,277.2
46,230,280.7
46,240,283.7
46,250,286.1
46,260,288.4
46,270,290.2
46,280,291.8
46,290,293.1
46,300,294.1
46,310,294.9
46,320,295.5
46,330,296
46,340,296.4
46,350,296.6
37,0,0
37,30,0
37,40,6.2
37,50,24.4
37,60,50.6
37,70,79
37,80,107.5
37,90,133.7
37,100,157.4
37,110,178.3
37,120,196.3
37,130,211.8
37,140,223
37,150,232.4
37,160,241.6
37,170,249.7
37,180,257
37,190,263.2
37,200,268.4
37,210,273.1
37,220,277.2
37,230,280.7
37,240,283.7
37,250,286.1
37,260,288.4
37,270,290.2
37,280,291.8
37,290,293.1
37,300,294.1
37,310,294.9
37,320,295.5
37,330,296
37,340,296.4
37,350,296.6
388,0,0
388,30,0
388,40,3.3
388,50,21.9
388,60,51.5
388,70,84.6
388,80,117.3
388,90,147.6
388,100,175
388,110,198.5
388,120,219.1
388,130,236.1
388,140,247.3
388,150,256
388,160,264.5
388,170,272.1
388,180,278.4
388,190,283.4
388,200,287.4
388,210,290.6
388,220,293.1
388,230,295
388,240,296.4
388,250,297.3
388,260,297.9
388,270,298.2
388,280,298.1
388,290,297.9
388,300,297.5
388,310,296.9
388,320,296.2
388,330,295.4
388,340,294.5
388,350,293.5
14,0,0
14,30,0
14,40,3.3
14,50,21.9
14,60,51.5
14,70,84.6
14,80,117.3
14,90,147.6
14,100,175
14,110,198.5
14,120,219.1
14,130,236.1
14,140,247.3
14,150,256
14,160,264.5
14,170,272.1
14,180,278.4
14,190,283.4
14,200,287.4
14,210,290.6
14,220,293.1
14,230,295
14,240,296.4
14,250,297.3
14,260,297.9
14,270,298.2
14,280,298.1
14,290,297.9
14,300,297.5
14,310,296.9
14,320,296.2
14,330,295.4
14,340,294.5
14,350,293.5
209,0,0
209,30,0
209,40,2.4
209,50,17.5
209,60,42.6
209,70,71.6
209,80,100.3
209,90,126.9
209,100,151.8
209,110,173.2
209,120,191.6
209,130,207.2
209,140,217.6
209,150,225.8
209,160,233.6
209,170,240.7
209,180,246.5
209,190,251.2
209,200,255
209,210,258
209,220,260.3
209,230,262.2
209,240,263.5
209,250,264.5
209,260,265.1
209,270,265.4
209,280,265.5
209,290,265.4
209,300,265.1
209,310,264.7
209,320,264.1
209,330,263.4
209,350,261.8
391,0,0
391,30,0
391,40,2.4
391,50,17.5
391,60,42.6
391,70,71.6
391,80,100.3
391,90,126.9
391,100,151.8
391,110,173.2
391,120,191.6
391,130,207.2
391,140,217.6
391,150,225.8
391,160,233.6
391,170,240.7
391,180,246.5
391,190,251.2
391,200,255
391,210,258
391,220,260.3
391,230,262.2
391,240,263.5
391,250,264.5
391,260,265.1
391,270,265.4
391,280,265.5
391,290,265.4
391,300,265.1
391,310,264.7
391,320,264.1
391,330,263.4
391,350,261.8
82,0,0
82,30,0
82,40,2.4
82,50,17.5
82,60,42.6
82,70,71.6
82,80,100.3
82,90,126.9
82,100,151.8
82,110,173.2
82,120,191.6
82,130,207.2
82,140,217.6
82,150,225.8
82,160,233.6
82,170,240.7
82,180,246.5
82,190,251.2
82,200,255
82,210,258
82,220,260.3
82,230,262.2
82,240,263.5
82,250,264.5
82,260,265.1
82,270,265.4
82,280,265.5
82,290,265.4
82,300,265.1
82,310,264.7
82,320,264.1
82,330,263.4
82,350,261.8
4,0,0
4,30,0
4,40,2.4
4,50,17.5
4,60,42.6
4,70,71.6
4,80,100.3
4,90,126.9
4,100,151.8
4,110,173.2
4,120,191.6
4,130,207.2
4,140,217.6
4,150,225.8
4,160,233.6
4,170,240.7
4,180,246.5
4,190,251.2
4,200,255
4,210,258
4,220,260.3
4,230,262.2
4,240,263.5
4,250,264.5
4,260,265.1
4,270,265.4
4,280,265.5
4,290,265.4
4,300,265.1
4,310,264.7
4,320,264.1
4,330,263.4
4,350,261.8
463,0,0
463,1,0
463,10,0.1
463,20,1.6
463,30,6.3
463,40,16.1
463,50,32.2
463,60,56.2
463,70,82.5
463,80,117.4
463,90,147.9
463,100,173.9
463,110,194.8
463,120,211.5
463,130,225.8
463,140,240
463,150,255.1
463,160,270.6
463,170,284.6
463,180,296
463,190,304.6
463,200,311.1
463,210,315.4
463,220,317.8
463,230,318.8
463,240,319.2
463,250,319.2
463,260,318.6
463,270,317.6
463,280,316.4
463,290,314.9
463,299,314.3
582,0,0
582,1,0
582,10,0.1
582,20,2.8
582,30,13.2
582,40,33.8
582,50,62.7
582,60,94.9
582,70,126.5
582,80,150.7
582,90,174.2
582,100,195.4
582,110,214.2
582,120,230.7
582,130,244.9
582,140,256.6
582,150,265.9
582,160,272.7
582,170,277.4
582,180,280.3
582,190,281.9
582,200,282.5
582,210,282.4
582,220,281.8
582,230,280.7
582,240,279.1
582,260,275.5
582,270,273.8
582,290,270.8
582,299,269.8
111,0,0
111,1,0
111,10,0.1
111,20,2.8
111,30,13.2
111,40,33.8
111,50,62.7
111,60,94.9
111,70,126.5
111,80,150.7
111,90,174.2
111,100,195.4
111,110,214.2
111,120,230.7
111,130,244.9
111,140,256.6
111,150,265.9
111,160,272.7
111,170,277.4
111,180,280.3
111,190,281.9
111,200,282.5
111,210,282.4
111,220,281.8
111,230,280.7
111,240,279.1
111,260,275.5
111,270,273.8
111,290,270.8
111,299,269.8
81,0,0
81,1,0
81,10,0.1
81,20,2
81,30,8.7
81,40,21.8
81,50,40.5
81,60,61.7
81,70,84.7
81,80,104.3
81,90,123.7
81,100,141.8
81,110,157.7
81,120,170.7
81,130,180.7
81,140,187.8
81,150,192.4
81,160,195.1
81,170,196.2
81,180,196.3
81,190,195.5
81,200,194.2
81,210,192.6
81,230,189.6
81,270,184.4
81,280,183.3
81,290,182.3
81,299,180.3
652,0,0
652,1,0
652,10,0.1
652,20,1.6
652,30,6.3
652,40,16.1
652,50,32.2
652,60,56.2
652,70,82.5
652,80,117.4
652,90,147.9
652,100,173.9
652,110,194.8
652,120,211.5
652,130,225.8
652,140,240
652,150,255.1
652,160,270.6
652,170,284.6
652,180,296
652,190,304.6
652,200,311.1
652,210,315.4
652,220,317.8
652,230,318.8
652,240,319.2
652,250,319.2
652,260,318.6
652,270,317.6
652,280,316.4
652,290,314.9
652,299,314.3
164,0,0
164,1,0
164,10,0.1
164,20,2.8
164,30,13.2
164,40,33.8
164,50,62.7
164,60,94.9
164,70,126.5
164,80,150.7
164,90,174.2
164,100,195.4
164,110,214.2
164,120,230.7
164,130,244.9
164,140,256.6
164,150,265.9
164,160,272.7
164,170,277.4
164,180,280.3
164,190,281.9
164,200,282.5
164,210,282.4
164,220,281.8
164,230,280.7
164,240,279.1
164,260,275.5
164,270,273.8
164,290,270.8
164,299,269.8
319,0,0
319,1,0
319,10,0.2
319,20,0.9
319,30,2.5
319,40,4.9
319,50,8.3
319,60,12.7
319,70,18
319,80,24.2
319,90,31.2
319,100,39.3
319,110,47.8
319,120,56.8
319,130,65.7
319,140,73.7
319,150,80.2
319,160,85.2
319,170,88.6
319,180,90.6
319,190,91.3
319,200,91.2
319,210,90.7
319,220,90
319,230,89.4
319,240,89
319,280,88.2
319,290,87.9
319,299,88.1
511,0,0
511,1,0
511,10,0.2
511,20,4.1
511,30,20.1
511,40,52.2
511,50,96.2
511,60,141.3
511,70,184.5
511,80,211.3
511,90,238.4
511,100,263.1
511,110,285.4
511,120,305.7
511,130,323.6
511,140,338.5
511,150,349.9
511,160,357.7
511,170,362.2
511,180,364.3
511,190,364.5
511,200,363.3
511,210,361.2
511,220,359
511,230,357.3
511,240,356.4
511,250,355.9
511,260,355.1
511,270,353.9
511,280,352.3
511,290,350.5
511,299,349.4
442,0,0
442,1,0
442,10,0.2
442,20,4.1
442,30,20.1
442,40,52.2
442,50,96.2
442,60,141.3
442,70,184.5
442,80,211.3
442,90,238.4
442,100,263.1
442,110,285.4
442,120,305.7
442,130,323.6
442,140,338.5
442,150,349.9
442,160,357.7
442,170,362.2
442,180,364.3
442,190,364.5
442,200,363.3
442,210,361.2
442,220,359
442,230,357.3
442,240,356.4
442,250,355.9
442,260,355.1
442,270,353.9
442,280,352.3
442,290,350.5
442,299,349.4
642,0,0
642,1,0
642,10,0.2
642,20,3.5
642,30,16
642,40,41.4
642,50,78.8
642,60,120.3
642,70,169.9
642,80,213.2
642,90,252.1
642,100,284.9
642,110,311.1
642,120,331.1
642,130,346.1
642,140,357.4
642,150,366
642,160,371.7
642,170,374.6
642,180,375.7
642,190,375.6
642,200,375.1
642,210,374.1
642,220,372.7
642,230,370.9
642,240,369.2
642,250,367.6
642,260,366.1
642,270,364.2
642,280,362
642,290,359.7
642,299,358
598,0,0
598,1,0
598,10,0.2
598,20,3.5
598,30,16
598,40,41.4
598,50,78.8
598,60,120.3
598,70,169.9
598,80,213.2
598,90,252.1
598,100,284.9
598,110,311.1
598,120,331.1
598,130,346.1
598,140,357.4
598,150,366
598,160,371.7
598,170,374.6
598,180,375.7
598,190,375.6
598,200,375.1
598,210,374.1
598,220,372.7
598,230,370.9
598,240,369.2
598,250,367.6
598,260,366.1
598,270,364.2
598,280,362
598,290,359.7
598,299,358
424,0,0
424,1,0
424,10,0.2
424,20,3.5
424,30,16
424,40,41.4
424,50,78.8
424,60,120.3
424,70,169.9
424,80,213.2
424,90,252.1
424,100,284.9
424,110,311.1
424,120,331.1
424,130,346.1
424,140,357.4
424,150,366
424,160,371.7
424,170,374.6
424,180,375.7
424,190,375.6
424,200,375.1
424,210,374.1
424,220,372.7
424,230,370.9
424,240,369.2
424,250,367.6
424,260,366.1
424,270,364.2
424,280,362
424,290,359.7
424,299,358
510,0,0
510,1,0
510,10,0.2
510,20,4.3
510,30,18.9
510,40,46.2
510,50,83.4
510,60,125.2
510,70,163.3
510,80,192.6
510,90,221
510,100,245.5
510,110,265.8
510,120,282.3
510,130,295.3
510,140,304.6
510,150,310
510,160,312.4
510,170,313.2
510,180,313.6
510,190,313.7
510,200,313
510,210,311.3
510,220,308.9
510,230,306.1
510,240,303.2
510,250,300.5
510,260,298.1
510,280,293.7
510,290,291.4
510,299,290.3
385,0,0
385,1,0
385,10,0.2
385,20,4.3
385,30,18.9
385,40,46.2
385,50,83.4
385,60,125.2
385,70,163.3
385,80,192.6
385,90,221
385,100,245.5
385,110,265.8
385,120,282.3
385,130,295.3
385,140,304.6
385,150,310
385,160,312.4
385,170,313.2
385,180,313.6
385,190,313.7
385,200,313
385,210,311.3
385,220,308.9
385,230,306.1
385,240,303.2
385,250,300.5
385,260,298.1
385,280,293.7
385,290,291.4
385,299,290.3
379,0,0
379,1,0
379,10,0.2
379,20,4.3
379,30,18.9
379,40,46.2
379,50,83.4
379,60,125.2
379,70,163.3
379,80,192.6
379,90,221
379,100,245.5
379,110,265.8
379,120,282.3
379,130,295.3
379,140,304.6
379,150,310
379,160,312.4
379,170,313.2
379,180,313.6
379,190,313.7
379,200,313
379,210,311.3
379,220,308.9
379,230,306.1
379,240,303.2
379,250,300.5
379,260,298.1
379,280,293.7
379,290,291.4
379,299,290.3
276,0,0
276,1,0
276,10,0.2
276,20,1.8
276,30,6.3
276,40,13.9
276,50,24.4
276,60,34.6
276,70,49.9
276,80,63.9
276,90,76.9
276,100,89.6
276,110,101.8
276,120,113
276,130,122.6
276,140,130.3
276,150,136.1
276,160,140.1
276,170,142.3
276,180,142.9
276,190,142.5
276,210,140.7
276,230,139.1
276,250,137.9
276,260,137.2
276,270,136.6
276,280,135.9
276,290,135.3
276,299,134.6
221,0,0
221,1,0
221,10,0.2
221,20,1.8
221,30,6.3
221,40,13.9
221,50,24.4
221,60,34.6
221,70,49.9
221,80,63.9
221,90,76.9
221,100,89.6
221,110,101.8
221,120,113
221,130,122.6
221,140,130.3
221,150,136.1
221,160,140.1
221,170,142.3
221,180,142.9
221,190,142.5
221,210,140.7
221,230,139.1
221,250,137.9
221,260,137.2
221,270,136.6
221,280,135.9
221,290,135.3
221,299,134.6
173,0,0
173,1,0
173,10,0.2
173,20,1.8
173,30,6.3
173,40,13.9
173,50,24.4
173,60,34.6
173,70,49.9
173,80,63.9
173,90,76.9
173,100,89.6
173,110,101.8
173,120,113
173,130,122.6
173,140,130.3
173,150,136.1
173,160,140.1
173,170,142.3
173,180,142.9
173,190,142.5
173,210,140.7
173,230,139.1
173,250,137.9
173,260,137.2
173,270,136.6
173,280,135.9
173,290,135.3
173,299,134.6
459,0,0
459,1,0
459,10,0.4
459,20,8.6
459,30,38.4
459,40,94
459,50,166.9
459,60,238.6
459,70,308.9
459,80,352.9
459,90,395.5
459,100,431.7
459,110,461.3
459,120,484.7
459,130,502.4
459,140,514.8
459,150,522.3
459,160,525.6
459,170,525.5
459,180,522.7
459,190,518.1
459,200,512.2
459,210,505.9
459,220,500
459,230,494.8
459,240,490.3
459,250,486.3
459,270,479.3
459,280,475.9
459,290,472.6
459,299,468.5
468,0,0
468,1,0
468,10,0.3
468,20,6.4
468,30,30
468,40,76.2
468,50,139
468,60,206.5
468,70,268.4
468,80,310.8
468,90,352.1
468,100,388.3
468,110,419.9
468,120,447.6
468,130,471.2
468,140,490.1
468,150,503.7
468,160,512.4
468,170,516.9
468,180,518.5
468,190,518.1
468,200,516.2
468,210,513.1
468,220,509.2
468,230,505
468,240,501
468,250,497.5
468,260,494.4
468,280,488.6
468,290,485.8
468,299,482.8
467,0,0
467,1,0
467,10,0.3
467,20,6.4
467,30,30
467,40,76.2
467,50,139
467,60,206.5
467,70,268.4
467,80,310.8
467,90,352.1
467,100,388.3
467,110,419.9
467,120,447.6
467,130,471.2
467,140,490.1
467,150,503.7
467,160,512.4
467,170,516.9
467,180,518.5
467,190,518.1
467,200,516.2
467,210,513.1
467,220,509.2
467,230,505
467,240,501
467,250,497.5
467,260,494.4
467,280,488.6
467,290,485.8
467,299,482.8
464,0,0
464,1,0
464,10,0.3
464,20,6.4
464,30,30
464,40,76.2
464,50,139
464,60,206.5
464,70,268.4
464,80,310.8
464,90,352.1
464,100,388.3
464,110,419.9
464,120,447.6
464,130,471.2
464,140,490.1
464,150,503.7
464,160,512.4
464,170,516.9
464,180,518.5
464,190,518.1
464,200,516.2
464,210,513.1
464,220,509.2
464,230,505
464,240,501
464,250,497.5
464,260,494.4
464,280,488.6
464,290,485.8
464,299,482.8
446,0,0
446,1,0
446,10,0.3
446,20,6.4
446,30,30
446,40,76.2
446,50,139
446,60,206.5
446,70,268.4
446,80,310.8
446,90,352.1
446,100,388.3
446,110,419.9
446,120,447.6
446,130,471.2
446,140,490.1
446,150,503.7
446,160,512.4
446,170,516.9
446,180,518.5
446,190,518.1
446,200,516.2
446,210,513.1
446,220,509.2
446,230,505
446,240,501
446,250,497.5
446,260,494.4
446,280,488.6
446,290,485.8
446,299,482.8
343,0,0
343,1,0
343,10,0.2
343,20,0.9
343,30,2.5
343,40,4.9
343,50,8.3
343,60,12.7
343,70,18
343,80,24.2
343,90,31.2
343,100,39.3
343,110,47.8
343,120,56.8
343,130,65.7
343,140,73.7
343,150,80.2
343,160,85.2
343,170,88.6
343,180,90.6
343,190,91.3
343,200,91.2
343,210,90.7
343,220,90
343,230,89.4
343,240,89
343,280,88.2
343,290,87.9
343,299,88.1
649,0,0
649,1,0
649,10,0.2
649,20,4.3
649,30,18.9
649,40,46.2
649,50,83.4
649,60,125.2
649,70,163.3
649,80,192.6
649,90,221
649,100,245.5
649,110,265.8
649,120,282.3
649,130,295.3
649,140,304.6
649,150,310
649,160,312.4
649,170,313.2
649,180,313.6
649,190,313.7
649,200,313
649,210,311.3
649,220,308.9
649,230,306.1
649,240,303.2
649,250,300.5
649,260,298.1
649,280,293.7
649,290,291.4
649,299,290.3
461,0,0
461,1,0
461,10,0.2
461,20,3.5
461,30,16
461,40,41.4
461,50,78.8
461,60,120.3
461,70,169.9
461,80,213.2
461,90,252.1
461,100,284.9
461,110,311.1
461,120,331.1
461,130,346.1
461,140,357.4
461,150,366
461,160,371.7
461,170,374.6
461,180,375.7
461,190,375.6
461,200,375.1
461,210,374.1
461,220,372.7
461,230,370.9
461,240,369.2
461,250,367.6
461,260,366.1
461,270,364.2
461,280,362
461,290,359.7
461,299,358
396,0,0
396,1,0
396,10,0.2
396,20,3.5
396,30,16
396,40,41.4
396,50,78.8
396,60,120.3
396,70,169.9
396,80,213.2
396,90,252.1
396,100,284.9
396,110,311.1
396,120,331.1
396,130,346.1
396,140,357.4
396,150,366
396,160,371.7
396,170,374.6
396,180,375.7
396,190,375.6
396,200,375.1
396,210,374.1
396,220,372.7
396,230,370.9
396,240,369.2
396,250,367.6
396,260,366.1
396,270,364.2
396,280,362
396,290,359.7
396,299,358
143,0,0
143,1,0
143,10,0.2
143,20,1.8
143,30,6.3
143,40,13.9
143,50,24.4
143,60,34.6
143,70,49.9
143,80,63.9
143,90,76.9
143,100,89.6
143,110,101.8
143,120,113
143,130,122.6
143,140,130.3
143,150,136.1
143,160,140.1
143,170,142.3
143,180,142.9
143,190,142.5
143,210,140.7
143,230,139.1
143,250,137.9
143,260,137.2
143,270,136.6
143,280,135.9
143,290,135.3
143,299,134.6
590,0,0
590,1,0
590,10,0.2
590,20,0.9
590,30,2.5
590,40,4.9
590,50,8.3
590,60,12.7
590,70,18
590,80,24.2
590,90,31.2
590,100,39.3
590,110,47.8
590,120,56.8
590,130,65.7
590,140,73.7
590,150,80.2
590,160,85.2
590,170,88.6
590,180,90.6
590,190,91.3
590,200,91.2
590,210,90.7
590,220,90
590,230,89.4
590,240,89
590,280,88.2
590,290,87.9
590,299,88.1
552,0,0
552,1,0
552,10,0.2
552,20,0.9
552,30,2.5
552,40,4.9
552,50,8.3
552,60,12.7
552,70,18
552,80,24.2
552,90,31.2
552,100,39.3
552,110,47.8
552,120,56.8
552,130,65.7
552,140,73.7
552,150,80.2
552,160,85.2
552,170,88.6
552,180,90.6
552,190,91.3
552,200,91.2
552,210,90.7
552,220,90
552,230,89.4
552,240,89
552,280,88.2
552,290,87.9
552,299,88.1
645,0,0
645,1,0
645,10,0.2
645,20,4.3
645,30,18.9
645,40,46.2
645,50,83.4
645,60,125.2
645,70,163.3
645,80,192.6
645,90,221
645,100,245.5
645,110,265.8
645,120,282.3
645,130,295.3
645,140,304.6
645,150,310
645,160,312.4
645,170,313.2
645,180,313.6
645,190,313.7
645,200,313
645,210,311.3
645,220,308.9
645,230,306.1
645,240,303.2
645,250,300.5
645,260,298.1
645,280,293.7
645,290,291.4
645,299,290.3
603,0,0
603,1,0
603,10,0.2
603,20,4.1
603,30,20.1
603,40,52.2
603,50,96.2
603,60,141.3
603,70,184.5
603,80,211.3
603,90,238.4
603,100,263.1
603,110,285.4
603,120,305.7
603,130,323.6
603,140,338.5
603,150,349.9
603,160,357.7
603,170,362.2
603,180,364.3
603,190,364.5
603,200,363.3
603,210,361.2
603,220,359
603,230,357.3
603,240,356.4
603,250,355.9
603,260,355.1
603,270,353.9
603,280,352.3
603,290,350.5
603,299,349.4
479,0,0
479,1,0
479,10,0.2
479,20,4.1
479,30,20.1
479,40,52.2
479,50,96.2
479,60,141.3
479,70,184.5
479,80,211.3
479,90,238.4
479,100,263.1
479,110,285.4
479,120,305.7
479,130,323.6
479,140,338.5
479,150,349.9
479,160,357.7
479,170,362.2
479,180,364.3
479,190,364.5
479,200,363.3
479,210,361.2
479,220,359
479,230,357.3
479,240,356.4
479,250,355.9
479,260,355.1
479,270,353.9
479,280,352.3
479,290,350.5
479,299,349.4
415,0,0
415,1,0
415,10,0.2
415,20,3.5
415,30,16
415,40,41.4
415,50,78.8
415,60,120.3
415,70,169.9
415,80,213.2
415,90,252.1
415,100,284.9
415,110,311.1
415,120,331.1
415,130,346.1
415,140,357.4
415,150,366
415,160,371.7
415,170,374.6
415,180,375.7
415,190,375.6
415,200,375.1
415,210,374.1
415,220,372.7
415,230,370.9
415,240,369.2
415,250,367.6
415,260,366.1
415,270,364.2
415,280,362
415,290,359.7
415,299,358
266,0,0
266,1,0
266,10,0.2
266,20,1.8
266,30,6.3
266,40,13.9
266,50,24.4
266,60,34.6
266,70,49.9
266,80,63.9
266,90,76.9
266,100,89.6
266,110,101.8
266,120,113
266,130,122.6
266,140,130.3
266,150,136.1
266,160,140.1
266,170,142.3
266,180,142.9
266,190,142.5
266,210,140.7
266,230,139.1
266,250,137.9
266,260,137.2
266,270,136.6
266,280,135.9
266,290,135.3
266,299,134.6
63,0,0
63,1,0
63,10,0.2
63,20,1.8
63,30,6.3
63,40,13.9
63,50,24.4
63,60,34.6
63,70,49.9
63,80,63.9
63,90,76.9
63,100,89.6
63,110,101.8
63,120,113
63,130,122.6
63,140,130.3
63,150,136.1
63,160,140.1
63,170,142.3
63,180,142.9
63,190,142.5
63,210,140.7
63,230,139.1
63,250,137.9
63,260,137.2
63,270,136.6
63,280,135.9
63,290,135.3
63,299,134.6
430,0,0
430,1,0
430,10,0.4
430,20,8.6
430,30,38.4
430,40,94
430,50,166.9
430,60,238.6
430,70,308.9
430,80,352.9
430,90,395.5
430,100,431.7
430,110,461.3
430,120,484.7
430,130,502.4
430,140,514.8
430,150,522.3
430,160,525.6
430,170,525.5
430,180,522.7
430,190,518.1
430,200,512.2
430,210,505.9
430,220,500
430,230,494.8
430,240,490.3
430,250,486.3
430,270,479.3
430,280,475.9
430,290,472.6
430,299,468.5
227,0,0
227,1,0
227,10,0.4
227,20,3.2
227,30,10
227,40,21.3
227,50,37.5
227,60,59
227,70,82.1
227,80,110.2
227,90,136.1
227,100,159.6
227,110,179.8
227,120,196.8
227,130,211.2
227,140,223.1
227,150,232.2
227,160,238.5
227,170,242.1
227,180,243.4
227,190,243
227,200,241.3
227,210,239
227,220,236.5
227,230,234.5
227,240,233.2
227,250,232.5
227,270,231.7
227,290,230.5
227,299,229.2
170,0,0
170,1,0
170,10,0.6
170,20,2.3
170,30,5.3
170,40,9.6
170,50,15.2
170,60,22.6
170,70,29.8
170,80,39.5
170,90,49.1
170,100,59
170,110,69.3
170,120,79.8
170,130,89.8
170,140,98.5
170,150,105.4
170,160,110.6
170,170,114.1
170,180,116.1
170,190,117.1
170,200,117.4
170,210,117.5
170,220,117.5
170,240,117.1
170,250,116.8
170,260,116.6
170,270,116.3
170,280,116.1
170,290,115.8
170,299,115.7
196,0,0
196,1,0
196,10,0.5
196,20,2.1
196,30,4.8
196,40,8.7
196,50,13.7
196,60,19.8
196,70,26.5
196,80,34.5
196,90,45.1
196,100,55.8
196,110,66.6
196,120,76
196,130,82.7
196,140,86.8
196,150,89
196,160,90.4
196,170,91.4
196,180,92.3
196,190,93.3
196,200,94.2
196,210,95
196,220,95.4
196,230,95.4
196,250,95
196,260,94.9
196,270,94.7
196,280,94.4
196,290,94
196,299,94.2
150,0,0
150,1,0
150,10,0.5
150,20,2.1
150,30,4.8
150,40,8.7
150,50,13.7
150,60,19.8
150,70,26.5
150,80,34.5
150,90,45.1
150,100,55.8
150,110,66.6
150,120,76
150,130,82.7
150,140,86.8
150,150,89
150,160,90.4
150,170,91.4
150,180,92.3
150,190,93.3
150,200,94.2
150,210,95
150,220,95.4
150,230,95.4
150,250,95
150,260,94.9
150,270,94.7
150,280,94.4
150,290,94
150,299,94.2
146,0,0
146,1,0
146,10,0.5
146,20,2.1
146,30,4.8
146,40,8.7
146,50,13.7
146,60,19.8
146,70,26.5
146,80,34.5
146,90,45.1
146,100,55.8
146,110,66.6
146,120,76
146,130,82.7
146,140,86.8
146,150,89
146,160,90.4
146,170,91.4
146,180,92.3
146,190,93.3
146,200,94.2
146,210,95
146,220,95.4
146,230,95.4
146,250,95
146,260,94.9
146,270,94.7
146,280,94.4
146,290,94
146,299,94.2
132,0,0
132,1,0
132,10,0.6
132,20,2.3
132,30,5.3
132,40,9.6
132,50,15.2
132,60,22.6
132,70,29.8
132,80,39.5
132,90,49.1
132,100,59
132,110,69.3
132,120,79.8
132,130,89.8
132,140,98.5
132,150,105.4
132,160,110.6
132,170,114.1
132,180,116.1
132,190,117.1
132,200,117.4
132,210,117.5
132,220,117.5
132,240,117.1
132,250,116.8
132,260,116.6
132,270,116.3
132,280,116.1
132,290,115.8
132,299,115.7
154,0,0
154,1,0
154,10,0.6
154,20,2.3
154,30,5.3
154,40,9.6
154,50,15.2
154,60,22.6
154,70,29.8
154,80,39.5
154,90,49.1
154,100,59
154,110,69.3
154,120,79.8
154,130,89.8
154,140,98.5
154,150,105.4
154,160,110.6
154,170,114.1
154,180,116.1
154,190,117.1
154,200,117.4
154,210,117.5
154,220,117.5
154,240,117.1
154,250,116.8
154,260,116.6
154,270,116.3
154,280,116.1
154,290,115.8
154,299,115.7
153,0,0
153,1,0
153,10,0.6
153,20,2.3
153,30,5.3
153,40,9.6
153,50,15.2
153,60,22.6
153,70,29.8
153,80,39.5
153,90,49.1
153,100,59
153,110,69.3
153,120,79.8
153,130,89.8
153,140,98.5
153,150,105.4
153,160,110.6
153,170,114.1
153,180,116.1
153,190,117.1
153,200,117.4
153,210,117.5
153,220,117.5
153,240,117.1
153,250,116.8
153,260,116.6
153,270,116.3
153,280,116.1
153,290,115.8
153,299,115.7
224,0,0
224,1,0
224,10,0.6
224,20,2.3
224,30,5.3
224,40,9.6
224,50,15.2
224,60,22.6
224,70,29.8
224,80,39.5
224,90,49.1
224,100,59
224,110,69.3
224,120,79.8
224,130,89.8
224,140,98.5
224,150,105.4
224,160,110.6
224,170,114.1
224,180,116.1
224,190,117.1
224,200,117.4
224,210,117.5
224,220,117.5
224,240,117.1
224,250,116.8
224,260,116.6
224,270,116.3
224,280,116.1
224,290,115.8
224,299,115.7
67,0,0
67,1,0
67,10,0.6
67,20,2.3
67,30,5.3
67,40,9.6
67,50,15.2
67,60,22.6
67,70,29.8
67,80,39.5
67,90,49.1
67,100,59
67,110,69.3
67,120,79.8
67,130,89.8
67,140,98.5
67,150,105.4
67,160,110.6
67,170,114.1
67,180,116.1
67,190,117.1
67,200,117.4
67,210,117.5
67,220,117.5
67,240,117.1
67,250,116.8
67,260,116.6
67,270,116.3
67,280,116.1
67,290,115.8
67,299,115.7
88,0,0
88,1,0
88,10,0.5
88,20,2.1
88,30,4.8
88,40,8.7
88,50,13.7
88,60,19.8
88,70,26.5
88,80,34.5
88,90,45.1
88,100,55.8
88,110,66.6
88,120,76
88,130,82.7
88,140,86.8
88,150,89
88,160,90.4
88,170,91.4
88,180,92.3
88,190,93.3
88,200,94.2
88,210,95
88,220,95.4
88,230,95.4
88,250,95
88,260,94.9
88,270,94.7
88,280,94.4
88,290,94
88,299,94.2
176,0,0
176,1,0
176,10,0.5
176,20,2.1
176,30,4.8
176,40,8.7
176,50,13.7
176,60,19.8
176,70,26.5
176,80,34.5
176,90,45.1
176,100,55.8
176,110,66.6
176,120,76
176,130,82.7
176,140,86.8
176,150,89
176,160,90.4
176,170,91.4
176,180,92.3
176,190,93.3
176,200,94.2
176,210,95
176,220,95.4
176,230,95.4
176,250,95
176,260,94.9
176,270,94.7
176,280,94.4
176,290,94
176,299,94.2
40,0,0
40,1,0
40,10,0.5
40,20,2.1
40,30,4.8
40,40,8.7
40,50,13.7
40,60,19.8
40,70,26.5
40,80,34.5
40,90,45.1
40,100,55.8
40,110,66.6
40,120,76
40,130,82.7
40,140,86.8
40,150,89
40,160,90.4
40,170,91.4
40,180,92.3
40,190,93.3
40,200,94.2
40,210,95
40,220,95.4
40,230,95.4
40,250,95
40,260,94.9
40,270,94.7
40,280,94.4
40,290,94
40,299,94.2
623,0,0
623,1,0
623,10,2.3
623,20,9.6
623,30,22.2
623,40,39.9
623,50,62.7
623,60,94.3
623,70,120.7
623,80,159.3
623,90,191.8
623,100,217.8
623,110,236.8
623,120,249.8
623,130,258.4
623,140,264.1
623,150,268.2
623,160,270.9
623,170,272.3
623,180,271.8
623,190,269.2
623,200,264.7
623,210,258.9
623,220,252.7
623,230,246.6
623,240,240.9
623,250,235.9
623,260,231.8
623,270,228.5
623,280,225.4
623,290,222.5
623,299,219.3
499,0,0
499,1,0
499,10,2.3
499,20,9.6
499,30,22.2
499,40,39.9
499,50,62.7
499,60,94.3
499,70,120.7
499,80,159.3
499,90,191.8
499,100,217.8
499,110,236.8
499,120,249.8
499,130,258.4
499,140,264.1
499,150,268.2
499,160,270.9
499,170,272.3
499,180,271.8
499,190,269.2
499,200,264.7
499,210,258.9
499,220,252.7
499,230,246.6
499,240,240.9
499,250,235.9
499,260,231.8
499,270,228.5
499,280,225.4
499,290,222.5
499,299,219.3
377,0,0
377,1,0
377,10,2.3
377,20,9.6
377,30,22.2
377,40,39.9
377,50,62.7
377,60,94.3
377,70,120.7
377,80,159.3
377,90,191.8
377,100,217.8
377,110,236.8
377,120,249.8
377,130,258.4
377,140,264.1
377,150,268.2
377,160,270.9
377,170,272.3
377,180,271.8
377,190,269.2
377,200,264.7
377,210,258.9
377,220,252.7
377,230,246.6
377,240,240.9
377,250,235.9
377,260,231.8
377,270,228.5
377,280,225.4
377,290,222.5
377,299,219.3
231,0,0
231,1,0
231,10,1.2
231,20,4.6
231,30,9.8
231,40,16.9
231,50,25.6
231,60,36.1
231,70,45.6
231,80,61.2
231,90,75.2
231,100,88.9
231,110,102
231,120,113.9
231,130,124.1
231,140,132.2
231,150,138.3
231,160,142.5
231,170,145.1
231,180,146.5
231,190,147.1
231,200,147.2
231,210,147
231,220,146.7
231,230,146.2
231,240,145.6
231,270,143.5
231,290,142.3
231,299,141.8
139,0,0
139,1,0
139,10,1.2
139,20,4.6
139,30,9.8
139,40,16.9
139,50,25.6
139,60,36.1
139,70,45.6
139,80,61.2
139,90,75.2
139,100,88.9
139,110,102
139,120,113.9
139,130,124.1
139,140,132.2
139,150,138.3
139,160,142.5
139,170,145.1
139,180,146.5
139,190,147.1
139,200,147.2
139,210,147
139,220,146.7
139,230,146.2
139,240,145.6
139,270,143.5
139,290,142.3
139,299,141.8
91,0,0
91,1,0
91,10,1.2
91,20,4.6
91,30,9.8
91,40,16.9
91,50,25.6
91,60,36.1
91,70,45.6
91,80,61.2
91,90,75.2
91,100,88.9
91,110,102
91,120,113.9
91,130,124.1
91,140,132.2
91,150,138.3
91,160,142.5
91,170,145.1
91,180,146.5
91,190,147.1
91,200,147.2
91,210,147
91,220,146.7
91,230,146.2
91,240,145.6
91,270,143.5
91,290,142.3
91,299,141.8
228,0,0
228,1,0
228,10,1.2
228,20,4.6
228,30,9.8
228,40,16.9
228,50,25.6
228,60,36.1
228,70,45.6
228,80,61.2
228,90,75.2
228,100,88.9
228,110,102
228,120,113.9
228,130,124.1
228,140,132.2
228,150,138.3
228,160,142.5
228,170,145.1
228,180,146.5
228,190,147.1
228,200,147.2
228,210,147
228,220,146.7
228,230,146.2
228,240,145.6
228,270,143.5
228,290,142.3
228,299,141.8
52,0,0
52,1,0
52,10,1.2
52,20,4.6
52,30,9.8
52,40,16.9
52,50,25.6
52,60,36.1
52,70,45.6
52,80,61.2
52,90,75.2
52,100,88.9
52,110,102
52,120,113.9
52,130,124.1
52,140,132.2
52,150,138.3
52,160,142.5
52,170,145.1
52,180,146.5
52,190,147.1
52,200,147.2
52,210,147
52,220,146.7
52,230,146.2
52,240,145.6
52,270,143.5
52,290,142.3
52,299,141.8
17,0,0
17,1,0
17,10,1.2
17,20,4.6
17,30,9.8
17,40,16.9
17,50,25.6
17,60,36.1
17,70,45.6
17,80,61.2
17,90,75.2
17,100,88.9
17,110,102
17,120,113.9
17,130,124.1
17,140,132.2
17,150,138.3
17,160,142.5
17,170,145.1
17,180,146.5
17,190,147.1
17,200,147.2
17,210,147
17,220,146.7
17,230,146.2
17,240,145.6
17,270,143.5
17,290,142.3
17,299,141.8
387,0,0
387,1,0
387,10,0.4
387,20,3.3
387,30,10.5
387,40,22.7
387,50,40
387,60,60.8
387,70,86.4
387,80,115
387,90,141.7
387,100,166.5
387,110,188.6
387,120,207.1
387,130,221.8
387,140,232.9
387,150,241.1
387,160,247.1
387,170,251.2
387,180,253.6
387,190,254.5
387,200,254.2
387,210,253.2
387,220,251.5
387,240,247.7
387,250,245.5
387,260,243.1
387,270,240.4
387,280,237.3
387,290,233.9
387,299,231.8
107,0,0
107,1,0
107,10,0.4
107,20,3.2
107,30,10
107,40,21.3
107,50,37.5
107,60,59
107,70,82.1
107,80,110.2
107,90,136.1
107,100,159.6
107,110,179.8
107,120,196.8
107,130,211.2
107,140,223.1
107,150,232.2
107,160,238.5
107,170,242.1
107,180,243.4
107,190,243
107,200,241.3
107,210,239
107,220,236.5
107,230,234.5
107,240,233.2
107,250,232.5
107,270,231.7
107,290,230.5
107,299,229.2
211,0,0
211,1,0
211,10,0.4
211,20,3.2
211,30,10
211,40,21.3
211,50,37.5
211,60,59
211,70,82.1
211,80,110.2
211,90,136.1
211,100,159.6
211,110,179.8
211,120,196.8
211,130,211.2
211,140,223.1
211,150,232.2
211,160,238.5
211,170,242.1
211,180,243.4
211,190,243
211,200,241.3
211,210,239
211,220,236.5
211,230,234.5
211,240,233.2
211,250,232.5
211,270,231.7
211,290,230.5
211,299,229.2
147,0,0
147,1,0
147,10,0.4
147,20,3.2
147,30,10
147,40,21.3
147,50,37.5
147,60,59
147,70,82.1
147,80,110.2
147,90,136.1
147,100,159.6
147,110,179.8
147,120,196.8
147,130,211.2
147,140,223.1
147,150,232.2
147,160,238.5
147,170,242.1
147,180,243.4
147,190,243
147,200,241.3
147,210,239
147,220,236.5
147,230,234.5
147,240,233.2
147,250,232.5
147,270,231.7
147,290,230.5
147,299,229.2
127,0,0
127,1,0
127,10,0.4
127,20,3.2
127,30,10
127,40,21.3
127,50,37.5
127,60,59
127,70,82.1
127,80,110.2
127,90,136.1
127,100,159.6
127,110,179.8
127,120,196.8
127,130,211.2
127,140,223.1
127,150,232.2
127,160,238.5
127,170,242.1
127,180,243.4
127,190,243
127,200,241.3
127,210,239
127,220,236.5
127,230,234.5
127,240,233.2
127,250,232.5
127,270,231.7
127,290,230.5
127,299,229.2
98,0,0
98,1,0
98,10,0.4
98,20,3.2
98,30,10
98,40,21.3
98,50,37.5
98,60,59
98,70,82.1
98,80,110.2
98,90,136.1
98,100,159.6
98,110,179.8
98,120,196.8
98,130,211.2
98,140,223.1
98,150,232.2
98,160,238.5
98,170,242.1
98,180,243.4
98,190,243
98,200,241.3
98,210,239
98,220,236.5
98,230,234.5
98,240,233.2
98,250,232.5
98,270,231.7
98,290,230.5
98,299,229.2
44,0,0
44,1,0
44,10,0.4
44,20,3.3
44,30,10.5
44,40,22.7
44,50,40
44,60,60.8
44,70,86.4
44,80,115
44,90,141.7
44,100,166.5
44,110,188.6
44,120,207.1
44,130,221.8
44,140,232.9
44,150,241.1
44,160,247.1
44,170,251.2
44,180,253.6
44,190,254.5
44,200,254.2
44,210,253.2
44,220,251.5
44,240,247.7
44,250,245.5
44,260,243.1
44,270,240.4
44,280,237.3
44,290,233.9
44,299,231.8
618,0,0
618,1,0
618,10,0.4
618,20,8.6
618,30,38.4
618,40,94
618,50,166.9
618,60,238.6
618,70,308.9
618,80,352.9
618,90,395.5
618,100,431.7
618,110,461.3
618,120,484.7
618,130,502.4
618,140,514.8
618,150,522.3
618,160,525.6
618,170,525.5
618,180,522.7
618,190,518.1
618,200,512.2
618,210,505.9
618,220,500
618,230,494.8
618,240,490.3
618,250,486.3
618,270,479.3
618,280,475.9
618,290,472.6
618,299,468.5
404,0,0
404,1,0
404,10,0.4
404,20,8.6
404,30,38.4
404,40,94
404,50,166.9
404,60,238.6
404,70,308.9
404,80,352.9
404,90,395.5
404,100,431.7
404,110,461.3
404,120,484.7
404,130,502.4
404,140,514.8
404,150,522.3
404,160,525.6
404,170,525.5
404,180,522.7
404,190,518.1
404,200,512.2
404,210,505.9
404,220,500
404,230,494.8
404,240,490.3
404,250,486.3
404,270,479.3
404,280,475.9
404,290,472.6
404,299,468.5
79,0,0
79,1,0
79,10,0.4
79,20,3.3
79,30,10.5
79,40,22.7
79,50,40
79,60,60.8
79,70,86.4
79,80,115
79,90,141.7
79,100,166.5
79,110,188.6
79,120,207.1
79,130,221.8
79,140,232.9
79,150,241.1
79,160,247.1
79,170,251.2
79,180,253.6
79,190,254.5
79,200,254.2
79,210,253.2
79,220,251.5
79,240,247.7
79,250,245.5
79,260,243.1
79,270,240.4
79,280,237.3
79,290,233.9
79,299,231.8
565,0,0
565,1,0
565,10,0.4
565,20,3.3
565,30,10.5
565,40,22.7
565,50,40
565,60,60.8
565,70,86.4
565,80,115
565,90,141.7
565,100,166.5
565,110,188.6
565,120,207.1
565,130,221.8
565,140,232.9
565,150,241.1
565,160,247.1
565,170,251.2
565,180,253.6
565,190,254.5
565,200,254.2
565,210,253.2
565,220,251.5
565,240,247.7
565,250,245.5
565,260,243.1
565,270,240.4
565,280,237.3
565,290,233.9
565,299,231.8
138,0,0
138,1,0
138,10,0.4
138,20,3.3
138,30,10.5
138,40,22.7
138,50,40
138,60,60.8
138,70,86.4
138,80,115
138,90,141.7
138,100,166.5
138,110,188.6
138,120,207.1
138,130,221.8
138,140,232.9
138,150,241.1
138,160,247.1
138,170,251.2
138,180,253.6
138,190,254.5
138,200,254.2
138,210,253.2
138,220,251.5
138,240,247.7
138,250,245.5
138,260,243.1
138,270,240.4
138,280,237.3
138,290,233.9
138,299,231.8
13,0,0
13,1,0
13,10,0.4
13,20,3.3
13,30,10.5
13,40,22.7
13,50,40
13,60,60.8
13,70,86.4
13,80,115
13,90,141.7
13,100,166.5
13,110,188.6
13,120,207.1
13,130,221.8
13,140,232.9
13,150,241.1
13,160,247.1
13,170,251.2
13,180,253.6
13,190,254.5
13,200,254.2
13,210,253.2
13,220,251.5
13,240,247.7
13,250,245.5
13,260,243.1
13,270,240.4
13,280,237.3
13,290,233.9
13,299,231.8
614,0,0
614,1,0
614,10,0.1
614,20,1.6
614,30,6.3
614,40,16.1
614,50,32.2
614,60,56.2
614,70,82.5
614,80,117.4
614,90,147.9
614,100,173.9
614,110,194.8
614,120,211.5
614,130,225.8
614,140,240
614,150,255.1
614,160,270.6
614,170,284.6
614,180,296
614,190,304.6
614,200,311.1
614,210,315.4
614,220,317.8
614,230,318.8
614,240,319.2
614,250,319.2
614,260,318.6
614,270,317.6
614,280,316.4
614,290,314.9
614,299,314.3
489,0,0
489,1,0
489,10,0.1
489,20,1.6
489,30,6.3
489,40,16.1
489,50,32.2
489,60,56.2
489,70,82.5
489,80,117.4
489,90,147.9
489,100,173.9
489,110,194.8
489,120,211.5
489,130,225.8
489,140,240
489,150,255.1
489,160,270.6
489,170,284.6
489,180,296
489,190,304.6
489,200,311.1
489,210,315.4
489,220,317.8
489,230,318.8
489,240,319.2
489,250,319.2
489,260,318.6
489,270,317.6
489,280,316.4
489,290,314.9
489,299,314.3
480,0,0
480,1,0
480,10,0.1
480,20,1.6
480,30,6.3
480,40,16.1
480,50,32.2
480,60,56.2
480,70,82.5
480,80,117.4
480,90,147.9
480,100,173.9
480,110,194.8
480,120,211.5
480,130,225.8
480,140,240
480,150,255.1
480,160,270.6
480,170,284.6
480,180,296
480,190,304.6
480,200,311.1
480,210,315.4
480,220,317.8
480,230,318.8
480,240,319.2
480,250,319.2
480,260,318.6
480,270,317.6
480,280,316.4
480,290,314.9
480,299,314.3
420,0,0
420,1,0
420,10,0.1
420,20,1.6
420,30,6.3
420,40,16.1
420,50,32.2
420,60,56.2
420,70,82.5
420,80,117.4
420,90,147.9
420,100,173.9
420,110,194.8
420,120,211.5
420,130,225.8
420,140,240
420,150,255.1
420,160,270.6
420,170,284.6
420,180,296
420,190,304.6
420,200,311.1
420,210,315.4
420,220,317.8
420,230,318.8
420,240,319.2
420,250,319.2
420,260,318.6
420,270,317.6
420,280,316.4
420,290,314.9
420,299,314.3
142,0,0
142,1,0
142,10,0.1
142,20,2
142,30,8.7
142,40,21.8
142,50,40.5
142,60,61.7
142,70,84.7
142,80,104.3
142,90,123.7
142,100,141.8
142,110,157.7
142,120,170.7
142,130,180.7
142,140,187.8
142,150,192.4
142,160,195.1
142,170,196.2
142,180,196.3
142,190,195.5
142,200,194.2
142,210,192.6
142,230,189.6
142,270,184.4
142,280,183.3
142,290,182.3
142,299,180.3
631,0,0
631,1,0
631,10,0.1
631,20,2.8
631,30,13.2
631,40,33.8
631,50,62.7
631,60,94.9
631,70,126.5
631,80,150.7
631,90,174.2
631,100,195.4
631,110,214.2
631,120,230.7
631,130,244.9
631,140,256.6
631,150,265.9
631,160,272.7
631,170,277.4
631,180,280.3
631,190,281.9
631,200,282.5
631,210,282.4
631,220,281.8
631,230,280.7
631,240,279.1
631,260,275.5
631,270,273.8
631,290,270.8
631,299,269.8
512,0,0
512,1,0
512,10,0.1
512,20,2.8
512,30,13.2
512,40,33.8
512,50,62.7
512,60,94.9
512,70,126.5
512,80,150.7
512,90,174.2
512,100,195.4
512,110,214.2
512,120,230.7
512,130,244.9
512,140,256.6
512,150,265.9
512,160,272.7
512,170,277.4
512,180,280.3
512,190,281.9
512,200,282.5
512,210,282.4
512,220,281.8
512,230,280.7
512,240,279.1
512,260,275.5
512,270,273.8
512,290,270.8
512,299,269.8
495,0,0
495,1,0
495,10,0.1
495,20,2.8
495,30,13.2
495,40,33.8
495,50,62.7
495,60,94.9
495,70,126.5
495,80,150.7
495,90,174.2
495,100,195.4
495,110,214.2
495,120,230.7
495,130,244.9
495,140,256.6
495,150,265.9
495,160,272.7
495,170,277.4
495,180,280.3
495,190,281.9
495,200,282.5
495,210,282.4
495,220,281.8
495,230,280.7
495,240,279.1
495,260,275.5
495,270,273.8
495,290,270.8
495,299,269.8
370,0,0
370,1,0
370,10,0.1
370,20,2
370,30,8.7
370,40,21.8
370,50,40.5
370,60,61.7
370,70,84.7
370,80,104.3
370,90,123.7
370,100,141.8
370,110,157.7
370,120,170.7
370,130,180.7
370,140,187.8
370,150,192.4
370,160,195.1
370,170,196.2
370,180,196.3
370,190,195.5
370,200,194.2
370,210,192.6
370,230,189.6
370,270,184.4
370,280,183.3
370,290,182.3
370,299,180.3
208,0,0
208,1,0
208,10,0.1
208,20,2
208,30,8.7
208,40,21.8
208,50,40.5
208,60,61.7
208,70,84.7
208,80,104.3
208,90,123.7
208,100,141.8
208,110,157.7
208,120,170.7
208,130,180.7
208,140,187.8
208,150,192.4
208,160,195.1
208,170,196.2
208,180,196.3
208,190,195.5
208,200,194.2
208,210,192.6
208,230,189.6
208,270,184.4
208,280,183.3
208,290,182.3
208,299,180.3
390,0,0
390,1,0
390,10,0.1
390,20,2
390,30,8.7
390,40,21.8
390,50,40.5
390,60,61.7
390,70,84.7
390,80,104.3
390,90,123.7
390,100,141.8
390,110,157.7
390,120,170.7
390,130,180.7
390,140,187.8
390,150,192.4
390,160,195.1
390,170,196.2
390,180,196.3
390,190,195.5
390,200,194.2
390,210,192.6
390,230,189.6
390,270,184.4
390,280,183.3
390,290,182.3
390,299,180.3
3,0,0
3,1,0
3,10,0.1
3,20,2
3,30,8.7
3,40,21.8
3,50,40.5
3,60,61.7
3,70,84.7
3,80,104.3
3,90,123.7
3,100,141.8
3,110,157.7
3,120,170.7
3,130,180.7
3,140,187.8
3,150,192.4
3,160,195.1
3,170,196.2
3,180,196.3
3,190,195.5
3,200,194.2
3,210,192.6
3,230,189.6
3,270,184.4
3,280,183.3
3,290,182.3
3,299,180.3
24,0,0
24,130,0
24,180,1
232,0,0
232,130,0
232,200,1
21,0,0
21,130,0
21,180,1
39,0,0
39,130,0
39,220,1
29,0,0
29,130,0
29,220,1
16,0,0
16,130,0
16,200,1
212,0,0
212,120,0
212,180,1
97,0,0
97,120,0
97,180,1
104,0,0
104,120,0
104,200,1
102,0,0
102,120,0
102,200,1
12,0,0
12,120,0
12,190,1
355,0,0
355,160,0
355,299,1
309,0,0
309,160,0
309,299,1
259,0,0
259,160,0
259,190,1
253,0,0
253,160,0
253,190,1
470,0,0
470,210,0
470,240,1
485,0,0
485,200,0
485,270,1
453,0,0
453,200,0
453,290,1
333,0,0
333,200,0
333,290,1
282,0,0
282,200,0
282,270,1
344,0,0
344,170,0
344,240,1
347,0,0
347,170,0
347,299,1
296,0,0
296,170,0
296,299,1
284,0,0
284,170,0
284,240,1
240,0,0
240,170,0
240,220,1
194,0,0
194,170,0
194,220,1
589,0,0
589,150,0
589,190,1
318,0,0
318,150,0
318,190,1
123,0,0
123,150,0
123,210,1
465,0,0
465,150,0
465,240,1
475,0,0
475,150,0
475,260,1
337,0,0
337,150,0
337,260,1
329,0,0
329,150,0
329,240,1
290,0,0
290,150,0
290,220,1
288,0,0
288,150,0
288,220,1
157,0,0
157,150,0
157,299,1
92,0,0
92,150,0
92,210,1
59,0,0
59,150,0
59,299,1
216,0,0
216,140,0
216,190,1
152,0,0
152,140,0
152,210,1
273,0,0
273,140,0
273,220,1
610,0,0
610,140,0
610,250,1
268,0,0
268,140,0
268,220,1
366,0,0
366,140,0
366,299,1
364,0,0
364,140,0
364,299,1
322,0,0
322,140,0
322,270,1
159,0,0
159,140,0
159,250,1
66,0,0
66,140,0
66,210,1
7,0,0
7,140,0
7,200,1
25,0,0
25,249,0
25,250,1
1,0,0
1,249,0
1,250,1
141,0,0
141,110,0
141,180,1
55,0,0
55,110,0
55,160,1
53,0,0
53,110,0
53,160,1
606,0,0
606,110,0
606,190,1
431,0,0
431,110,0
431,190,1
426,0,0
426,110,0
426,200,1
615,0,0
615,110,0
615,240,1
435,0,0
435,110,0
435,299,1
419,0,0
419,110,0
419,240,1
305,0,0
305,110,0
305,230,1
36,0,0
36,110,0
36,210,1
34,0,0
34,110,0
34,210,1
0,0,0
0,110,0
0,180,1
