TRACK,LABEL,METHOD,CURVE
1,feature.Area.og1.IDF_PLI_H,,0
1,feature.Area.og1.total,,0
1,feature.Area.og2.IDF_PLI_H,,1
1,feature.Area.og2.total,,1
1,feature.Area.unmanaged,,2
1,feature.Yield.unmanaged.Total,,3
2,feature.Area.managed,,2
2,feature.Area.og1.IDF_PLI_H,,0
2,feature.Area.og1.total,,0
2,feature.Area.og2.IDF_PLI_H,,1
2,feature.Area.og2.total,,1
2,feature.Yield.managed.Total,,4
3,feature.Area.og1.IDF_PL_L,,7
3,feature.Area.og1.total,,7
3,feature.Area.og2.IDF_PL_L,,1
3,feature.Area.og2.total,,1
3,feature.Area.unmanaged,,2
3,feature.Yield.unmanaged.Total,,8
4,feature.Area.managed,,2
4,feature.Area.og1.IDF_PL_L,,7
4,feature.Area.og1.total,,7
4,feature.Area.og2.IDF_PL_L,,1
4,feature.Area.og2.total,,1
4,feature.Yield.managed.Total,,9
5,feature.Area.og1.IDF_PL_H,,12
5,feature.Area.og1.total,,12
5,feature.Area.og2.IDF_PL_H,,1
5,feature.Area.og2.total,,1
5,feature.Area.unmanaged,,2
5,feature.Yield.unmanaged.Total,,13
6,feature.Area.managed,,2
6,feature.Area.og1.IDF_PL_H,,12
6,feature.Area.og1.total,,12
6,feature.Area.og2.IDF_PL_H,,1
6,feature.Area.og2.total,,1
6,feature.Yield.managed.Total,,14
7,feature.Area.managed,,2
7,feature.Area.og1.IDF_PL_H,,12
7,feature.Area.og1.total,,12
7,feature.Area.og2.IDF_PL_H,,1
7,feature.Area.og2.total,,1
7,feature.Yield.managed.Total,,14
8,feature.Area.og1.IDF_FD_M,,16
8,feature.Area.og1.total,,16
8,feature.Area.og2.IDF_FD_M,,1
8,feature.Area.og2.total,,1
8,feature.Area.unmanaged,,2
8,feature.Yield.unmanaged.Total,,17
9,feature.Area.managed,,2
9,feature.Area.og1.IDF_FD_M,,16
9,feature.Area.og1.total,,16
9,feature.Area.og2.IDF_FD_M,,1
9,feature.Area.og2.total,,1
9,feature.Yield.managed.Total,,18
10,feature.Area.managed,,2
10,feature.Area.og1.IDF_FD_M,,16
10,feature.Area.og1.total,,16
10,feature.Area.og2.IDF_FD_M,,1
10,feature.Area.og2.total,,1
10,feature.Yield.managed.Total,,18
11,feature.Area.og1.SBPS_SX_H,,21
11,feature.Area.og1.total,,21
11,feature.Area.og2.SBPS_SX_H,,1
11,feature.Area.og2.total,,1
11,feature.Area.unmanaged,,2
11,feature.Yield.unmanaged.Total,,22
12,feature.Area.managed,,23
12,feature.Area.og1.SBPS_SX_H,,24
12,feature.Area.og1.total,,24
12,feature.Area.og2.SBPS_SX_H,,25
12,feature.Area.og2.total,,25
12,feature.Yield.managed.Total,,26
13,feature.Area.managed,,23
13,feature.Area.og1.SBPS_SX_H,,24
13,feature.Area.og1.total,,24
13,feature.Area.og2.SBPS_SX_H,,25
13,feature.Area.og2.total,,25
13,feature.Yield.managed.Total,,26
14,feature.Area.og1.IDF_PL_M,,29
14,feature.Area.og1.total,,29
14,feature.Area.og2.IDF_PL_M,,1
14,feature.Area.og2.total,,1
14,feature.Area.unmanaged,,2
14,feature.Yield.unmanaged.Total,,30
15,feature.Area.managed,,2
15,feature.Area.og1.IDF_PL_M,,29
15,feature.Area.og1.total,,29
15,feature.Area.og2.IDF_PL_M,,1
15,feature.Area.og2.total,,1
15,feature.Yield.managed.Total,,31
16,feature.Area.managed,,2
16,feature.Area.og1.IDF_PL_M,,29
16,feature.Area.og1.total,,29
16,feature.Area.og2.IDF_PL_M,,1
16,feature.Area.og2.total,,1
16,feature.Yield.managed.Total,,31
17,feature.Area.og1.IDF_FD_H,,34
17,feature.Area.og1.total,,34
17,feature.Area.og2.IDF_FD_H,,25
17,feature.Area.og2.total,,25
17,feature.Area.unmanaged,,23
17,feature.Yield.unmanaged.Total,,35
18,feature.Area.managed,,2
18,feature.Area.og1.IDF_FD_H,,36
18,feature.Area.og1.total,,36
18,feature.Area.og2.IDF_FD_H,,1
18,feature.Area.og2.total,,1
18,feature.Yield.managed.Total,,37
19,feature.Area.og1.IDF_FDI_L,,39
19,feature.Area.og1.total,,39
19,feature.Area.og2.IDF_FDI_L,,25
19,feature.Area.og2.total,,25
19,feature.Area.unmanaged,,23
19,feature.Yield.unmanaged.Total,,40
20,feature.Area.managed,,2
20,feature.Area.og1.IDF_FDI_L,,29
20,feature.Area.og1.total,,29
20,feature.Area.og2.IDF_FDI_L,,1
20,feature.Area.og2.total,,1
20,feature.Yield.managed.Total,,41
21,feature.Area.og1.IDF_PL_H,,12
21,feature.Area.og1.total,,12
21,feature.Area.og2.IDF_PL_H,,1
21,feature.Area.og2.total,,1
21,feature.Area.unmanaged,,2
21,feature.Yield.unmanaged.Total,,44
22,feature.Area.og1.IDF_FD_H,,36
22,feature.Area.og1.total,,36
22,feature.Area.og2.IDF_FD_H,,1
22,feature.Area.og2.total,,1
22,feature.Area.unmanaged,,2
22,feature.Yield.unmanaged.Total,,45
23,feature.Area.managed,,2
23,feature.Area.og1.IDF_FD_H,,36
23,feature.Area.og1.total,,36
23,feature.Area.og2.IDF_FD_H,,1
23,feature.Area.og2.total,,1
23,feature.Yield.managed.Total,,46
24,feature.Area.og1.IDF_FD_L,,29
24,feature.Area.og1.total,,29
24,feature.Area.og2.IDF_FD_L,,1
24,feature.Area.og2.total,,1
24,feature.Area.unmanaged,,2
24,feature.Yield.unmanaged.Total,,48
25,feature.Area.managed,,23
25,feature.Area.og1.IDF_FD_L,,39
25,feature.Area.og1.total,,39
25,feature.Area.og2.IDF_FD_L,,25
25,feature.Area.og2.total,,25
25,feature.Yield.managed.Total,,49
26,feature.Area.managed,,23
26,feature.Area.og1.IDF_FD_L,,39
26,feature.Area.og1.total,,39
26,feature.Area.og2.IDF_FD_L,,25
26,feature.Area.og2.total,,25
26,feature.Yield.managed.Total,,49
27,feature.Area.og1.IDF_FD_M,,16
27,feature.Area.og1.total,,16
27,feature.Area.og2.IDF_FD_M,,1
27,feature.Area.og2.total,,1
27,feature.Area.unmanaged,,2
27,feature.Yield.unmanaged.Total,,52
28,feature.Area.og1.SBPS_PL_H,,53
28,feature.Area.og1.total,,53
28,feature.Area.og2.SBPS_PL_H,,25
28,feature.Area.og2.total,,25
28,feature.Area.unmanaged,,23
28,feature.Yield.unmanaged.Total,,54
29,feature.Area.managed,,2
29,feature.Area.og1.SBPS_PL_H,,55
29,feature.Area.og1.total,,55
29,feature.Area.og2.SBPS_PL_H,,1
29,feature.Area.og2.total,,1
29,feature.Yield.managed.Total,,56
30,feature.Area.og1.IDF_PL_M,,29
30,feature.Area.og1.total,,29
30,feature.Area.og2.IDF_PL_M,,1
30,feature.Area.og2.total,,1
30,feature.Area.unmanaged,,2
30,feature.Yield.unmanaged.Total,,58
31,feature.Area.og1.IDF_PLI_L,,59
31,feature.Area.og1.total,,59
31,feature.Area.og2.IDF_PLI_L,,1
31,feature.Area.og2.total,,1
31,feature.Area.unmanaged,,2
31,feature.Yield.unmanaged.Total,,60
32,feature.Area.managed,,2
32,feature.Area.og1.IDF_PLI_L,,59
32,feature.Area.og1.total,,59
32,feature.Area.og2.IDF_PLI_L,,1
32,feature.Area.og2.total,,1
32,feature.Yield.managed.Total,,61
33,feature.Area.og1.SBPS_PLI_H,,21
33,feature.Area.og1.total,,21
33,feature.Area.og2.SBPS_PLI_H,,1
33,feature.Area.og2.total,,1
33,feature.Area.unmanaged,,2
33,feature.Yield.unmanaged.Total,,63
34,feature.Area.managed,,2
34,feature.Area.og1.SBPS_PLI_H,,21
34,feature.Area.og1.total,,21
34,feature.Area.og2.SBPS_PLI_H,,1
34,feature.Area.og2.total,,1
34,feature.Yield.managed.Total,,64
35,feature.Area.og1.IDF_PLI_M,,66
35,feature.Area.og1.total,,66
35,feature.Area.og2.IDF_PLI_M,,1
35,feature.Area.og2.total,,1
35,feature.Area.unmanaged,,2
35,feature.Yield.unmanaged.Total,,67
36,feature.Area.managed,,2
36,feature.Area.og1.IDF_PLI_M,,66
36,feature.Area.og1.total,,66
36,feature.Area.og2.IDF_PLI_M,,1
36,feature.Area.og2.total,,1
36,feature.Yield.managed.Total,,68
37,feature.Area.og1.SBPS_PL_H,,55
37,feature.Area.og1.total,,55
37,feature.Area.og2.SBPS_PL_H,,1
37,feature.Area.og2.total,,1
37,feature.Area.unmanaged,,2
37,feature.Yield.unmanaged.Total,,71
38,feature.Area.managed,,23
38,feature.Area.og1.SBPS_PL_H,,53
38,feature.Area.og1.total,,53
38,feature.Area.og2.SBPS_PL_H,,25
38,feature.Area.og2.total,,25
38,feature.Yield.managed.Total,,72
39,feature.Area.og1.SBPS_PL_M,,16
39,feature.Area.og1.total,,16
39,feature.Area.og2.SBPS_PL_M,,1
39,feature.Area.og2.total,,1
39,feature.Area.unmanaged,,2
39,feature.Yield.unmanaged.Total,,75
40,feature.Area.managed,,2
40,feature.Area.og1.SBPS_PL_M,,16
40,feature.Area.og1.total,,16
40,feature.Area.og2.SBPS_PL_M,,1
40,feature.Area.og2.total,,1
40,feature.Yield.managed.Total,,76
41,feature.Area.managed,,2
41,feature.Area.og1.SBPS_PL_M,,16
41,feature.Area.og1.total,,16
41,feature.Area.og2.SBPS_PL_M,,1
41,feature.Area.og2.total,,1
41,feature.Yield.managed.Total,,76
42,feature.Area.og1.IDF_FD_L,,29
42,feature.Area.og1.total,,29
42,feature.Area.og2.IDF_FD_L,,1
42,feature.Area.og2.total,,1
42,feature.Area.unmanaged,,2
42,feature.Yield.unmanaged.Total,,78
43,feature.Area.og1.IDF_PL_H,,12
43,feature.Area.og1.total,,12
43,feature.Area.og2.IDF_PL_H,,1
43,feature.Area.og2.total,,1
43,feature.Area.unmanaged,,2
43,feature.Yield.unmanaged.Total,,79
44,feature.Area.og1.IDF_FD_H,,36
44,feature.Area.og1.total,,36
44,feature.Area.og2.IDF_FD_H,,1
44,feature.Area.og2.total,,1
44,feature.Area.unmanaged,,2
44,feature.Yield.unmanaged.Total,,80
45,feature.Area.og1.IDF_PLI_H,,0
45,feature.Area.og1.total,,0
45,feature.Area.og2.IDF_PLI_H,,1
45,feature.Area.og2.total,,1
45,feature.Area.unmanaged,,2
45,feature.Yield.unmanaged.Total,,81
46,feature.Area.managed,,2
46,feature.Area.og1.IDF_PLI_H,,0
46,feature.Area.og1.total,,0
46,feature.Area.og2.IDF_PLI_H,,1
46,feature.Area.og2.total,,1
46,feature.Yield.managed.Total,,82
47,feature.Area.og1.IDF_FDI_M,,16
47,feature.Area.og1.total,,16
47,feature.Area.og2.IDF_FDI_M,,1
47,feature.Area.og2.total,,1
47,feature.Area.unmanaged,,2
47,feature.Yield.unmanaged.Total,,84
48,feature.Area.managed,,2
48,feature.Area.og1.IDF_FDI_M,,16
48,feature.Area.og1.total,,16
48,feature.Area.og2.IDF_FDI_M,,1
48,feature.Area.og2.total,,1
48,feature.Yield.managed.Total,,85
49,feature.Area.managed,,2
49,feature.Area.og1.IDF_FDI_M,,16
49,feature.Area.og1.total,,16
49,feature.Area.og2.IDF_FDI_M,,1
49,feature.Area.og2.total,,1
49,feature.Yield.managed.Total,,85
50,feature.Area.og1.IDF_PL_M,,29
50,feature.Area.og1.total,,29
50,feature.Area.og2.IDF_PL_M,,1
50,feature.Area.og2.total,,1
50,feature.Area.unmanaged,,2
50,feature.Yield.unmanaged.Total,,87
51,feature.Area.og1.IDF_FDI_L,,39
51,feature.Area.og1.total,,39
51,feature.Area.og2.IDF_FDI_L,,25
51,feature.Area.og2.total,,25
51,feature.Area.unmanaged,,23
51,feature.Yield.unmanaged.Total,,88
52,feature.Area.managed,,2
52,feature.Area.og1.IDF_FDI_L,,29
52,feature.Area.og1.total,,29
52,feature.Area.og2.IDF_FDI_L,,1
52,feature.Area.og2.total,,1
52,feature.Yield.managed.Total,,89
53,feature.Area.og1.IDF_FD_M,,16
53,feature.Area.og1.total,,16
53,feature.Area.og2.IDF_FD_M,,1
53,feature.Area.og2.total,,1
53,feature.Area.unmanaged,,2
53,feature.Yield.unmanaged.Total,,91
54,feature.Area.og1.SBPS_PLI_M,,92
54,feature.Area.og1.total,,92
54,feature.Area.og2.SBPS_PLI_M,,1
54,feature.Area.og2.total,,1
54,feature.Area.unmanaged,,2
54,feature.Yield.unmanaged.Total,,93
55,feature.Area.managed,,2
55,feature.Area.og1.SBPS_PLI_M,,92
55,feature.Area.og1.total,,92
55,feature.Area.og2.SBPS_PLI_M,,1
55,feature.Area.og2.total,,1
55,feature.Yield.managed.Total,,94
56,feature.Area.og1.IDF_FD_L,,29
56,feature.Area.og1.total,,29
56,feature.Area.og2.IDF_FD_L,,1
56,feature.Area.og2.total,,1
56,feature.Area.unmanaged,,2
56,feature.Yield.unmanaged.Total,,96
57,feature.Area.og1.IDF_FDI_H,,97
57,feature.Area.og1.total,,97
57,feature.Area.og2.IDF_FDI_H,,1
57,feature.Area.og2.total,,1
57,feature.Area.unmanaged,,2
57,feature.Yield.unmanaged.Total,,98
58,feature.Area.managed,,2
58,feature.Area.og1.IDF_FDI_H,,97
58,feature.Area.og1.total,,97
58,feature.Area.og2.IDF_FDI_H,,1
58,feature.Area.og2.total,,1
58,feature.Yield.managed.Total,,99
59,feature.Area.og1.IDF_FDI_M,,16
59,feature.Area.og1.total,,16
59,feature.Area.og2.IDF_FDI_M,,1
59,feature.Area.og2.total,,1
59,feature.Area.unmanaged,,2
59,feature.Yield.unmanaged.Total,,101
60,feature.Area.og1.MS_PL_H,,102
60,feature.Area.og1.total,,102
60,feature.Area.og2.MS_PL_H,,1
60,feature.Area.og2.total,,1
60,feature.Area.unmanaged,,2
60,feature.Yield.unmanaged.Total,,103
61,feature.Area.managed,,23
61,feature.Area.og1.MS_PL_H,,104
61,feature.Area.og1.total,,104
61,feature.Area.og2.MS_PL_H,,25
61,feature.Area.og2.total,,25
61,feature.Yield.managed.Total,,105
62,feature.Area.og1.IDF_FDI_H,,97
62,feature.Area.og1.total,,97
62,feature.Area.og2.IDF_FDI_H,,1
62,feature.Area.og2.total,,1
62,feature.Area.unmanaged,,2
62,feature.Yield.unmanaged.Total,,107
63,feature.Area.managed,,2
63,feature.Area.og1.IDF_FDI_H,,97
63,feature.Area.og1.total,,97
63,feature.Area.og2.IDF_FDI_H,,1
63,feature.Area.og2.total,,1
63,feature.Yield.managed.Total,,108
64,feature.Area.og1.SBS_FDI_L,,110
64,feature.Area.og1.total,,110
64,feature.Area.og2.SBS_FDI_L,,25
64,feature.Area.og2.total,,25
64,feature.Area.unmanaged,,23
64,feature.Yield.unmanaged.Total,,111
65,feature.Area.managed,,2
65,feature.Area.og1.SBS_FDI_L,,112
65,feature.Area.og1.total,,112
65,feature.Area.og2.SBS_FDI_L,,1
65,feature.Area.og2.total,,1
65,feature.Yield.managed.Total,,113
66,feature.Area.managed,,2
66,feature.Area.og1.SBS_FDI_L,,112
66,feature.Area.og1.total,,112
66,feature.Area.og2.SBS_FDI_L,,1
66,feature.Area.og2.total,,1
66,feature.Yield.managed.Total,,113
67,feature.Area.og1.MS_PL_H,,102
67,feature.Area.og1.total,,102
67,feature.Area.og2.MS_PL_H,,1
67,feature.Area.og2.total,,1
67,feature.Area.unmanaged,,2
67,feature.Yield.unmanaged.Total,,115
68,feature.Area.managed,,2
68,feature.Area.og1.MS_PL_H,,102
68,feature.Area.og1.total,,102
68,feature.Area.og2.MS_PL_H,,1
68,feature.Area.og2.total,,1
68,feature.Yield.managed.Total,,116
69,feature.Area.og1.MS_PL_H,,104
69,feature.Area.og1.total,,104
69,feature.Area.og2.MS_PL_H,,25
69,feature.Area.og2.total,,25
69,feature.Area.unmanaged,,23
69,feature.Yield.unmanaged.Total,,118
70,feature.Area.og1.IDF_PL_L,,7
70,feature.Area.og1.total,,7
70,feature.Area.og2.IDF_PL_L,,1
70,feature.Area.og2.total,,1
70,feature.Area.unmanaged,,2
70,feature.Yield.unmanaged.Total,,8
71,feature.Area.managed,,2
71,feature.Area.og1.IDF_PL_L,,7
71,feature.Area.og1.total,,7
71,feature.Area.og2.IDF_PL_L,,1
71,feature.Area.og2.total,,1
71,feature.Yield.managed.Total,,119
72,feature.Area.og1.SBPS_SX_H,,21
72,feature.Area.og1.total,,21
72,feature.Area.og2.SBPS_SX_H,,1
72,feature.Area.og2.total,,1
72,feature.Area.unmanaged,,2
72,feature.Yield.unmanaged.Total,,121
73,feature.Area.og1.SBPS_PL_M,,16
73,feature.Area.og1.total,,16
73,feature.Area.og2.SBPS_PL_M,,1
73,feature.Area.og2.total,,1
73,feature.Area.unmanaged,,2
73,feature.Yield.unmanaged.Total,,122
74,feature.Area.og1.SBPS_PLI_M,,123
74,feature.Area.og1.total,,123
74,feature.Area.og2.SBPS_PLI_M,,25
74,feature.Area.og2.total,,25
74,feature.Area.unmanaged,,23
74,feature.Yield.unmanaged.Total,,124
75,feature.Area.managed,,2
75,feature.Area.og1.SBPS_PLI_M,,92
75,feature.Area.og1.total,,92
75,feature.Area.og2.SBPS_PLI_M,,1
75,feature.Area.og2.total,,1
75,feature.Yield.managed.Total,,125
76,feature.Area.og1.IDF_FDI_H,,97
76,feature.Area.og1.total,,97
76,feature.Area.og2.IDF_FDI_H,,1
76,feature.Area.og2.total,,1
76,feature.Area.unmanaged,,2
76,feature.Yield.unmanaged.Total,,127
77,feature.Area.og1.SBPS_PL_L,,123
77,feature.Area.og1.total,,123
77,feature.Area.og2.SBPS_PL_L,,25
77,feature.Area.og2.total,,25
77,feature.Area.unmanaged,,23
77,feature.Yield.unmanaged.Total,,128
78,feature.Area.managed,,2
78,feature.Area.og1.SBPS_PL_L,,92
78,feature.Area.og1.total,,92
78,feature.Area.og2.SBPS_PL_L,,1
78,feature.Area.og2.total,,1
78,feature.Yield.managed.Total,,129
79,feature.Area.managed,,2
79,feature.Area.og1.SBPS_PL_L,,92
79,feature.Area.og1.total,,92
79,feature.Area.og2.SBPS_PL_L,,1
79,feature.Area.og2.total,,1
79,feature.Yield.managed.Total,,129
80,feature.Area.og1.MS_PL_H,,102
80,feature.Area.og1.total,,102
80,feature.Area.og2.MS_PL_H,,1
80,feature.Area.og2.total,,1
80,feature.Area.unmanaged,,2
80,feature.Yield.unmanaged.Total,,131
81,feature.Area.og1.IDF_PLI_M,,66
81,feature.Area.og1.total,,66
81,feature.Area.og2.IDF_PLI_M,,1
81,feature.Area.og2.total,,1
81,feature.Area.unmanaged,,2
81,feature.Yield.unmanaged.Total,,132
82,feature.Area.managed,,2
82,feature.Area.og1.IDF_PLI_M,,66
82,feature.Area.og1.total,,66
82,feature.Area.og2.IDF_PLI_M,,1
82,feature.Area.og2.total,,1
82,feature.Yield.managed.Total,,133
83,feature.Area.og1.IDF_PL_M,,29
83,feature.Area.og1.total,,29
83,feature.Area.og2.IDF_PL_M,,1
83,feature.Area.og2.total,,1
83,feature.Area.unmanaged,,2
83,feature.Yield.unmanaged.Total,,135
84,feature.Area.og1.SBPS_PL_M,,16
84,feature.Area.og1.total,,16
84,feature.Area.og2.SBPS_PL_M,,1
84,feature.Area.og2.total,,1
84,feature.Area.unmanaged,,2
84,feature.Yield.unmanaged.Total,,136
85,feature.Area.og1.IDF_FD_H,,36
85,feature.Area.og1.total,,36
85,feature.Area.og2.IDF_FD_H,,1
85,feature.Area.og2.total,,1
85,feature.Area.unmanaged,,2
85,feature.Yield.unmanaged.Total,,137
86,feature.Area.og1.IDF_PL_H,,12
86,feature.Area.og1.total,,12
86,feature.Area.og2.IDF_PL_H,,1
86,feature.Area.og2.total,,1
86,feature.Area.unmanaged,,2
86,feature.Yield.unmanaged.Total,,138
87,feature.Area.og1.IDF_FD_M,,16
87,feature.Area.og1.total,,16
87,feature.Area.og2.IDF_FD_M,,1
87,feature.Area.og2.total,,1
87,feature.Area.unmanaged,,2
87,feature.Yield.unmanaged.Total,,139
88,feature.Area.og1.IDF_FDI_M,,16
88,feature.Area.og1.total,,16
88,feature.Area.og2.IDF_FDI_M,,1
88,feature.Area.og2.total,,1
88,feature.Area.unmanaged,,2
88,feature.Yield.unmanaged.Total,,140
89,feature.Area.og1.IDF_PLI_H,,141
89,feature.Area.og1.total,,141
89,feature.Area.og2.IDF_PLI_H,,25
89,feature.Area.og2.total,,25
89,feature.Area.unmanaged,,23
89,feature.Yield.unmanaged.Total,,142
90,feature.Area.og1.SBPS_PLI_H,,21
90,feature.Area.og1.total,,21
90,feature.Area.og2.SBPS_PLI_H,,1
90,feature.Area.og2.total,,1
90,feature.Area.unmanaged,,2
90,feature.Yield.unmanaged.Total,,143
91,feature.Area.og1.SBPS_SX_H,,21
91,feature.Area.og1.total,,21
91,feature.Area.og2.SBPS_SX_H,,1
91,feature.Area.og2.total,,1
91,feature.Area.unmanaged,,2
91,feature.Yield.unmanaged.Total,,144
92,feature.Area.og1.SBPS_PL_H,,53
92,feature.Area.og1.total,,53
92,feature.Area.og2.SBPS_PL_H,,25
92,feature.Area.og2.total,,25
92,feature.Area.unmanaged,,23
92,feature.Yield.unmanaged.Total,,145
93,feature.Area.og1.IDF_FDI_L,,29
93,feature.Area.og1.total,,29
93,feature.Area.og2.IDF_FDI_L,,1
93,feature.Area.og2.total,,1
93,feature.Area.unmanaged,,2
93,feature.Yield.unmanaged.Total,,146
94,feature.Area.og1.IDF_FDI_H,,97
94,feature.Area.og1.total,,97
94,feature.Area.og2.IDF_FDI_H,,1
94,feature.Area.og2.total,,1
94,feature.Area.unmanaged,,2
94,feature.Yield.unmanaged.Total,,147
95,feature.Area.og1.SBPS_PL_H,,55
95,feature.Area.og1.total,,55
95,feature.Area.og2.SBPS_PL_H,,1
95,feature.Area.og2.total,,1
95,feature.Area.unmanaged,,2
95,feature.Yield.unmanaged.Total,,148
96,feature.Area.og1.IDF_FDI_M,,16
96,feature.Area.og1.total,,16
96,feature.Area.og2.IDF_FDI_M,,1
96,feature.Area.og2.total,,1
96,feature.Area.unmanaged,,2
96,feature.Yield.unmanaged.Total,,149
97,feature.Area.og1.IDF_PL_L,,7
97,feature.Area.og1.total,,7
97,feature.Area.og2.IDF_PL_L,,1
97,feature.Area.og2.total,,1
97,feature.Area.unmanaged,,2
97,feature.Yield.unmanaged.Total,,8
98,feature.Area.og1.IDF_FDI_L,,29
98,feature.Area.og1.total,,29
98,feature.Area.og2.IDF_FDI_L,,1
98,feature.Area.og2.total,,1
98,feature.Area.unmanaged,,2
98,feature.Yield.unmanaged.Total,,150
99,feature.Area.og1.IDF_PL_L,,7
99,feature.Area.og1.total,,7
99,feature.Area.og2.IDF_PL_L,,1
99,feature.Area.og2.total,,1
99,feature.Area.unmanaged,,2
99,feature.Yield.unmanaged.Total,,151
100,feature.Area.og1.IDF_FD_L,,29
100,feature.Area.og1.total,,29
100,feature.Area.og2.IDF_FD_L,,1
100,feature.Area.og2.total,,1
100,feature.Area.unmanaged,,2
100,feature.Yield.unmanaged.Total,,78
101,feature.Area.og1.IDF_PLI_M,,152
101,feature.Area.og1.total,,152
101,feature.Area.og2.IDF_PLI_M,,25
101,feature.Area.og2.total,,25
101,feature.Area.unmanaged,,23
101,feature.Yield.unmanaged.Total,,153
102,feature.Area.og1.IDF_PLI_M,,66
102,feature.Area.og1.total,,66
102,feature.Area.og2.IDF_PLI_M,,1
102,feature.Area.og2.total,,1
102,feature.Area.unmanaged,,2
102,feature.Yield.unmanaged.Total,,154
103,feature.Area.og1.SBPS_PL_M,,16
103,feature.Area.og1.total,,16
103,feature.Area.og2.SBPS_PL_M,,1
103,feature.Area.og2.total,,1
103,feature.Area.unmanaged,,2
103,feature.Yield.unmanaged.Total,,155
104,feature.Area.og1.SBPS_PLI_M,,123
104,feature.Area.og1.total,,123
104,feature.Area.og2.SBPS_PLI_M,,25
104,feature.Area.og2.total,,25
104,feature.Area.unmanaged,,23
104,feature.Yield.unmanaged.Total,,156
105,feature.Area.og1.IDF_PLI_L,,157
105,feature.Area.og1.total,,157
105,feature.Area.og2.IDF_PLI_L,,25
105,feature.Area.og2.total,,25
105,feature.Area.unmanaged,,23
105,feature.Yield.unmanaged.Total,,158
106,feature.Area.og1.SBS_SX_L,,159
106,feature.Area.og1.total,,159
106,feature.Area.og2.SBS_SX_L,,1
106,feature.Area.og2.total,,1
106,feature.Area.unmanaged,,2
106,feature.Yield.unmanaged.Total,,160
107,feature.Area.managed,,2
107,feature.Area.og1.SBS_SX_L,,159
107,feature.Area.og1.total,,159
107,feature.Area.og2.SBS_SX_L,,1
107,feature.Area.og2.total,,1
107,feature.Yield.managed.Total,,161
108,feature.Area.og1.SBS_SX_L,,159
108,feature.Area.og1.total,,159
108,feature.Area.og2.SBS_SX_L,,1
108,feature.Area.og2.total,,1
108,feature.Area.unmanaged,,2
108,feature.Yield.unmanaged.Total,,163
109,feature.Area.og1.SBS_FDI_L,,112
109,feature.Area.og1.total,,112
109,feature.Area.og2.SBS_FDI_L,,1
109,feature.Area.og2.total,,1
109,feature.Area.unmanaged,,2
109,feature.Yield.unmanaged.Total,,164
110,feature.Area.og1.SBPS_PL_L,,92
110,feature.Area.og1.total,,92
110,feature.Area.og2.SBPS_PL_L,,1
110,feature.Area.og2.total,,1
110,feature.Area.unmanaged,,2
110,feature.Yield.unmanaged.Total,,165
111,feature.Area.og1.IDF_PLI_L,,59
111,feature.Area.og1.total,,59
111,feature.Area.og2.IDF_PLI_L,,1
111,feature.Area.og2.total,,1
111,feature.Area.unmanaged,,2
111,feature.Yield.unmanaged.Total,,166
112,feature.Area.managed,,2
112,feature.Area.og1.IDF_PLI_L,,59
112,feature.Area.og1.total,,59
112,feature.Area.og2.IDF_PLI_L,,1
112,feature.Area.og2.total,,1
112,feature.Yield.managed.Total,,167
113,feature.Area.og1.IDF_PLI_L,,59
113,feature.Area.og1.total,,59
113,feature.Area.og2.IDF_PLI_L,,1
113,feature.Area.og2.total,,1
113,feature.Area.unmanaged,,2
113,feature.Yield.unmanaged.Total,,169
114,feature.Area.og1.IDF_PLI_M,,66
114,feature.Area.og1.total,,66
114,feature.Area.og2.IDF_PLI_M,,1
114,feature.Area.og2.total,,1
114,feature.Area.unmanaged,,2
114,feature.Yield.unmanaged.Total,,170
115,feature.Area.managed,,2
115,feature.Area.og1.IDF_PLI_M,,66
115,feature.Area.og1.total,,66
115,feature.Area.og2.IDF_PLI_M,,1
115,feature.Area.og2.total,,1
115,feature.Yield.managed.Total,,171
116,feature.Area.og1.SBPS_PLI_H,,21
116,feature.Area.og1.total,,21
116,feature.Area.og2.SBPS_PLI_H,,1
116,feature.Area.og2.total,,1
116,feature.Area.unmanaged,,2
116,feature.Yield.unmanaged.Total,,173
117,feature.Area.managed,,2
117,feature.Area.og1.SBPS_PLI_H,,21
117,feature.Area.og1.total,,21
117,feature.Area.og2.SBPS_PLI_H,,1
117,feature.Area.og2.total,,1
117,feature.Yield.managed.Total,,174
118,feature.Area.og1.IDF_FDI_L,,39
118,feature.Area.og1.total,,39
118,feature.Area.og2.IDF_FDI_L,,25
118,feature.Area.og2.total,,25
118,feature.Area.unmanaged,,23
118,feature.Yield.unmanaged.Total,,176
119,feature.Area.managed,,2
119,feature.Area.og1.IDF_FDI_L,,29
119,feature.Area.og1.total,,29
119,feature.Area.og2.IDF_FDI_L,,1
119,feature.Area.og2.total,,1
119,feature.Yield.managed.Total,,177
120,feature.Area.managed,,2
120,feature.Area.og1.IDF_FDI_L,,29
120,feature.Area.og1.total,,29
120,feature.Area.og2.IDF_FDI_L,,1
120,feature.Area.og2.total,,1
120,feature.Yield.managed.Total,,177
121,feature.Area.og1.IDF_PLI_L,,59
121,feature.Area.og1.total,,59
121,feature.Area.og2.IDF_PLI_L,,1
121,feature.Area.og2.total,,1
121,feature.Area.unmanaged,,2
121,feature.Yield.unmanaged.Total,,179
122,feature.Area.managed,,2
122,feature.Area.og1.IDF_PLI_L,,59
122,feature.Area.og1.total,,59
122,feature.Area.og2.IDF_PLI_L,,1
122,feature.Area.og2.total,,1
122,feature.Yield.managed.Total,,180
123,feature.Area.managed,,2
123,feature.Area.og1.IDF_PLI_L,,59
123,feature.Area.og1.total,,59
123,feature.Area.og2.IDF_PLI_L,,1
123,feature.Area.og2.total,,1
123,feature.Yield.managed.Total,,180
124,feature.Area.og1.IDF_FDI_M,,16
124,feature.Area.og1.total,,16
124,feature.Area.og2.IDF_FDI_M,,1
124,feature.Area.og2.total,,1
124,feature.Area.unmanaged,,2
124,feature.Yield.unmanaged.Total,,182
125,feature.Area.managed,,2
125,feature.Area.og1.IDF_FDI_M,,16
125,feature.Area.og1.total,,16
125,feature.Area.og2.IDF_FDI_M,,1
125,feature.Area.og2.total,,1
125,feature.Yield.managed.Total,,183
126,feature.Area.managed,,2
126,feature.Area.og1.IDF_FDI_M,,16
126,feature.Area.og1.total,,16
126,feature.Area.og2.IDF_FDI_M,,1
126,feature.Area.og2.total,,1
126,feature.Yield.managed.Total,,183
127,feature.Area.og1.IDF_PL_M,,29
127,feature.Area.og1.total,,29
127,feature.Area.og2.IDF_PL_M,,1
127,feature.Area.og2.total,,1
127,feature.Area.unmanaged,,2
127,feature.Yield.unmanaged.Total,,185
128,feature.Area.managed,,2
128,feature.Area.og1.IDF_PL_M,,29
128,feature.Area.og1.total,,29
128,feature.Area.og2.IDF_PL_M,,1
128,feature.Area.og2.total,,1
128,feature.Yield.managed.Total,,186
129,feature.Area.managed,,2
129,feature.Area.og1.IDF_PL_M,,29
129,feature.Area.og1.total,,29
129,feature.Area.og2.IDF_PL_M,,1
129,feature.Area.og2.total,,1
129,feature.Yield.managed.Total,,186
130,feature.Area.og1.IDF_PL_L,,7
130,feature.Area.og1.total,,7
130,feature.Area.og2.IDF_PL_L,,1
130,feature.Area.og2.total,,1
130,feature.Area.unmanaged,,2
130,feature.Yield.unmanaged.Total,,188
131,feature.Area.managed,,2
131,feature.Area.og1.IDF_PL_L,,7
131,feature.Area.og1.total,,7
131,feature.Area.og2.IDF_PL_L,,1
131,feature.Area.og2.total,,1
131,feature.Yield.managed.Total,,189
132,feature.Area.managed,,2
132,feature.Area.og1.IDF_PL_L,,7
132,feature.Area.og1.total,,7
132,feature.Area.og2.IDF_PL_L,,1
132,feature.Area.og2.total,,1
132,feature.Yield.managed.Total,,189
133,feature.Area.og1.IDF_FD_L,,29
133,feature.Area.og1.total,,29
133,feature.Area.og2.IDF_FD_L,,1
133,feature.Area.og2.total,,1
133,feature.Area.unmanaged,,2
133,feature.Yield.unmanaged.Total,,191
134,feature.Area.managed,,2
134,feature.Area.og1.IDF_FD_L,,29
134,feature.Area.og1.total,,29
134,feature.Area.og2.IDF_FD_L,,1
134,feature.Area.og2.total,,1
134,feature.Yield.managed.Total,,192
135,feature.Area.managed,,2
135,feature.Area.og1.IDF_FD_L,,29
135,feature.Area.og1.total,,29
135,feature.Area.og2.IDF_FD_L,,1
135,feature.Area.og2.total,,1
135,feature.Yield.managed.Total,,192
136,feature.Area.og1.SBPS_PLI_L,,194
136,feature.Area.og1.total,,194
136,feature.Area.og2.SBPS_PLI_L,,25
136,feature.Area.og2.total,,25
136,feature.Area.unmanaged,,23
136,feature.Yield.unmanaged.Total,,195
137,feature.Area.og1.IDF_FDI_L,,29
137,feature.Area.og1.total,,29
137,feature.Area.og2.IDF_FDI_L,,1
137,feature.Area.og2.total,,1
137,feature.Area.unmanaged,,2
137,feature.Yield.unmanaged.Total,,196
138,feature.Area.og1.SBPS_SX_H,,21
138,feature.Area.og1.total,,21
138,feature.Area.og2.SBPS_SX_H,,1
138,feature.Area.og2.total,,1
138,feature.Area.unmanaged,,2
138,feature.Yield.unmanaged.Total,,197
139,feature.Area.managed,,23
139,feature.Area.og1.SBPS_SX_H,,24
139,feature.Area.og1.total,,24
139,feature.Area.og2.SBPS_SX_H,,25
139,feature.Area.og2.total,,25
139,feature.Yield.managed.Total,,198
140,feature.Area.og1.IDF_PLI_L,,59
140,feature.Area.og1.total,,59
140,feature.Area.og2.IDF_PLI_L,,1
140,feature.Area.og2.total,,1
140,feature.Area.unmanaged,,2
140,feature.Yield.unmanaged.Total,,200
141,feature.Area.og1.IDF_FD_H,,36
141,feature.Area.og1.total,,36
141,feature.Area.og2.IDF_FD_H,,1
141,feature.Area.og2.total,,1
141,feature.Area.unmanaged,,2
141,feature.Yield.unmanaged.Total,,201
142,feature.Area.managed,,2
142,feature.Area.og1.IDF_FD_H,,36
142,feature.Area.og1.total,,36
142,feature.Area.og2.IDF_FD_H,,1
142,feature.Area.og2.total,,1
142,feature.Yield.managed.Total,,202
143,feature.Area.managed,,2
143,feature.Area.og1.IDF_FD_H,,36
143,feature.Area.og1.total,,36
143,feature.Area.og2.IDF_FD_H,,1
143,feature.Area.og2.total,,1
143,feature.Yield.managed.Total,,202
144,feature.Area.og1.SBPS_PLI_M,,92
144,feature.Area.og1.total,,92
144,feature.Area.og2.SBPS_PLI_M,,1
144,feature.Area.og2.total,,1
144,feature.Area.unmanaged,,2
144,feature.Yield.unmanaged.Total,,204
145,feature.Area.managed,,2
145,feature.Area.og1.SBPS_PLI_M,,92
145,feature.Area.og1.total,,92
145,feature.Area.og2.SBPS_PLI_M,,1
145,feature.Area.og2.total,,1
145,feature.Yield.managed.Total,,205
146,feature.Area.managed,,2
146,feature.Area.og1.SBPS_PLI_M,,92
146,feature.Area.og1.total,,92
146,feature.Area.og2.SBPS_PLI_M,,1
146,feature.Area.og2.total,,1
146,feature.Yield.managed.Total,,205
147,feature.Area.og1.IDF_FD_H,,36
147,feature.Area.og1.total,,36
147,feature.Area.og2.IDF_FD_H,,1
147,feature.Area.og2.total,,1
147,feature.Area.unmanaged,,2
147,feature.Yield.unmanaged.Total,,201
148,feature.Area.og1.SBPS_PLI_M,,92
148,feature.Area.og1.total,,92
148,feature.Area.og2.SBPS_PLI_M,,1
148,feature.Area.og2.total,,1
148,feature.Area.unmanaged,,2
148,feature.Yield.unmanaged.Total,,207
149,feature.Area.og1.IDF_PLI_H,,0
149,feature.Area.og1.total,,0
149,feature.Area.og2.IDF_PLI_H,,1
149,feature.Area.og2.total,,1
149,feature.Area.unmanaged,,2
149,feature.Yield.unmanaged.Total,,208
150,feature.Area.managed,,2
150,feature.Area.og1.IDF_PLI_H,,0
150,feature.Area.og1.total,,0
150,feature.Area.og2.IDF_PLI_H,,1
150,feature.Area.og2.total,,1
150,feature.Yield.managed.Total,,209
151,feature.Area.og1.IDF_FDI_H,,97
151,feature.Area.og1.total,,97
151,feature.Area.og2.IDF_FDI_H,,1
151,feature.Area.og2.total,,1
151,feature.Area.unmanaged,,2
151,feature.Yield.unmanaged.Total,,211
152,feature.Area.managed,,23
152,feature.Area.og1.IDF_FDI_H,,212
152,feature.Area.og1.total,,212
152,feature.Area.og2.IDF_FDI_H,,25
152,feature.Area.og2.total,,25
152,feature.Yield.managed.Total,,213
153,feature.Area.managed,,23
153,feature.Area.og1.IDF_FDI_H,,212
153,feature.Area.og1.total,,212
153,feature.Area.og2.IDF_FDI_H,,25
153,feature.Area.og2.total,,25
153,feature.Yield.managed.Total,,213
154,feature.Area.og1.SBPS_SX_L,,216
154,feature.Area.og1.total,,216
154,feature.Area.og2.SBPS_SX_L,,1
154,feature.Area.og2.total,,1
154,feature.Area.unmanaged,,2
154,feature.Yield.unmanaged.Total,,217
155,feature.Area.managed,,2
155,feature.Area.og1.SBPS_SX_L,,216
155,feature.Area.og1.total,,216
155,feature.Area.og2.SBPS_SX_L,,1
155,feature.Area.og2.total,,1
155,feature.Yield.managed.Total,,218
156,feature.Area.managed,,2
156,feature.Area.og1.SBPS_SX_L,,216
156,feature.Area.og1.total,,216
156,feature.Area.og2.SBPS_SX_L,,1
156,feature.Area.og2.total,,1
156,feature.Yield.managed.Total,,218
157,feature.Area.og1.SBPS_PLI_H,,21
157,feature.Area.og1.total,,21
157,feature.Area.og2.SBPS_PLI_H,,1
157,feature.Area.og2.total,,1
157,feature.Area.unmanaged,,2
157,feature.Yield.unmanaged.Total,,221
158,feature.Area.managed,,2
158,feature.Area.og1.SBPS_PLI_H,,21
158,feature.Area.og1.total,,21
158,feature.Area.og2.SBPS_PLI_H,,1
158,feature.Area.og2.total,,1
158,feature.Yield.managed.Total,,222
159,feature.Area.og1.IDF_PLI_M,,66
159,feature.Area.og1.total,,66
159,feature.Area.og2.IDF_PLI_M,,1
159,feature.Area.og2.total,,1
159,feature.Area.unmanaged,,2
159,feature.Yield.unmanaged.Total,,224
160,feature.Area.managed,,2
160,feature.Area.og1.IDF_PLI_M,,66
160,feature.Area.og1.total,,66
160,feature.Area.og2.IDF_PLI_M,,1
160,feature.Area.og2.total,,1
160,feature.Yield.managed.Total,,225
161,feature.Area.og1.IDF_FDI_H,,97
161,feature.Area.og1.total,,97
161,feature.Area.og2.IDF_FDI_H,,1
161,feature.Area.og2.total,,1
161,feature.Area.unmanaged,,2
161,feature.Yield.unmanaged.Total,,227
162,feature.Area.og1.IDF_FD_M,,16
162,feature.Area.og1.total,,16
162,feature.Area.og2.IDF_FD_M,,1
162,feature.Area.og2.total,,1
162,feature.Area.unmanaged,,2
162,feature.Yield.unmanaged.Total,,228
163,feature.Area.managed,,2
163,feature.Area.og1.IDF_FD_M,,16
163,feature.Area.og1.total,,16
163,feature.Area.og2.IDF_FD_M,,1
163,feature.Area.og2.total,,1
163,feature.Yield.managed.Total,,229
164,feature.Area.og1.IDF_FD_M,,16
164,feature.Area.og1.total,,16
164,feature.Area.og2.IDF_FD_M,,1
164,feature.Area.og2.total,,1
164,feature.Area.unmanaged,,2
164,feature.Yield.unmanaged.Total,,231
165,feature.Area.managed,,23
165,feature.Area.og1.IDF_FD_M,,232
165,feature.Area.og1.total,,232
165,feature.Area.og2.IDF_FD_M,,25
165,feature.Area.og2.total,,25
165,feature.Yield.managed.Total,,233
166,feature.Area.og1.IDF_FDI_M,,16
166,feature.Area.og1.total,,16
166,feature.Area.og2.IDF_FDI_M,,1
166,feature.Area.og2.total,,1
166,feature.Area.unmanaged,,2
166,feature.Yield.unmanaged.Total,,235
167,feature.Area.og1.IDF_FD_L,,29
167,feature.Area.og1.total,,29
167,feature.Area.og2.IDF_FD_L,,1
167,feature.Area.og2.total,,1
167,feature.Area.unmanaged,,2
167,feature.Yield.unmanaged.Total,,236
168,feature.Area.og1.SBPS_SX_H,,21
168,feature.Area.og1.total,,21
168,feature.Area.og2.SBPS_SX_H,,1
168,feature.Area.og2.total,,1
168,feature.Area.unmanaged,,2
168,feature.Yield.unmanaged.Total,,237
169,feature.Area.managed,,23
169,feature.Area.og1.SBPS_SX_H,,24
169,feature.Area.og1.total,,24
169,feature.Area.og2.SBPS_SX_H,,25
169,feature.Area.og2.total,,25
169,feature.Yield.managed.Total,,238
170,feature.Area.og1.SBPS_PLI_L,,240
170,feature.Area.og1.total,,240
170,feature.Area.og2.SBPS_PLI_L,,1
170,feature.Area.og2.total,,1
170,feature.Area.unmanaged,,2
170,feature.Yield.unmanaged.Total,,241
171,feature.Area.managed,,2
171,feature.Area.og1.SBPS_PLI_L,,240
171,feature.Area.og1.total,,240
171,feature.Area.og2.SBPS_PLI_L,,1
171,feature.Area.og2.total,,1
171,feature.Yield.managed.Total,,242
172,feature.Area.og1.SBPS_PL_M,,232
172,feature.Area.og1.total,,232
172,feature.Area.og2.SBPS_PL_M,,25
172,feature.Area.og2.total,,25
172,feature.Area.unmanaged,,23
172,feature.Yield.unmanaged.Total,,245
173,feature.Area.managed,,2
173,feature.Area.og1.SBPS_PL_M,,16
173,feature.Area.og1.total,,16
173,feature.Area.og2.SBPS_PL_M,,1
173,feature.Area.og2.total,,1
173,feature.Yield.managed.Total,,246
174,feature.Area.og1.SBPS_PL_H,,55
174,feature.Area.og1.total,,55
174,feature.Area.og2.SBPS_PL_H,,1
174,feature.Area.og2.total,,1
174,feature.Area.unmanaged,,2
174,feature.Yield.unmanaged.Total,,248
175,feature.Area.managed,,2
175,feature.Area.og1.SBPS_PL_H,,55
175,feature.Area.og1.total,,55
175,feature.Area.og2.SBPS_PL_H,,1
175,feature.Area.og2.total,,1
175,feature.Yield.managed.Total,,249
176,feature.Area.managed,,2
176,feature.Area.og1.SBPS_PL_H,,55
176,feature.Area.og1.total,,55
176,feature.Area.og2.SBPS_PL_H,,1
176,feature.Area.og2.total,,1
176,feature.Yield.managed.Total,,249
177,feature.Area.og1.SBPS_PL_L,,92
177,feature.Area.og1.total,,92
177,feature.Area.og2.SBPS_PL_L,,1
177,feature.Area.og2.total,,1
177,feature.Area.unmanaged,,2
177,feature.Yield.unmanaged.Total,,165
178,feature.Area.managed,,23
178,feature.Area.og1.SBPS_PL_L,,123
178,feature.Area.og1.total,,123
178,feature.Area.og2.SBPS_PL_L,,25
178,feature.Area.og2.total,,25
178,feature.Yield.managed.Total,,251
179,feature.Area.managed,,23
179,feature.Area.og1.SBPS_PL_L,,123
179,feature.Area.og1.total,,123
179,feature.Area.og2.SBPS_PL_L,,25
179,feature.Area.og2.total,,25
179,feature.Yield.managed.Total,,251
180,feature.Area.og1.SBPS_SX_M,,253
180,feature.Area.og1.total,,253
180,feature.Area.og2.SBPS_SX_M,,25
180,feature.Area.og2.total,,25
180,feature.Area.unmanaged,,23
180,feature.Yield.unmanaged.Total,,254
181,feature.Area.managed,,23
181,feature.Area.og1.SBPS_SX_M,,253
181,feature.Area.og1.total,,253
181,feature.Area.og2.SBPS_SX_M,,25
181,feature.Area.og2.total,,25
181,feature.Yield.managed.Total,,255
182,feature.Area.og1.SBPS_PL_L,,92
182,feature.Area.og1.total,,92
182,feature.Area.og2.SBPS_PL_L,,1
182,feature.Area.og2.total,,1
182,feature.Area.unmanaged,,2
182,feature.Yield.unmanaged.Total,,258
183,feature.Area.og1.SBPS_SX_M,,259
183,feature.Area.og1.total,,259
183,feature.Area.og2.SBPS_SX_M,,1
183,feature.Area.og2.total,,1
183,feature.Area.unmanaged,,2
183,feature.Yield.unmanaged.Total,,260
184,feature.Area.managed,,2
184,feature.Area.og1.SBPS_SX_M,,259
184,feature.Area.og1.total,,259
184,feature.Area.og2.SBPS_SX_M,,1
184,feature.Area.og2.total,,1
184,feature.Yield.managed.Total,,261
185,feature.Area.og1.SBPS_SX_M,,259
185,feature.Area.og1.total,,259
185,feature.Area.og2.SBPS_SX_M,,1
185,feature.Area.og2.total,,1
185,feature.Area.unmanaged,,2
185,feature.Yield.unmanaged.Total,,264
186,feature.Area.og1.SBPS_PLI_M,,92
186,feature.Area.og1.total,,92
186,feature.Area.og2.SBPS_PLI_M,,1
186,feature.Area.og2.total,,1
186,feature.Area.unmanaged,,2
186,feature.Yield.unmanaged.Total,,265
187,feature.Area.og1.SBPS_PLI_H,,24
187,feature.Area.og1.total,,24
187,feature.Area.og2.SBPS_PLI_H,,25
187,feature.Area.og2.total,,25
187,feature.Area.unmanaged,,23
187,feature.Yield.unmanaged.Total,,266
188,feature.Area.og1.SBPS_SX_L,,216
188,feature.Area.og1.total,,216
188,feature.Area.og2.SBPS_SX_L,,1
188,feature.Area.og2.total,,1
188,feature.Area.unmanaged,,2
188,feature.Yield.unmanaged.Total,,217
189,feature.Area.og1.SBPS_SX_H,,21
189,feature.Area.og1.total,,21
189,feature.Area.og2.SBPS_SX_H,,1
189,feature.Area.og2.total,,1
189,feature.Area.unmanaged,,2
189,feature.Yield.unmanaged.Total,,267
190,feature.Area.og1.SBPS_SX_M,,259
190,feature.Area.og1.total,,259
190,feature.Area.og2.SBPS_SX_M,,1
190,feature.Area.og2.total,,1
190,feature.Area.unmanaged,,2
190,feature.Yield.unmanaged.Total,,264
191,feature.Area.og1.SBPS_PLI_L,,240
191,feature.Area.og1.total,,240
191,feature.Area.og2.SBPS_PLI_L,,1
191,feature.Area.og2.total,,1
191,feature.Area.unmanaged,,2
191,feature.Yield.unmanaged.Total,,241
192,feature.Area.og1.MS_PLI_H,,268
192,feature.Area.og1.total,,268
192,feature.Area.og2.MS_PLI_H,,1
192,feature.Area.og2.total,,1
192,feature.Area.unmanaged,,2
192,feature.Yield.unmanaged.Total,,269
193,feature.Area.managed,,2
193,feature.Area.og1.MS_PLI_H,,268
193,feature.Area.og1.total,,268
193,feature.Area.og2.MS_PLI_H,,1
193,feature.Area.og2.total,,1
193,feature.Yield.managed.Total,,270
194,feature.Area.og1.MS_PLI_H,,268
194,feature.Area.og1.total,,268
194,feature.Area.og2.MS_PLI_H,,1
194,feature.Area.og2.total,,1
194,feature.Area.unmanaged,,2
194,feature.Yield.unmanaged.Total,,272
195,feature.Area.managed,,23
195,feature.Area.og1.MS_PLI_H,,273
195,feature.Area.og1.total,,273
195,feature.Area.og2.MS_PLI_H,,25
195,feature.Area.og2.total,,25
195,feature.Yield.managed.Total,,274
196,feature.Area.og1.SBPS_PLI_H,,21
196,feature.Area.og1.total,,21
196,feature.Area.og2.SBPS_PLI_H,,1
196,feature.Area.og2.total,,1
196,feature.Area.unmanaged,,2
196,feature.Yield.unmanaged.Total,,276
197,feature.Area.managed,,2
197,feature.Area.og1.SBPS_PLI_H,,21
197,feature.Area.og1.total,,21
197,feature.Area.og2.SBPS_PLI_H,,1
197,feature.Area.og2.total,,1
197,feature.Yield.managed.Total,,277
198,feature.Area.og1.SBPS_SX_L,,216
198,feature.Area.og1.total,,216
198,feature.Area.og2.SBPS_SX_L,,1
198,feature.Area.og2.total,,1
198,feature.Area.unmanaged,,2
198,feature.Yield.unmanaged.Total,,279
199,feature.Area.managed,,2
199,feature.Area.og1.SBPS_SX_L,,216
199,feature.Area.og1.total,,216
199,feature.Area.og2.SBPS_SX_L,,1
199,feature.Area.og2.total,,1
199,feature.Yield.managed.Total,,280
200,feature.Area.managed,,2
200,feature.Area.og1.SBPS_SX_L,,216
200,feature.Area.og1.total,,216
200,feature.Area.og2.SBPS_SX_L,,1
200,feature.Area.og2.total,,1
200,feature.Yield.managed.Total,,280
201,feature.Area.og1.MS_PL_L,,282
201,feature.Area.og1.total,,282
201,feature.Area.og2.MS_PL_L,,1
201,feature.Area.og2.total,,1
201,feature.Area.unmanaged,,2
201,feature.Yield.unmanaged.Total,,283
202,feature.Area.og1.MS_PLI_L,,284
202,feature.Area.og1.total,,284
202,feature.Area.og2.MS_PLI_L,,1
202,feature.Area.og2.total,,1
202,feature.Area.unmanaged,,2
202,feature.Yield.unmanaged.Total,,285
203,feature.Area.managed,,2
203,feature.Area.og1.MS_PLI_L,,284
203,feature.Area.og1.total,,284
203,feature.Area.og2.MS_PLI_L,,1
203,feature.Area.og2.total,,1
203,feature.Yield.managed.Total,,286
204,feature.Area.managed,,2
204,feature.Area.og1.MS_PLI_L,,284
204,feature.Area.og1.total,,284
204,feature.Area.og2.MS_PLI_L,,1
204,feature.Area.og2.total,,1
204,feature.Yield.managed.Total,,286
205,feature.Area.og1.MS_PL_M,,288
205,feature.Area.og1.total,,288
205,feature.Area.og2.MS_PL_M,,25
205,feature.Area.og2.total,,25
205,feature.Area.unmanaged,,23
205,feature.Yield.unmanaged.Total,,289
206,feature.Area.managed,,2
206,feature.Area.og1.MS_PL_M,,290
206,feature.Area.og1.total,,290
206,feature.Area.og2.MS_PL_M,,1
206,feature.Area.og2.total,,1
206,feature.Yield.managed.Total,,291
207,feature.Area.managed,,2
207,feature.Area.og1.MS_PL_M,,290
207,feature.Area.og1.total,,290
207,feature.Area.og2.MS_PL_M,,1
207,feature.Area.og2.total,,1
207,feature.Yield.managed.Total,,291
208,feature.Area.og1.SBPS_SX_M,,259
208,feature.Area.og1.total,,259
208,feature.Area.og2.SBPS_SX_M,,1
208,feature.Area.og2.total,,1
208,feature.Area.unmanaged,,2
208,feature.Yield.unmanaged.Total,,293
209,feature.Area.managed,,2
209,feature.Area.og1.SBPS_SX_M,,259
209,feature.Area.og1.total,,259
209,feature.Area.og2.SBPS_SX_M,,1
209,feature.Area.og2.total,,1
209,feature.Yield.managed.Total,,294
210,feature.Area.managed,,2
210,feature.Area.og1.SBPS_SX_M,,259
210,feature.Area.og1.total,,259
210,feature.Area.og2.SBPS_SX_M,,1
210,feature.Area.og2.total,,1
210,feature.Yield.managed.Total,,294
211,feature.Area.og1.SBPS_PL_L,,92
211,feature.Area.og1.total,,92
211,feature.Area.og2.SBPS_PL_L,,1
211,feature.Area.og2.total,,1
211,feature.Area.unmanaged,,2
211,feature.Yield.unmanaged.Total,,295
212,feature.Area.og1.ESSF_BL_L,,296
212,feature.Area.og1.total,,296
212,feature.Area.og2.ESSF_BL_L,,1
212,feature.Area.og2.total,,1
212,feature.Area.unmanaged,,2
212,feature.Yield.unmanaged.Total,,297
213,feature.Area.managed,,2
213,feature.Area.og1.ESSF_BL_L,,296
213,feature.Area.og1.total,,296
213,feature.Area.og2.ESSF_BL_L,,1
213,feature.Area.og2.total,,1
213,feature.Yield.managed.Total,,298
214,feature.Area.og1.ESSF_SE_H,,301
214,feature.Area.og1.total,,301
214,feature.Area.og2.ESSF_SE_H,,1
214,feature.Area.og2.total,,1
214,feature.Area.unmanaged,,2
214,feature.Yield.unmanaged.Total,,302
215,feature.Area.managed,,2
215,feature.Area.og1.ESSF_SE_H,,301
215,feature.Area.og1.total,,301
215,feature.Area.og2.ESSF_SE_H,,1
215,feature.Area.og2.total,,1
215,feature.Yield.managed.Total,,303
216,feature.Area.managed,,2
216,feature.Area.og1.ESSF_SE_H,,301
216,feature.Area.og1.total,,301
216,feature.Area.og2.ESSF_SE_H,,1
216,feature.Area.og2.total,,1
216,feature.Yield.managed.Total,,303
217,feature.Area.og1.ESSF_PLI_H,,305
217,feature.Area.og1.total,,305
217,feature.Area.og2.ESSF_PLI_H,,1
217,feature.Area.og2.total,,1
217,feature.Area.unmanaged,,2
217,feature.Yield.unmanaged.Total,,306
218,feature.Area.managed,,2
218,feature.Area.og1.ESSF_PLI_H,,305
218,feature.Area.og1.total,,305
218,feature.Area.og2.ESSF_PLI_H,,1
218,feature.Area.og2.total,,1
218,feature.Yield.managed.Total,,307
219,feature.Area.managed,,2
219,feature.Area.og1.ESSF_PLI_H,,305
219,feature.Area.og1.total,,305
219,feature.Area.og2.ESSF_PLI_H,,1
219,feature.Area.og2.total,,1
219,feature.Yield.managed.Total,,307
220,feature.Area.og1.ESSF_SE_L,,309
220,feature.Area.og1.total,,309
220,feature.Area.og2.ESSF_SE_L,,1
220,feature.Area.og2.total,,1
220,feature.Area.unmanaged,,2
220,feature.Yield.unmanaged.Total,,310
221,feature.Area.managed,,2
221,feature.Area.og1.ESSF_SE_L,,309
221,feature.Area.og1.total,,309
221,feature.Area.og2.ESSF_SE_L,,1
221,feature.Area.og2.total,,1
221,feature.Yield.managed.Total,,311
222,feature.Area.managed,,2
222,feature.Area.og1.ESSF_SE_L,,309
222,feature.Area.og1.total,,309
222,feature.Area.og2.ESSF_SE_L,,1
222,feature.Area.og2.total,,1
222,feature.Yield.managed.Total,,311
223,feature.Area.og1.SBPS_SX_M,,259
223,feature.Area.og1.total,,259
223,feature.Area.og2.SBPS_SX_M,,1
223,feature.Area.og2.total,,1
223,feature.Area.unmanaged,,2
223,feature.Yield.unmanaged.Total,,314
224,feature.Area.og1.MS_PLI_M,,290
224,feature.Area.og1.total,,290
224,feature.Area.og2.MS_PLI_M,,1
224,feature.Area.og2.total,,1
224,feature.Area.unmanaged,,2
224,feature.Yield.unmanaged.Total,,315
225,feature.Area.managed,,2
225,feature.Area.og1.MS_PLI_M,,290
225,feature.Area.og1.total,,290
225,feature.Area.og2.MS_PLI_M,,1
225,feature.Area.og2.total,,1
225,feature.Yield.managed.Total,,316
226,feature.Area.managed,,2
226,feature.Area.og1.MS_PLI_M,,290
226,feature.Area.og1.total,,290
226,feature.Area.og2.MS_PLI_M,,1
226,feature.Area.og2.total,,1
226,feature.Yield.managed.Total,,316
227,feature.Area.og1.ESSF_PLI_M,,318
227,feature.Area.og1.total,,318
227,feature.Area.og2.ESSF_PLI_M,,1
227,feature.Area.og2.total,,1
227,feature.Area.unmanaged,,2
227,feature.Yield.unmanaged.Total,,319
228,feature.Area.managed,,2
228,feature.Area.og1.ESSF_PLI_M,,318
228,feature.Area.og1.total,,318
228,feature.Area.og2.ESSF_PLI_M,,1
228,feature.Area.og2.total,,1
228,feature.Yield.managed.Total,,320
229,feature.Area.managed,,2
229,feature.Area.og1.ESSF_PLI_M,,318
229,feature.Area.og1.total,,318
229,feature.Area.og2.ESSF_PLI_M,,1
229,feature.Area.og2.total,,1
229,feature.Yield.managed.Total,,320
230,feature.Area.og1.ESSF_PL_H,,322
230,feature.Area.og1.total,,322
230,feature.Area.og2.ESSF_PL_H,,1
230,feature.Area.og2.total,,1
230,feature.Area.unmanaged,,2
230,feature.Yield.unmanaged.Total,,323
231,feature.Area.managed,,2
231,feature.Area.og1.ESSF_PL_H,,322
231,feature.Area.og1.total,,322
231,feature.Area.og2.ESSF_PL_H,,1
231,feature.Area.og2.total,,1
231,feature.Yield.managed.Total,,324
232,feature.Area.managed,,2
232,feature.Area.og1.ESSF_PL_H,,322
232,feature.Area.og1.total,,322
232,feature.Area.og2.ESSF_PL_H,,1
232,feature.Area.og2.total,,1
232,feature.Yield.managed.Total,,324
233,feature.Area.og1.SBPS_SX_L,,216
233,feature.Area.og1.total,,216
233,feature.Area.og2.SBPS_SX_L,,1
233,feature.Area.og2.total,,1
233,feature.Area.unmanaged,,2
233,feature.Yield.unmanaged.Total,,326
234,feature.Area.og1.MS_PL_L,,282
234,feature.Area.og1.total,,282
234,feature.Area.og2.MS_PL_L,,1
234,feature.Area.og2.total,,1
234,feature.Area.unmanaged,,2
234,feature.Yield.unmanaged.Total,,327
235,feature.Area.og1.MS_PL_M,,290
235,feature.Area.og1.total,,290
235,feature.Area.og2.MS_PL_M,,1
235,feature.Area.og2.total,,1
235,feature.Area.unmanaged,,2
235,feature.Yield.unmanaged.Total,,328
236,feature.Area.og1.ESSF_PL_M,,329
236,feature.Area.og1.total,,329
236,feature.Area.og2.ESSF_PL_M,,1
236,feature.Area.og2.total,,1
236,feature.Area.unmanaged,,2
236,feature.Yield.unmanaged.Total,,330
237,feature.Area.managed,,2
237,feature.Area.og1.ESSF_PL_M,,329
237,feature.Area.og1.total,,329
237,feature.Area.og2.ESSF_PL_M,,1
237,feature.Area.og2.total,,1
237,feature.Yield.managed.Total,,331
238,feature.Area.managed,,2
238,feature.Area.og1.ESSF_PL_M,,329
238,feature.Area.og1.total,,329
238,feature.Area.og2.ESSF_PL_M,,1
238,feature.Area.og2.total,,1
238,feature.Yield.managed.Total,,331
239,feature.Area.og1.ESSF_SE_M,,333
239,feature.Area.og1.total,,333
239,feature.Area.og2.ESSF_SE_M,,1
239,feature.Area.og2.total,,1
239,feature.Area.unmanaged,,2
239,feature.Yield.unmanaged.Total,,334
240,feature.Area.managed,,2
240,feature.Area.og1.ESSF_SE_M,,333
240,feature.Area.og1.total,,333
240,feature.Area.og2.ESSF_SE_M,,1
240,feature.Area.og2.total,,1
240,feature.Yield.managed.Total,,335
241,feature.Area.managed,,2
241,feature.Area.og1.ESSF_SE_M,,333
241,feature.Area.og1.total,,333
241,feature.Area.og2.ESSF_SE_M,,1
241,feature.Area.og2.total,,1
241,feature.Yield.managed.Total,,335
242,feature.Area.og1.ESSF_PLI_L,,337
242,feature.Area.og1.total,,337
242,feature.Area.og2.ESSF_PLI_L,,1
242,feature.Area.og2.total,,1
242,feature.Area.unmanaged,,2
242,feature.Yield.unmanaged.Total,,338
243,feature.Area.og1.SBPS_PLI_L,,194
243,feature.Area.og1.total,,194
243,feature.Area.og2.SBPS_PLI_L,,25
243,feature.Area.og2.total,,25
243,feature.Area.unmanaged,,23
243,feature.Yield.unmanaged.Total,,339
244,feature.Area.managed,,2
244,feature.Area.og1.SBPS_PLI_L,,240
244,feature.Area.og1.total,,240
244,feature.Area.og2.SBPS_PLI_L,,1
244,feature.Area.og2.total,,1
244,feature.Yield.managed.Total,,340
245,feature.Area.og1.ESSF_PLI_H,,305
245,feature.Area.og1.total,,305
245,feature.Area.og2.ESSF_PLI_H,,1
245,feature.Area.og2.total,,1
245,feature.Area.unmanaged,,2
245,feature.Yield.unmanaged.Total,,342
246,feature.Area.og1.ESSF_PLI_M,,318
246,feature.Area.og1.total,,318
246,feature.Area.og2.ESSF_PLI_M,,1
246,feature.Area.og2.total,,1
246,feature.Area.unmanaged,,2
246,feature.Yield.unmanaged.Total,,343
247,feature.Area.og1.MS_PLI_L,,344
247,feature.Area.og1.total,,344
247,feature.Area.og2.MS_PLI_L,,25
247,feature.Area.og2.total,,25
247,feature.Area.unmanaged,,23
247,feature.Yield.unmanaged.Total,,345
248,feature.Area.og1.ESSF_SE_M,,333
248,feature.Area.og1.total,,333
248,feature.Area.og2.ESSF_SE_M,,1
248,feature.Area.og2.total,,1
248,feature.Area.unmanaged,,2
248,feature.Yield.unmanaged.Total,,346
249,feature.Area.og1.ESSF_BL_L,,347
249,feature.Area.og1.total,,347
249,feature.Area.og2.ESSF_BL_L,,25
249,feature.Area.og2.total,,25
249,feature.Area.unmanaged,,23
249,feature.Yield.unmanaged.Total,,348
250,feature.Area.managed,,2
250,feature.Area.og1.ESSF_BL_L,,296
250,feature.Area.og1.total,,296
250,feature.Area.og2.ESSF_BL_L,,1
250,feature.Area.og2.total,,1
250,feature.Yield.managed.Total,,349
251,feature.Area.og1.MS_PLI_M,,290
251,feature.Area.og1.total,,290
251,feature.Area.og2.MS_PLI_M,,1
251,feature.Area.og2.total,,1
251,feature.Area.unmanaged,,2
251,feature.Yield.unmanaged.Total,,350
252,feature.Area.og1.ESSF_SE_H,,301
252,feature.Area.og1.total,,301
252,feature.Area.og2.ESSF_SE_H,,1
252,feature.Area.og2.total,,1
252,feature.Area.unmanaged,,2
252,feature.Yield.unmanaged.Total,,351
253,feature.Area.og1.ESSF_PLI_M,,318
253,feature.Area.og1.total,,318
253,feature.Area.og2.ESSF_PLI_M,,1
253,feature.Area.og2.total,,1
253,feature.Area.unmanaged,,2
253,feature.Yield.unmanaged.Total,,319
254,feature.Area.og1.MS_PLI_L,,284
254,feature.Area.og1.total,,284
254,feature.Area.og2.MS_PLI_L,,1
254,feature.Area.og2.total,,1
254,feature.Area.unmanaged,,2
254,feature.Yield.unmanaged.Total,,352
255,feature.Area.og1.MS_PL_M,,290
255,feature.Area.og1.total,,290
255,feature.Area.og2.MS_PL_M,,1
255,feature.Area.og2.total,,1
255,feature.Area.unmanaged,,2
255,feature.Yield.unmanaged.Total,,353
256,feature.Area.og1.MS_PLI_H,,273
256,feature.Area.og1.total,,273
256,feature.Area.og2.MS_PLI_H,,25
256,feature.Area.og2.total,,25
256,feature.Area.unmanaged,,23
256,feature.Yield.unmanaged.Total,,354
257,feature.Area.og1.ESSF_SE_L,,355
257,feature.Area.og1.total,,355
257,feature.Area.og2.ESSF_SE_L,,25
257,feature.Area.og2.total,,25
257,feature.Area.unmanaged,,23
257,feature.Yield.unmanaged.Total,,356
258,feature.Area.og1.ESSF_PLI_H,,305
258,feature.Area.og1.total,,305
258,feature.Area.og2.ESSF_PLI_H,,1
258,feature.Area.og2.total,,1
258,feature.Area.unmanaged,,2
258,feature.Yield.unmanaged.Total,,357
259,feature.Area.og1.ESSF_SE_H,,301
259,feature.Area.og1.total,,301
259,feature.Area.og2.ESSF_SE_H,,1
259,feature.Area.og2.total,,1
259,feature.Area.unmanaged,,2
259,feature.Yield.unmanaged.Total,,358
260,feature.Area.og1.ESSF_PLI_H,,305
260,feature.Area.og1.total,,305
260,feature.Area.og2.ESSF_PLI_H,,1
260,feature.Area.og2.total,,1
260,feature.Area.unmanaged,,2
260,feature.Yield.unmanaged.Total,,359
261,feature.Area.og1.MS_PLI_M,,290
261,feature.Area.og1.total,,290
261,feature.Area.og2.MS_PLI_M,,1
261,feature.Area.og2.total,,1
261,feature.Area.unmanaged,,2
261,feature.Yield.unmanaged.Total,,360
262,feature.Area.og1.MS_PLI_H,,268
262,feature.Area.og1.total,,268
262,feature.Area.og2.MS_PLI_H,,1
262,feature.Area.og2.total,,1
262,feature.Area.unmanaged,,2
262,feature.Yield.unmanaged.Total,,272
263,feature.Area.og1.ESSF_PL_M,,329
263,feature.Area.og1.total,,329
263,feature.Area.og2.ESSF_PL_M,,1
263,feature.Area.og2.total,,1
263,feature.Area.unmanaged,,2
263,feature.Yield.unmanaged.Total,,361
264,feature.Area.og1.ESSF_PL_H,,322
264,feature.Area.og1.total,,322
264,feature.Area.og2.ESSF_PL_H,,1
264,feature.Area.og2.total,,1
264,feature.Area.unmanaged,,2
264,feature.Yield.unmanaged.Total,,362
265,feature.Area.og1.ESSF_PLI_M,,318
265,feature.Area.og1.total,,318
265,feature.Area.og2.ESSF_PLI_M,,1
265,feature.Area.og2.total,,1
265,feature.Area.unmanaged,,2
265,feature.Yield.unmanaged.Total,,319
266,feature.Area.og1.ESSF_BL_L,,296
266,feature.Area.og1.total,,296
266,feature.Area.og2.ESSF_BL_L,,1
266,feature.Area.og2.total,,1
266,feature.Area.unmanaged,,2
266,feature.Yield.unmanaged.Total,,363
267,feature.Area.og1.ESSF_BL_H,,364
267,feature.Area.og1.total,,364
267,feature.Area.og2.ESSF_BL_H,,1
267,feature.Area.og2.total,,1
267,feature.Area.unmanaged,,2
267,feature.Yield.unmanaged.Total,,365
268,feature.Area.managed,,23
268,feature.Area.og1.ESSF_BL_H,,366
268,feature.Area.og1.total,,366
268,feature.Area.og2.ESSF_BL_H,,25
268,feature.Area.og2.total,,25
268,feature.Yield.managed.Total,,367
269,feature.Area.og1.IDF_PLI_H,,0
269,feature.Area.og1.total,,0
269,feature.Area.og2.IDF_PLI_H,,1
269,feature.Area.og2.total,,1
269,feature.Area.unmanaged,,2
269,feature.Yield.unmanaged.Total,,370
270,feature.Area.og1.MS_PL_M,,290
270,feature.Area.og1.total,,290
270,feature.Area.og2.MS_PL_M,,1
270,feature.Area.og2.total,,1
270,feature.Area.unmanaged,,2
270,feature.Yield.unmanaged.Total,,371
271,feature.Area.og1.ESSF_BL_L,,296
271,feature.Area.og1.total,,296
271,feature.Area.og2.ESSF_BL_L,,1
271,feature.Area.og2.total,,1
271,feature.Area.unmanaged,,2
271,feature.Yield.unmanaged.Total,,372
272,feature.Area.og1.SBPS_PL_L,,92
272,feature.Area.og1.total,,92
272,feature.Area.og2.SBPS_PL_L,,1
272,feature.Area.og2.total,,1
272,feature.Area.unmanaged,,2
272,feature.Yield.unmanaged.Total,,373
273,feature.Area.og1.ESSF_SE_H,,301
273,feature.Area.og1.total,,301
273,feature.Area.og2.ESSF_SE_H,,1
273,feature.Area.og2.total,,1
273,feature.Area.unmanaged,,2
273,feature.Yield.unmanaged.Total,,374
274,feature.Area.og1.ESSF_BL_H,,366
274,feature.Area.og1.total,,366
274,feature.Area.og2.ESSF_BL_H,,25
274,feature.Area.og2.total,,25
274,feature.Area.unmanaged,,23
274,feature.Yield.unmanaged.Total,,375
275,feature.Area.og1.SBS_SX_M,,376
275,feature.Area.og1.total,,376
275,feature.Area.og2.SBS_SX_M,,1
275,feature.Area.og2.total,,1
275,feature.Area.unmanaged,,2
275,feature.Yield.unmanaged.Total,,377
276,feature.Area.og1.SBS_FDI_M,,378
276,feature.Area.og1.total,,378
276,feature.Area.og2.SBS_FDI_M,,1
276,feature.Area.og2.total,,1
276,feature.Area.unmanaged,,2
276,feature.Yield.unmanaged.Total,,379
277,feature.Area.managed,,2
277,feature.Area.og1.SBS_FDI_M,,378
277,feature.Area.og1.total,,378
277,feature.Area.og2.SBS_FDI_M,,1
277,feature.Area.og2.total,,1
277,feature.Yield.managed.Total,,380
278,feature.Area.managed,,2
278,feature.Area.og1.SBS_FDI_M,,378
278,feature.Area.og1.total,,378
278,feature.Area.og2.SBS_FDI_M,,1
278,feature.Area.og2.total,,1
278,feature.Yield.managed.Total,,380
279,feature.Area.og1.SBS_SX_M,,376
279,feature.Area.og1.total,,376
279,feature.Area.og2.SBS_SX_M,,1
279,feature.Area.og2.total,,1
279,feature.Area.unmanaged,,2
279,feature.Yield.unmanaged.Total,,377
280,feature.Area.managed,,2
280,feature.Area.og1.SBS_SX_M,,376
280,feature.Area.og1.total,,376
280,feature.Area.og2.SBS_SX_M,,1
280,feature.Area.og2.total,,1
280,feature.Yield.managed.Total,,383
281,feature.Area.og1.SBS_FDI_M,,378
281,feature.Area.og1.total,,378
281,feature.Area.og2.SBS_FDI_M,,1
281,feature.Area.og2.total,,1
281,feature.Area.unmanaged,,2
281,feature.Yield.unmanaged.Total,,385
282,feature.Area.og1.SBPS_PL_H,,53
282,feature.Area.og1.total,,53
282,feature.Area.og2.SBPS_PL_H,,25
282,feature.Area.og2.total,,25
282,feature.Area.unmanaged,,23
282,feature.Yield.unmanaged.Total,,386
283,feature.Area.og1.IDF_PL_H,,12
283,feature.Area.og1.total,,12
283,feature.Area.og2.IDF_PL_H,,1
283,feature.Area.og2.total,,1
283,feature.Area.unmanaged,,2
283,feature.Yield.unmanaged.Total,,387
284,feature.Area.managed,,2
284,feature.Area.og1.IDF_PL_H,,12
284,feature.Area.og1.total,,12
284,feature.Area.og2.IDF_PL_H,,1
284,feature.Area.og2.total,,1
284,feature.Yield.managed.Total,,388
285,feature.Area.managed,,2
285,feature.Area.og1.IDF_PL_H,,12
285,feature.Area.og1.total,,12
285,feature.Area.og2.IDF_PL_H,,1
285,feature.Area.og2.total,,1
285,feature.Yield.managed.Total,,388
286,feature.Area.og1.IDF_PLI_H,,0
286,feature.Area.og1.total,,0
286,feature.Area.og2.IDF_PLI_H,,1
286,feature.Area.og2.total,,1
286,feature.Area.unmanaged,,2
286,feature.Yield.unmanaged.Total,,390
287,feature.Area.managed,,2
287,feature.Area.og1.IDF_PLI_H,,0
287,feature.Area.og1.total,,0
287,feature.Area.og2.IDF_PLI_H,,1
287,feature.Area.og2.total,,1
287,feature.Yield.managed.Total,,391
288,feature.Area.og1.SBPS_SX_L,,216
288,feature.Area.og1.total,,216
288,feature.Area.og2.SBPS_SX_L,,1
288,feature.Area.og2.total,,1
288,feature.Area.unmanaged,,2
288,feature.Yield.unmanaged.Total,,393
289,feature.Area.og1.SBPS_SX_L,,216
289,feature.Area.og1.total,,216
289,feature.Area.og2.SBPS_SX_L,,1
289,feature.Area.og2.total,,1
289,feature.Area.unmanaged,,2
289,feature.Yield.unmanaged.Total,,394
290,feature.Area.og1.ICH_SX_M,,395
290,feature.Area.og1.total,,395
290,feature.Area.og2.ICH_SX_M,,1
290,feature.Area.og2.total,,1
290,feature.Area.unmanaged,,2
290,feature.Yield.unmanaged.Total,,396
291,feature.Area.managed,,2
291,feature.Area.og1.ICH_SX_M,,395
291,feature.Area.og1.total,,395
291,feature.Area.og2.ICH_SX_M,,1
291,feature.Area.og2.total,,1
291,feature.Yield.managed.Total,,397
292,feature.Area.managed,,2
292,feature.Area.og1.ICH_SX_M,,395
292,feature.Area.og1.total,,395
292,feature.Area.og2.ICH_SX_M,,1
292,feature.Area.og2.total,,1
292,feature.Yield.managed.Total,,397
293,feature.Area.og1.ICH_SX_L,,59
293,feature.Area.og1.total,,59
293,feature.Area.og2.ICH_SX_L,,1
293,feature.Area.og2.total,,1
293,feature.Area.unmanaged,,2
293,feature.Yield.unmanaged.Total,,400
294,feature.Area.managed,,2
294,feature.Area.og1.ICH_SX_L,,59
294,feature.Area.og1.total,,59
294,feature.Area.og2.ICH_SX_L,,1
294,feature.Area.og2.total,,1
294,feature.Yield.managed.Total,,401
295,feature.Area.managed,,2
295,feature.Area.og1.ICH_SX_L,,59
295,feature.Area.og1.total,,59
295,feature.Area.og2.ICH_SX_L,,1
295,feature.Area.og2.total,,1
295,feature.Yield.managed.Total,,401
296,feature.Area.og1.ICH_SX_H,,403
296,feature.Area.og1.total,,403
296,feature.Area.og2.ICH_SX_H,,1
296,feature.Area.og2.total,,1
296,feature.Area.unmanaged,,2
296,feature.Yield.unmanaged.Total,,404
297,feature.Area.managed,,2
297,feature.Area.og1.ICH_SX_H,,403
297,feature.Area.og1.total,,403
297,feature.Area.og2.ICH_SX_H,,1
297,feature.Area.og2.total,,1
297,feature.Yield.managed.Total,,405
298,feature.Area.og1.ESSF_BL_M,,59
298,feature.Area.og1.total,,59
298,feature.Area.og2.ESSF_BL_M,,1
298,feature.Area.og2.total,,1
298,feature.Area.unmanaged,,2
298,feature.Yield.unmanaged.Total,,408
299,feature.Area.managed,,2
299,feature.Area.og1.ESSF_BL_M,,59
299,feature.Area.og1.total,,59
299,feature.Area.og2.ESSF_BL_M,,1
299,feature.Area.og2.total,,1
299,feature.Yield.managed.Total,,409
300,feature.Area.managed,,2
300,feature.Area.og1.ESSF_BL_M,,59
300,feature.Area.og1.total,,59
300,feature.Area.og2.ESSF_BL_M,,1
300,feature.Area.og2.total,,1
300,feature.Yield.managed.Total,,409
301,feature.Area.og1.ESSF_BL_H,,364
301,feature.Area.og1.total,,364
301,feature.Area.og2.ESSF_BL_H,,1
301,feature.Area.og2.total,,1
301,feature.Area.unmanaged,,2
301,feature.Yield.unmanaged.Total,,411
302,feature.Area.managed,,2
302,feature.Area.og1.ESSF_BL_H,,364
302,feature.Area.og1.total,,364
302,feature.Area.og2.ESSF_BL_H,,1
302,feature.Area.og2.total,,1
302,feature.Yield.managed.Total,,412
303,feature.Area.og1.ICH_SX_M,,414
303,feature.Area.og1.total,,414
303,feature.Area.og2.ICH_SX_M,,25
303,feature.Area.og2.total,,25
303,feature.Area.unmanaged,,23
303,feature.Yield.unmanaged.Total,,415
304,feature.Area.og1.ESSF_BL_H,,364
304,feature.Area.og1.total,,364
304,feature.Area.og2.ESSF_BL_H,,1
304,feature.Area.og2.total,,1
304,feature.Area.unmanaged,,2
304,feature.Yield.unmanaged.Total,,416
305,feature.Area.og1.ICH_SX_H,,403
305,feature.Area.og1.total,,403
305,feature.Area.og2.ICH_SX_H,,1
305,feature.Area.og2.total,,1
305,feature.Area.unmanaged,,2
305,feature.Yield.unmanaged.Total,,404
306,feature.Area.managed,,2
306,feature.Area.og1.ICH_SX_H,,403
306,feature.Area.og1.total,,403
306,feature.Area.og2.ICH_SX_H,,1
306,feature.Area.og2.total,,1
306,feature.Yield.managed.Total,,417
307,feature.Area.og1.ICH_FD_L,,419
307,feature.Area.og1.total,,419
307,feature.Area.og2.ICH_FD_L,,1
307,feature.Area.og2.total,,1
307,feature.Area.unmanaged,,2
307,feature.Yield.unmanaged.Total,,420
308,feature.Area.managed,,2
308,feature.Area.og1.ICH_FD_L,,419
308,feature.Area.og1.total,,419
308,feature.Area.og2.ICH_FD_L,,1
308,feature.Area.og2.total,,1
308,feature.Yield.managed.Total,,421
309,feature.Area.managed,,2
309,feature.Area.og1.ICH_FD_L,,419
309,feature.Area.og1.total,,419
309,feature.Area.og2.ICH_FD_L,,1
309,feature.Area.og2.total,,1
309,feature.Yield.managed.Total,,421
310,feature.Area.og1.ICH_SX_L,,157
310,feature.Area.og1.total,,157
310,feature.Area.og2.ICH_SX_L,,25
310,feature.Area.og2.total,,25
310,feature.Area.unmanaged,,23
310,feature.Yield.unmanaged.Total,,423
311,feature.Area.og1.ICH_SX_M,,395
311,feature.Area.og1.total,,395
311,feature.Area.og2.ICH_SX_M,,1
311,feature.Area.og2.total,,1
311,feature.Area.unmanaged,,2
311,feature.Yield.unmanaged.Total,,424
312,feature.Area.og1.ICH_SX_L,,59
312,feature.Area.og1.total,,59
312,feature.Area.og2.ICH_SX_L,,1
312,feature.Area.og2.total,,1
312,feature.Area.unmanaged,,2
312,feature.Yield.unmanaged.Total,,425
313,feature.Area.og1.ICH_CW_H,,426
313,feature.Area.og1.total,,426
313,feature.Area.og2.ICH_CW_H,,1
313,feature.Area.og2.total,,1
313,feature.Area.unmanaged,,2
313,feature.Yield.unmanaged.Total,,427
314,feature.Area.managed,,2
314,feature.Area.og1.ICH_CW_H,,426
314,feature.Area.og1.total,,426
314,feature.Area.og2.ICH_CW_H,,1
314,feature.Area.og2.total,,1
314,feature.Yield.managed.Total,,428
315,feature.Area.og1.ICH_SX_H,,403
315,feature.Area.og1.total,,403
315,feature.Area.og2.ICH_SX_H,,1
315,feature.Area.og2.total,,1
315,feature.Area.unmanaged,,2
315,feature.Yield.unmanaged.Total,,430
316,feature.Area.og1.ICH_CW_M,,431
316,feature.Area.og1.total,,431
316,feature.Area.og2.ICH_CW_M,,1
316,feature.Area.og2.total,,1
316,feature.Area.unmanaged,,2
316,feature.Yield.unmanaged.Total,,432
317,feature.Area.managed,,2
317,feature.Area.og1.ICH_CW_M,,431
317,feature.Area.og1.total,,431
317,feature.Area.og2.ICH_CW_M,,1
317,feature.Area.og2.total,,1
317,feature.Yield.managed.Total,,433
318,feature.Area.managed,,2
318,feature.Area.og1.ICH_CW_M,,431
318,feature.Area.og1.total,,431
318,feature.Area.og2.ICH_CW_M,,1
318,feature.Area.og2.total,,1
318,feature.Yield.managed.Total,,433
319,feature.Area.og1.ICH_CW_L,,435
319,feature.Area.og1.total,,435
319,feature.Area.og2.ICH_CW_L,,1
319,feature.Area.og2.total,,1
319,feature.Area.unmanaged,,2
319,feature.Yield.unmanaged.Total,,436
320,feature.Area.managed,,2
320,feature.Area.og1.ICH_CW_L,,435
320,feature.Area.og1.total,,435
320,feature.Area.og2.ICH_CW_L,,1
320,feature.Area.og2.total,,1
320,feature.Yield.managed.Total,,437
321,feature.Area.managed,,2
321,feature.Area.og1.ICH_CW_L,,435
321,feature.Area.og1.total,,435
321,feature.Area.og2.ICH_CW_L,,1
321,feature.Area.og2.total,,1
321,feature.Yield.managed.Total,,437
322,feature.Area.og1.ESSF_PL_H,,322
322,feature.Area.og1.total,,322
322,feature.Area.og2.ESSF_PL_H,,1
322,feature.Area.og2.total,,1
322,feature.Area.unmanaged,,2
322,feature.Yield.unmanaged.Total,,440
323,feature.Area.og1.ESSF_BL_M,,59
323,feature.Area.og1.total,,59
323,feature.Area.og2.ESSF_BL_M,,1
323,feature.Area.og2.total,,1
323,feature.Area.unmanaged,,2
323,feature.Yield.unmanaged.Total,,441
324,feature.Area.og1.ICH_FD_M,,378
324,feature.Area.og1.total,,378
324,feature.Area.og2.ICH_FD_M,,1
324,feature.Area.og2.total,,1
324,feature.Area.unmanaged,,2
324,feature.Yield.unmanaged.Total,,442
325,feature.Area.managed,,2
325,feature.Area.og1.ICH_FD_M,,378
325,feature.Area.og1.total,,378
325,feature.Area.og2.ICH_FD_M,,1
325,feature.Area.og2.total,,1
325,feature.Yield.managed.Total,,443
326,feature.Area.managed,,2
326,feature.Area.og1.ICH_FD_M,,378
326,feature.Area.og1.total,,378
326,feature.Area.og2.ICH_FD_M,,1
326,feature.Area.og2.total,,1
326,feature.Yield.managed.Total,,443
327,feature.Area.og1.ICH_CW_L,,435
327,feature.Area.og1.total,,435
327,feature.Area.og2.ICH_CW_L,,1
327,feature.Area.og2.total,,1
327,feature.Area.unmanaged,,2
327,feature.Yield.unmanaged.Total,,436
328,feature.Area.og1.ICH_FD_H,,445
328,feature.Area.og1.total,,445
328,feature.Area.og2.ICH_FD_H,,1
328,feature.Area.og2.total,,1
328,feature.Area.unmanaged,,2
328,feature.Yield.unmanaged.Total,,446
329,feature.Area.managed,,2
329,feature.Area.og1.ICH_FD_H,,445
329,feature.Area.og1.total,,445
329,feature.Area.og2.ICH_FD_H,,1
329,feature.Area.og2.total,,1
329,feature.Yield.managed.Total,,447
330,feature.Area.managed,,2
330,feature.Area.og1.ICH_FD_H,,445
330,feature.Area.og1.total,,445
330,feature.Area.og2.ICH_FD_H,,1
330,feature.Area.og2.total,,1
330,feature.Yield.managed.Total,,447
331,feature.Area.og1.ICH_CW_H,,426
331,feature.Area.og1.total,,426
331,feature.Area.og2.ICH_CW_H,,1
331,feature.Area.og2.total,,1
331,feature.Area.unmanaged,,2
331,feature.Yield.unmanaged.Total,,449
332,feature.Area.og1.ICH_CW_H,,426
332,feature.Area.og1.total,,426
332,feature.Area.og2.ICH_CW_H,,1
332,feature.Area.og2.total,,1
332,feature.Area.unmanaged,,2
332,feature.Yield.unmanaged.Total,,450
333,feature.Area.managed,,2
333,feature.Area.og1.ICH_CW_H,,426
333,feature.Area.og1.total,,426
333,feature.Area.og2.ICH_CW_H,,1
333,feature.Area.og2.total,,1
333,feature.Yield.managed.Total,,451
334,feature.Area.og1.ESSF_SE_M,,453
334,feature.Area.og1.total,,453
334,feature.Area.og2.ESSF_SE_M,,25
334,feature.Area.og2.total,,25
334,feature.Area.unmanaged,,23
334,feature.Yield.unmanaged.Total,,454
335,feature.Area.og1.ESSF_SE_M,,333
335,feature.Area.og1.total,,333
335,feature.Area.og2.ESSF_SE_M,,1
335,feature.Area.og2.total,,1
335,feature.Area.unmanaged,,2
335,feature.Yield.unmanaged.Total,,455
336,feature.Area.og1.ICH_SX_L,,157
336,feature.Area.og1.total,,157
336,feature.Area.og2.ICH_SX_L,,25
336,feature.Area.og2.total,,25
336,feature.Area.unmanaged,,23
336,feature.Yield.unmanaged.Total,,456
337,feature.Area.og1.ICH_CW_M,,431
337,feature.Area.og1.total,,431
337,feature.Area.og2.ICH_CW_M,,1
337,feature.Area.og2.total,,1
337,feature.Area.unmanaged,,2
337,feature.Yield.unmanaged.Total,,457
338,feature.Area.og1.ICH_SX_H,,458
338,feature.Area.og1.total,,458
338,feature.Area.og2.ICH_SX_H,,25
338,feature.Area.og2.total,,25
338,feature.Area.unmanaged,,23
338,feature.Yield.unmanaged.Total,,459
339,feature.Area.og1.ESSF_PL_H,,322
339,feature.Area.og1.total,,322
339,feature.Area.og2.ESSF_PL_H,,1
339,feature.Area.og2.total,,1
339,feature.Area.unmanaged,,2
339,feature.Yield.unmanaged.Total,,460
340,feature.Area.og1.ICH_SX_M,,395
340,feature.Area.og1.total,,395
340,feature.Area.og2.ICH_SX_M,,1
340,feature.Area.og2.total,,1
340,feature.Area.unmanaged,,2
340,feature.Yield.unmanaged.Total,,461
341,feature.Area.og1.ICH_CW_H,,426
341,feature.Area.og1.total,,426
341,feature.Area.og2.ICH_CW_H,,1
341,feature.Area.og2.total,,1
341,feature.Area.unmanaged,,2
341,feature.Yield.unmanaged.Total,,462
342,feature.Area.og1.ICH_FD_L,,419
342,feature.Area.og1.total,,419
342,feature.Area.og2.ICH_FD_L,,1
342,feature.Area.og2.total,,1
342,feature.Area.unmanaged,,2
342,feature.Yield.unmanaged.Total,,463
343,feature.Area.og1.ICH_FD_H,,445
343,feature.Area.og1.total,,445
343,feature.Area.og2.ICH_FD_H,,1
343,feature.Area.og2.total,,1
343,feature.Area.unmanaged,,2
343,feature.Yield.unmanaged.Total,,464
344,feature.Area.og1.ESSF_PL_M,,465
344,feature.Area.og1.total,,465
344,feature.Area.og2.ESSF_PL_M,,25
344,feature.Area.og2.total,,25
344,feature.Area.unmanaged,,23
344,feature.Yield.unmanaged.Total,,466
345,feature.Area.og1.ICH_FD_H,,445
345,feature.Area.og1.total,,445
345,feature.Area.og2.ICH_FD_H,,1
345,feature.Area.og2.total,,1
345,feature.Area.unmanaged,,2
345,feature.Yield.unmanaged.Total,,467
346,feature.Area.og1.ICH_FD_H,,445
346,feature.Area.og1.total,,445
346,feature.Area.og2.ICH_FD_H,,1
346,feature.Area.og2.total,,1
346,feature.Area.unmanaged,,2
346,feature.Yield.unmanaged.Total,,468
347,feature.Area.og1.ICH_FD_M,,378
347,feature.Area.og1.total,,378
347,feature.Area.og2.ICH_FD_M,,1
347,feature.Area.og2.total,,1
347,feature.Area.unmanaged,,2
347,feature.Yield.unmanaged.Total,,442
348,feature.Area.og1.ESSF_PL_M,,329
348,feature.Area.og1.total,,329
348,feature.Area.og2.ESSF_PL_M,,1
348,feature.Area.og2.total,,1
348,feature.Area.unmanaged,,2
348,feature.Yield.unmanaged.Total,,469
349,feature.Area.og1.ESSF_PL_L,,470
349,feature.Area.og1.total,,470
349,feature.Area.og2.ESSF_PL_L,,1
349,feature.Area.og2.total,,1
349,feature.Area.unmanaged,,2
349,feature.Yield.unmanaged.Total,,471
350,feature.Area.managed,,2
350,feature.Area.og1.ESSF_PL_L,,470
350,feature.Area.og1.total,,470
350,feature.Area.og2.ESSF_PL_L,,1
350,feature.Area.og2.total,,1
350,feature.Yield.managed.Total,,472
351,feature.Area.managed,,2
351,feature.Area.og1.ESSF_PL_L,,470
351,feature.Area.og1.total,,470
351,feature.Area.og2.ESSF_PL_L,,1
351,feature.Area.og2.total,,1
351,feature.Yield.managed.Total,,472
352,feature.Area.og1.ESSF_PL_L,,470
352,feature.Area.og1.total,,470
352,feature.Area.og2.ESSF_PL_L,,1
352,feature.Area.og2.total,,1
352,feature.Area.unmanaged,,2
352,feature.Yield.unmanaged.Total,,474
353,feature.Area.og1.ESSF_PLI_L,,475
353,feature.Area.og1.total,,475
353,feature.Area.og2.ESSF_PLI_L,,25
353,feature.Area.og2.total,,25
353,feature.Area.unmanaged,,23
353,feature.Yield.unmanaged.Total,,476
354,feature.Area.managed,,23
354,feature.Area.og1.ESSF_PLI_L,,475
354,feature.Area.og1.total,,475
354,feature.Area.og2.ESSF_PLI_L,,25
354,feature.Area.og2.total,,25
354,feature.Yield.managed.Total,,477
355,feature.Area.og1.ICH_FD_M,,378
355,feature.Area.og1.total,,378
355,feature.Area.og2.ICH_FD_M,,1
355,feature.Area.og2.total,,1
355,feature.Area.unmanaged,,2
355,feature.Yield.unmanaged.Total,,479
356,feature.Area.og1.ICH_FD_L,,419
356,feature.Area.og1.total,,419
356,feature.Area.og2.ICH_FD_L,,1
356,feature.Area.og2.total,,1
356,feature.Area.unmanaged,,2
356,feature.Yield.unmanaged.Total,,480
357,feature.Area.og1.MS_PLI_M,,290
357,feature.Area.og1.total,,290
357,feature.Area.og2.MS_PLI_M,,1
357,feature.Area.og2.total,,1
357,feature.Area.unmanaged,,2
357,feature.Yield.unmanaged.Total,,481
358,feature.Area.og1.MS_PLI_L,,344
358,feature.Area.og1.total,,344
358,feature.Area.og2.MS_PLI_L,,25
358,feature.Area.og2.total,,25
358,feature.Area.unmanaged,,23
358,feature.Yield.unmanaged.Total,,482
359,feature.Area.og1.ESSF_SE_L,,355
359,feature.Area.og1.total,,355
359,feature.Area.og2.ESSF_SE_L,,25
359,feature.Area.og2.total,,25
359,feature.Area.unmanaged,,23
359,feature.Yield.unmanaged.Total,,483
360,feature.Area.og1.ESSF_SE_L,,309
360,feature.Area.og1.total,,309
360,feature.Area.og2.ESSF_SE_L,,1
360,feature.Area.og2.total,,1
360,feature.Area.unmanaged,,2
360,feature.Yield.unmanaged.Total,,484
361,feature.Area.og1.MS_PL_L,,485
361,feature.Area.og1.total,,485
361,feature.Area.og2.MS_PL_L,,25
361,feature.Area.og2.total,,25
361,feature.Area.unmanaged,,23
361,feature.Yield.unmanaged.Total,,486
362,feature.Area.managed,,2
362,feature.Area.og1.MS_PL_L,,282
362,feature.Area.og1.total,,282
362,feature.Area.og2.MS_PL_L,,1
362,feature.Area.og2.total,,1
362,feature.Yield.managed.Total,,487
363,feature.Area.og1.ICH_FD_L,,419
363,feature.Area.og1.total,,419
363,feature.Area.og2.ICH_FD_L,,1
363,feature.Area.og2.total,,1
363,feature.Area.unmanaged,,2
363,feature.Yield.unmanaged.Total,,489
364,feature.Area.og1.SBS_SX_H,,490
364,feature.Area.og1.total,,490
364,feature.Area.og2.SBS_SX_H,,1
364,feature.Area.og2.total,,1
364,feature.Area.unmanaged,,2
364,feature.Yield.unmanaged.Total,,491
365,feature.Area.managed,,2
365,feature.Area.og1.SBS_SX_H,,490
365,feature.Area.og1.total,,490
365,feature.Area.og2.SBS_SX_H,,1
365,feature.Area.og2.total,,1
365,feature.Yield.managed.Total,,492
366,feature.Area.managed,,2
366,feature.Area.og1.SBS_SX_H,,490
366,feature.Area.og1.total,,490
366,feature.Area.og2.SBS_SX_H,,1
366,feature.Area.og2.total,,1
366,feature.Yield.managed.Total,,492
367,feature.Area.og1.SBS_SX_H,,490
367,feature.Area.og1.total,,490
367,feature.Area.og2.SBS_SX_H,,1
367,feature.Area.og2.total,,1
367,feature.Area.unmanaged,,2
367,feature.Yield.unmanaged.Total,,494
368,feature.Area.og1.SBS_FDI_L,,112
368,feature.Area.og1.total,,112
368,feature.Area.og2.SBS_FDI_L,,1
368,feature.Area.og2.total,,1
368,feature.Area.unmanaged,,2
368,feature.Yield.unmanaged.Total,,495
369,feature.Area.og1.SBS_SX_L,,159
369,feature.Area.og1.total,,159
369,feature.Area.og2.SBS_SX_L,,1
369,feature.Area.og2.total,,1
369,feature.Area.unmanaged,,2
369,feature.Yield.unmanaged.Total,,496
370,feature.Area.managed,,2
370,feature.Area.og1.SBS_SX_L,,159
370,feature.Area.og1.total,,159
370,feature.Area.og2.SBS_SX_L,,1
370,feature.Area.og2.total,,1
370,feature.Yield.managed.Total,,497
371,feature.Area.og1.SBS_SX_M,,376
371,feature.Area.og1.total,,376
371,feature.Area.og2.SBS_SX_M,,1
371,feature.Area.og2.total,,1
371,feature.Area.unmanaged,,2
371,feature.Yield.unmanaged.Total,,499
372,feature.Area.og1.SBS_SX_M,,376
372,feature.Area.og1.total,,376
372,feature.Area.og2.SBS_SX_M,,1
372,feature.Area.og2.total,,1
372,feature.Area.unmanaged,,2
372,feature.Yield.unmanaged.Total,,377
373,feature.Area.managed,,23
373,feature.Area.og1.SBS_SX_M,,500
373,feature.Area.og1.total,,500
373,feature.Area.og2.SBS_SX_M,,25
373,feature.Area.og2.total,,25
373,feature.Yield.managed.Total,,501
374,feature.Area.og1.SBS_FDI_H,,395
374,feature.Area.og1.total,,395
374,feature.Area.og2.SBS_FDI_H,,1
374,feature.Area.og2.total,,1
374,feature.Area.unmanaged,,2
374,feature.Yield.unmanaged.Total,,504
375,feature.Area.og1.SBS_FDI_H,,395
375,feature.Area.og1.total,,395
375,feature.Area.og2.SBS_FDI_H,,1
375,feature.Area.og2.total,,1
375,feature.Area.unmanaged,,2
375,feature.Yield.unmanaged.Total,,504
376,feature.Area.managed,,2
376,feature.Area.og1.SBS_FDI_H,,395
376,feature.Area.og1.total,,395
376,feature.Area.og2.SBS_FDI_H,,1
376,feature.Area.og2.total,,1
376,feature.Yield.managed.Total,,505
377,feature.Area.managed,,2
377,feature.Area.og1.SBS_FDI_H,,395
377,feature.Area.og1.total,,395
377,feature.Area.og2.SBS_FDI_H,,1
377,feature.Area.og2.total,,1
377,feature.Yield.managed.Total,,505
378,feature.Area.og1.SBS_SX_H,,490
378,feature.Area.og1.total,,490
378,feature.Area.og2.SBS_SX_H,,1
378,feature.Area.og2.total,,1
378,feature.Area.unmanaged,,2
378,feature.Yield.unmanaged.Total,,507
379,feature.Area.og1.SBS_FDI_H,,395
379,feature.Area.og1.total,,395
379,feature.Area.og2.SBS_FDI_H,,1
379,feature.Area.og2.total,,1
379,feature.Area.unmanaged,,2
379,feature.Yield.unmanaged.Total,,504
380,feature.Area.og1.SBS_FDI_M,,378
380,feature.Area.og1.total,,378
380,feature.Area.og2.SBS_FDI_M,,1
380,feature.Area.og2.total,,1
380,feature.Area.unmanaged,,2
380,feature.Yield.unmanaged.Total,,379
381,feature.Area.og1.SBS_SX_L,,159
381,feature.Area.og1.total,,159
381,feature.Area.og2.SBS_SX_L,,1
381,feature.Area.og2.total,,1
381,feature.Area.unmanaged,,2
381,feature.Yield.unmanaged.Total,,163
382,feature.Area.og1.SBS_SX_H,,490
382,feature.Area.og1.total,,490
382,feature.Area.og2.SBS_SX_H,,1
382,feature.Area.og2.total,,1
382,feature.Area.unmanaged,,2
382,feature.Yield.unmanaged.Total,,508
383,feature.Area.og1.SBS_FDI_H,,395
383,feature.Area.og1.total,,395
383,feature.Area.og2.SBS_FDI_H,,1
383,feature.Area.og2.total,,1
383,feature.Area.unmanaged,,2
383,feature.Yield.unmanaged.Total,,509
384,feature.Area.og1.SBS_FDI_M,,378
384,feature.Area.og1.total,,378
384,feature.Area.og2.SBS_FDI_M,,1
384,feature.Area.og2.total,,1
384,feature.Area.unmanaged,,2
384,feature.Yield.unmanaged.Total,,510
385,feature.Area.og1.ICH_FD_M,,378
385,feature.Area.og1.total,,378
385,feature.Area.og2.ICH_FD_M,,1
385,feature.Area.og2.total,,1
385,feature.Area.unmanaged,,2
385,feature.Yield.unmanaged.Total,,511
386,feature.Area.og1.SBS_FDI_L,,112
386,feature.Area.og1.total,,112
386,feature.Area.og2.SBS_FDI_L,,1
386,feature.Area.og2.total,,1
386,feature.Area.unmanaged,,2
386,feature.Yield.unmanaged.Total,,512
387,feature.Area.og1.ESSF_BL_M,,59
387,feature.Area.og1.total,,59
387,feature.Area.og2.ESSF_BL_M,,1
387,feature.Area.og2.total,,1
387,feature.Area.unmanaged,,2
387,feature.Yield.unmanaged.Total,,513
388,feature.Area.og1.ESSF_BL_M,,59
388,feature.Area.og1.total,,59
388,feature.Area.og2.ESSF_BL_M,,1
388,feature.Area.og2.total,,1
388,feature.Area.unmanaged,,2
388,feature.Yield.unmanaged.Total,,408
389,feature.Area.og1.MS_PLI_H,,268
389,feature.Area.og1.total,,268
389,feature.Area.og2.MS_PLI_H,,1
389,feature.Area.og2.total,,1
389,feature.Area.unmanaged,,2
389,feature.Yield.unmanaged.Total,,514
390,feature.Area.managed,,2
390,feature.Area.og1.MS_PLI_H,,268
390,feature.Area.og1.total,,268
390,feature.Area.og2.MS_PLI_H,,1
390,feature.Area.og2.total,,1
390,feature.Yield.managed.Total,,515
391,feature.Area.og1.MS_PLI_H,,268
391,feature.Area.og1.total,,268
391,feature.Area.og2.MS_PLI_H,,1
391,feature.Area.og2.total,,1
391,feature.Area.unmanaged,,2
391,feature.Yield.unmanaged.Total,,517
392,feature.Area.managed,,2
392,feature.Area.og1.MS_PLI_H,,268
392,feature.Area.og1.total,,268
392,feature.Area.og2.MS_PLI_H,,1
392,feature.Area.og2.total,,1
392,feature.Yield.managed.Total,,518
393,feature.Area.og1.MS_PL_H,,102
393,feature.Area.og1.total,,102
393,feature.Area.og2.MS_PL_H,,1
393,feature.Area.og2.total,,1
393,feature.Area.unmanaged,,2
393,feature.Yield.unmanaged.Total,,115
394,feature.Area.managed,,2
394,feature.Area.og1.MS_PL_H,,102
394,feature.Area.og1.total,,102
394,feature.Area.og2.MS_PL_H,,1
394,feature.Area.og2.total,,1
394,feature.Yield.managed.Total,,520
395,feature.Area.managed,,2
395,feature.Area.og1.MS_PL_H,,102
395,feature.Area.og1.total,,102
395,feature.Area.og2.MS_PL_H,,1
395,feature.Area.og2.total,,1
395,feature.Yield.managed.Total,,520
396,feature.Area.og1.MS_PLI_L,,284
396,feature.Area.og1.total,,284
396,feature.Area.og2.MS_PLI_L,,1
396,feature.Area.og2.total,,1
396,feature.Area.unmanaged,,2
396,feature.Yield.unmanaged.Total,,522
397,feature.Area.managed,,2
397,feature.Area.og1.MS_PLI_L,,284
397,feature.Area.og1.total,,284
397,feature.Area.og2.MS_PLI_L,,1
397,feature.Area.og2.total,,1
397,feature.Yield.managed.Total,,523
398,feature.Area.managed,,2
398,feature.Area.og1.MS_PLI_L,,284
398,feature.Area.og1.total,,284
398,feature.Area.og2.MS_PLI_L,,1
398,feature.Area.og2.total,,1
398,feature.Yield.managed.Total,,523
399,feature.Area.og1.MS_PL_M,,290
399,feature.Area.og1.total,,290
399,feature.Area.og2.MS_PL_M,,1
399,feature.Area.og2.total,,1
399,feature.Area.unmanaged,,2
399,feature.Yield.unmanaged.Total,,371
400,feature.Area.managed,,2
400,feature.Area.og1.MS_PL_M,,290
400,feature.Area.og1.total,,290
400,feature.Area.og2.MS_PL_M,,1
400,feature.Area.og2.total,,1
400,feature.Yield.managed.Total,,525
401,feature.Area.managed,,2
401,feature.Area.og1.MS_PL_M,,290
401,feature.Area.og1.total,,290
401,feature.Area.og2.MS_PL_M,,1
401,feature.Area.og2.total,,1
401,feature.Yield.managed.Total,,525
402,feature.Area.og1.MS_PLI_M,,290
402,feature.Area.og1.total,,290
402,feature.Area.og2.MS_PLI_M,,1
402,feature.Area.og2.total,,1
402,feature.Area.unmanaged,,2
402,feature.Yield.unmanaged.Total,,527
403,feature.Area.managed,,23
403,feature.Area.og1.MS_PLI_M,,288
403,feature.Area.og1.total,,288
403,feature.Area.og2.MS_PLI_M,,25
403,feature.Area.og2.total,,25
403,feature.Yield.managed.Total,,528
404,feature.Area.managed,,23
404,feature.Area.og1.MS_PLI_M,,288
404,feature.Area.og1.total,,288
404,feature.Area.og2.MS_PLI_M,,25
404,feature.Area.og2.total,,25
404,feature.Yield.managed.Total,,528
405,feature.Area.og1.MS_PL_H,,104
405,feature.Area.og1.total,,104
405,feature.Area.og2.MS_PL_H,,25
405,feature.Area.og2.total,,25
405,feature.Area.unmanaged,,23
405,feature.Yield.unmanaged.Total,,530
406,feature.Area.og1.MS_PLI_M,,290
406,feature.Area.og1.total,,290
406,feature.Area.og2.MS_PLI_M,,1
406,feature.Area.og2.total,,1
406,feature.Area.unmanaged,,2
406,feature.Yield.unmanaged.Total,,531
407,feature.Area.og1.ESSF_PL_L,,470
407,feature.Area.og1.total,,470
407,feature.Area.og2.ESSF_PL_L,,1
407,feature.Area.og2.total,,1
407,feature.Area.unmanaged,,2
407,feature.Yield.unmanaged.Total,,532
408,feature.Area.og1.ICH_CW_M,,431
408,feature.Area.og1.total,,431
408,feature.Area.og2.ICH_CW_M,,1
408,feature.Area.og2.total,,1
408,feature.Area.unmanaged,,2
408,feature.Yield.unmanaged.Total,,533
409,feature.Area.og1.ICH_CW_M,,431
409,feature.Area.og1.total,,431
409,feature.Area.og2.ICH_CW_M,,1
409,feature.Area.og2.total,,1
409,feature.Area.unmanaged,,2
409,feature.Yield.unmanaged.Total,,534
410,feature.Area.og1.ICH_CW_L,,435
410,feature.Area.og1.total,,435
410,feature.Area.og2.ICH_CW_L,,1
410,feature.Area.og2.total,,1
410,feature.Area.unmanaged,,2
410,feature.Yield.unmanaged.Total,,535
411,feature.Area.og1.ESSF_PL_L,,470
411,feature.Area.og1.total,,470
411,feature.Area.og2.ESSF_PL_L,,1
411,feature.Area.og2.total,,1
411,feature.Area.unmanaged,,2
411,feature.Yield.unmanaged.Total,,536
412,feature.Area.og1.ICH_CW_L,,435
412,feature.Area.og1.total,,435
412,feature.Area.og2.ICH_CW_L,,1
412,feature.Area.og2.total,,1
412,feature.Area.unmanaged,,2
412,feature.Yield.unmanaged.Total,,537
413,feature.Area.og1.ESSF_SE_M,,333
413,feature.Area.og1.total,,333
413,feature.Area.og2.ESSF_SE_M,,1
413,feature.Area.og2.total,,1
413,feature.Area.unmanaged,,2
413,feature.Yield.unmanaged.Total,,538
414,feature.Area.managed,,2
414,feature.Area.og1.ESSF_SE_M,,333
414,feature.Area.og1.total,,333
414,feature.Area.og2.ESSF_SE_M,,1
414,feature.Area.og2.total,,1
414,feature.Yield.managed.Total,,539
415,feature.Area.managed,,2
415,feature.Area.og1.ESSF_SE_M,,333
415,feature.Area.og1.total,,333
415,feature.Area.og2.ESSF_SE_M,,1
415,feature.Area.og2.total,,1
415,feature.Yield.managed.Total,,539
416,feature.Area.og1.ESSF_SE_L,,309
416,feature.Area.og1.total,,309
416,feature.Area.og2.ESSF_SE_L,,1
416,feature.Area.og2.total,,1
416,feature.Area.unmanaged,,2
416,feature.Yield.unmanaged.Total,,541
417,feature.Area.managed,,2
417,feature.Area.og1.ESSF_SE_L,,309
417,feature.Area.og1.total,,309
417,feature.Area.og2.ESSF_SE_L,,1
417,feature.Area.og2.total,,1
417,feature.Yield.managed.Total,,542
418,feature.Area.managed,,2
418,feature.Area.og1.ESSF_SE_L,,309
418,feature.Area.og1.total,,309
418,feature.Area.og2.ESSF_SE_L,,1
418,feature.Area.og2.total,,1
418,feature.Yield.managed.Total,,542
419,feature.Area.og1.MS_PL_M,,290
419,feature.Area.og1.total,,290
419,feature.Area.og2.MS_PL_M,,1
419,feature.Area.og2.total,,1
419,feature.Area.unmanaged,,2
419,feature.Yield.unmanaged.Total,,544
420,feature.Area.og1.ESSF_BL_L,,347
420,feature.Area.og1.total,,347
420,feature.Area.og2.ESSF_BL_L,,25
420,feature.Area.og2.total,,25
420,feature.Area.unmanaged,,23
420,feature.Yield.unmanaged.Total,,545
421,feature.Area.managed,,23
421,feature.Area.og1.ESSF_BL_L,,347
421,feature.Area.og1.total,,347
421,feature.Area.og2.ESSF_BL_L,,25
421,feature.Area.og2.total,,25
421,feature.Yield.managed.Total,,546
422,feature.Area.og1.ESSF_PLI_H,,305
422,feature.Area.og1.total,,305
422,feature.Area.og2.ESSF_PLI_H,,1
422,feature.Area.og2.total,,1
422,feature.Area.unmanaged,,2
422,feature.Yield.unmanaged.Total,,549
423,feature.Area.managed,,2
423,feature.Area.og1.ESSF_PLI_H,,305
423,feature.Area.og1.total,,305
423,feature.Area.og2.ESSF_PLI_H,,1
423,feature.Area.og2.total,,1
423,feature.Yield.managed.Total,,550
424,feature.Area.managed,,2
424,feature.Area.og1.ESSF_PLI_H,,305
424,feature.Area.og1.total,,305
424,feature.Area.og2.ESSF_PLI_H,,1
424,feature.Area.og2.total,,1
424,feature.Yield.managed.Total,,550
425,feature.Area.og1.ESSF_PLI_M,,318
425,feature.Area.og1.total,,318
425,feature.Area.og2.ESSF_PLI_M,,1
425,feature.Area.og2.total,,1
425,feature.Area.unmanaged,,2
425,feature.Yield.unmanaged.Total,,552
426,feature.Area.managed,,2
426,feature.Area.og1.ESSF_PLI_M,,318
426,feature.Area.og1.total,,318
426,feature.Area.og2.ESSF_PLI_M,,1
426,feature.Area.og2.total,,1
426,feature.Yield.managed.Total,,553
427,feature.Area.managed,,2
427,feature.Area.og1.ESSF_PLI_M,,318
427,feature.Area.og1.total,,318
427,feature.Area.og2.ESSF_PLI_M,,1
427,feature.Area.og2.total,,1
427,feature.Yield.managed.Total,,553
428,feature.Area.og1.ESSF_PLI_H,,305
428,feature.Area.og1.total,,305
428,feature.Area.og2.ESSF_PLI_H,,1
428,feature.Area.og2.total,,1
428,feature.Area.unmanaged,,2
428,feature.Yield.unmanaged.Total,,555
429,feature.Area.og1.ESSF_BL_L,,296
429,feature.Area.og1.total,,296
429,feature.Area.og2.ESSF_BL_L,,1
429,feature.Area.og2.total,,1
429,feature.Area.unmanaged,,2
429,feature.Yield.unmanaged.Total,,556
430,feature.Area.managed,,2
430,feature.Area.og1.ESSF_BL_L,,296
430,feature.Area.og1.total,,296
430,feature.Area.og2.ESSF_BL_L,,1
430,feature.Area.og2.total,,1
430,feature.Yield.managed.Total,,557
431,feature.Area.og1.ESSF_BL_M,,59
431,feature.Area.og1.total,,59
431,feature.Area.og2.ESSF_BL_M,,1
431,feature.Area.og2.total,,1
431,feature.Area.unmanaged,,2
431,feature.Yield.unmanaged.Total,,558
432,feature.Area.managed,,2
432,feature.Area.og1.ESSF_BL_M,,59
432,feature.Area.og1.total,,59
432,feature.Area.og2.ESSF_BL_M,,1
432,feature.Area.og2.total,,1
432,feature.Yield.managed.Total,,559
433,feature.Area.managed,,2
433,feature.Area.og1.ESSF_BL_M,,59
433,feature.Area.og1.total,,59
433,feature.Area.og2.ESSF_BL_M,,1
433,feature.Area.og2.total,,1
433,feature.Yield.managed.Total,,559
434,feature.Area.og1.SBPS_PL_M,,16
434,feature.Area.og1.total,,16
434,feature.Area.og2.SBPS_PL_M,,1
434,feature.Area.og2.total,,1
434,feature.Area.unmanaged,,2
434,feature.Yield.unmanaged.Total,,75
435,feature.Area.managed,,2
435,feature.Area.og1.SBPS_PL_M,,16
435,feature.Area.og1.total,,16
435,feature.Area.og2.SBPS_PL_M,,1
435,feature.Area.og2.total,,1
435,feature.Yield.managed.Total,,76
436,feature.Area.og1.ESSF_BL_H,,364
436,feature.Area.og1.total,,364
436,feature.Area.og2.ESSF_BL_H,,1
436,feature.Area.og2.total,,1
436,feature.Area.unmanaged,,2
436,feature.Yield.unmanaged.Total,,561
437,feature.Area.managed,,2
437,feature.Area.og1.ESSF_BL_H,,364
437,feature.Area.og1.total,,364
437,feature.Area.og2.ESSF_BL_H,,1
437,feature.Area.og2.total,,1
437,feature.Yield.managed.Total,,562
438,feature.Area.managed,,2
438,feature.Area.og1.ESSF_BL_H,,364
438,feature.Area.og1.total,,364
438,feature.Area.og2.ESSF_BL_H,,1
438,feature.Area.og2.total,,1
438,feature.Yield.managed.Total,,562
439,feature.Area.og1.IDF_PL_M,,29
439,feature.Area.og1.total,,29
439,feature.Area.og2.IDF_PL_M,,1
439,feature.Area.og2.total,,1
439,feature.Area.unmanaged,,2
439,feature.Yield.unmanaged.Total,,564
440,feature.Area.og1.IDF_PL_L,,7
440,feature.Area.og1.total,,7
440,feature.Area.og2.IDF_PL_L,,1
440,feature.Area.og2.total,,1
440,feature.Area.unmanaged,,2
440,feature.Yield.unmanaged.Total,,188
441,feature.Area.og1.IDF_PL_H,,12
441,feature.Area.og1.total,,12
441,feature.Area.og2.IDF_PL_H,,1
441,feature.Area.og2.total,,1
441,feature.Area.unmanaged,,2
441,feature.Yield.unmanaged.Total,,565
442,feature.Area.og1.MS_PL_L,,282
442,feature.Area.og1.total,,282
442,feature.Area.og2.MS_PL_L,,1
442,feature.Area.og2.total,,1
442,feature.Area.unmanaged,,2
442,feature.Yield.unmanaged.Total,,566
443,feature.Area.managed,,2
443,feature.Area.og1.MS_PL_L,,282
443,feature.Area.og1.total,,282
443,feature.Area.og2.MS_PL_L,,1
443,feature.Area.og2.total,,1
443,feature.Yield.managed.Total,,567
444,feature.Area.og1.ESSF_PL_H,,322
444,feature.Area.og1.total,,322
444,feature.Area.og2.ESSF_PL_H,,1
444,feature.Area.og2.total,,1
444,feature.Area.unmanaged,,2
444,feature.Yield.unmanaged.Total,,440
445,feature.Area.managed,,2
445,feature.Area.og1.ESSF_PL_H,,322
445,feature.Area.og1.total,,322
445,feature.Area.og2.ESSF_PL_H,,1
445,feature.Area.og2.total,,1
445,feature.Yield.managed.Total,,569
446,feature.Area.og1.MS_PLI_L,,284
446,feature.Area.og1.total,,284
446,feature.Area.og2.MS_PLI_L,,1
446,feature.Area.og2.total,,1
446,feature.Area.unmanaged,,2
446,feature.Yield.unmanaged.Total,,571
447,feature.Area.og1.ESSF_PL_M,,465
447,feature.Area.og1.total,,465
447,feature.Area.og2.ESSF_PL_M,,25
447,feature.Area.og2.total,,25
447,feature.Area.unmanaged,,23
447,feature.Yield.unmanaged.Total,,572
448,feature.Area.managed,,2
448,feature.Area.og1.ESSF_PL_M,,329
448,feature.Area.og1.total,,329
448,feature.Area.og2.ESSF_PL_M,,1
448,feature.Area.og2.total,,1
448,feature.Yield.managed.Total,,573
449,feature.Area.managed,,2
449,feature.Area.og1.ESSF_PL_M,,329
449,feature.Area.og1.total,,329
449,feature.Area.og2.ESSF_PL_M,,1
449,feature.Area.og2.total,,1
449,feature.Yield.managed.Total,,573
450,feature.Area.og1.ESSF_PL_H,,322
450,feature.Area.og1.total,,322
450,feature.Area.og2.ESSF_PL_H,,1
450,feature.Area.og2.total,,1
450,feature.Area.unmanaged,,2
450,feature.Yield.unmanaged.Total,,440
451,feature.Area.managed,,2
451,feature.Area.og1.ESSF_PL_H,,322
451,feature.Area.og1.total,,322
451,feature.Area.og2.ESSF_PL_H,,1
451,feature.Area.og2.total,,1
451,feature.Yield.managed.Total,,575
452,feature.Area.og1.ESSF_PL_L,,470
452,feature.Area.og1.total,,470
452,feature.Area.og2.ESSF_PL_L,,1
452,feature.Area.og2.total,,1
452,feature.Area.unmanaged,,2
452,feature.Yield.unmanaged.Total,,577
453,feature.Area.managed,,2
453,feature.Area.og1.ESSF_PL_L,,470
453,feature.Area.og1.total,,470
453,feature.Area.og2.ESSF_PL_L,,1
453,feature.Area.og2.total,,1
453,feature.Yield.managed.Total,,578
454,feature.Area.managed,,2
454,feature.Area.og1.ESSF_PL_L,,470
454,feature.Area.og1.total,,470
454,feature.Area.og2.ESSF_PL_L,,1
454,feature.Area.og2.total,,1
454,feature.Yield.managed.Total,,578
455,feature.Area.og1.ESSF_BL_M,,59
455,feature.Area.og1.total,,59
455,feature.Area.og2.ESSF_BL_M,,1
455,feature.Area.og2.total,,1
455,feature.Area.unmanaged,,2
455,feature.Yield.unmanaged.Total,,580
456,feature.Area.og1.ESSF_BL_H,,364
456,feature.Area.og1.total,,364
456,feature.Area.og2.ESSF_BL_H,,1
456,feature.Area.og2.total,,1
456,feature.Area.unmanaged,,2
456,feature.Yield.unmanaged.Total,,581
457,feature.Area.og1.SBS_FDI_L,,112
457,feature.Area.og1.total,,112
457,feature.Area.og2.SBS_FDI_L,,1
457,feature.Area.og2.total,,1
457,feature.Area.unmanaged,,2
457,feature.Yield.unmanaged.Total,,582
458,feature.Area.managed,,2
458,feature.Area.og1.SBS_FDI_L,,112
458,feature.Area.og1.total,,112
458,feature.Area.og2.SBS_FDI_L,,1
458,feature.Area.og2.total,,1
458,feature.Yield.managed.Total,,583
459,feature.Area.managed,,2
459,feature.Area.og1.SBS_FDI_L,,112
459,feature.Area.og1.total,,112
459,feature.Area.og2.SBS_FDI_L,,1
459,feature.Area.og2.total,,1
459,feature.Yield.managed.Total,,583
460,feature.Area.og1.ESSF_SE_H,,585
460,feature.Area.og1.total,,585
460,feature.Area.og2.ESSF_SE_H,,25
460,feature.Area.og2.total,,25
460,feature.Area.unmanaged,,23
460,feature.Yield.unmanaged.Total,,586
461,feature.Area.managed,,2
461,feature.Area.og1.ESSF_SE_H,,301
461,feature.Area.og1.total,,301
461,feature.Area.og2.ESSF_SE_H,,1
461,feature.Area.og2.total,,1
461,feature.Yield.managed.Total,,587
462,feature.Area.managed,,2
462,feature.Area.og1.ESSF_SE_H,,301
462,feature.Area.og1.total,,301
462,feature.Area.og2.ESSF_SE_H,,1
462,feature.Area.og2.total,,1
462,feature.Yield.managed.Total,,587
463,feature.Area.og1.ESSF_PLI_M,,589
463,feature.Area.og1.total,,589
463,feature.Area.og2.ESSF_PLI_M,,25
463,feature.Area.og2.total,,25
463,feature.Area.unmanaged,,23
463,feature.Yield.unmanaged.Total,,590
464,feature.Area.og1.ESSF_PL_L,,470
464,feature.Area.og1.total,,470
464,feature.Area.og2.ESSF_PL_L,,1
464,feature.Area.og2.total,,1
464,feature.Area.unmanaged,,2
464,feature.Yield.unmanaged.Total,,536
465,feature.Area.og1.ICH_CW_L,,435
465,feature.Area.og1.total,,435
465,feature.Area.og2.ICH_CW_L,,1
465,feature.Area.og2.total,,1
465,feature.Area.unmanaged,,2
465,feature.Yield.unmanaged.Total,,591
466,feature.Area.managed,,2
466,feature.Area.og1.ICH_CW_L,,435
466,feature.Area.og1.total,,435
466,feature.Area.og2.ICH_CW_L,,1
466,feature.Area.og2.total,,1
466,feature.Yield.managed.Total,,592
467,feature.Area.managed,,2
467,feature.Area.og1.ICH_CW_L,,435
467,feature.Area.og1.total,,435
467,feature.Area.og2.ICH_CW_L,,1
467,feature.Area.og2.total,,1
467,feature.Yield.managed.Total,,592
468,feature.Area.og1.ESSF_SE_H,,585
468,feature.Area.og1.total,,585
468,feature.Area.og2.ESSF_SE_H,,25
468,feature.Area.og2.total,,25
468,feature.Area.unmanaged,,23
468,feature.Yield.unmanaged.Total,,594
469,feature.Area.og1.ICH_SX_L,,59
469,feature.Area.og1.total,,59
469,feature.Area.og2.ICH_SX_L,,1
469,feature.Area.og2.total,,1
469,feature.Area.unmanaged,,2
469,feature.Yield.unmanaged.Total,,595
470,feature.Area.managed,,2
470,feature.Area.og1.ICH_SX_L,,59
470,feature.Area.og1.total,,59
470,feature.Area.og2.ICH_SX_L,,1
470,feature.Area.og2.total,,1
470,feature.Yield.managed.Total,,596
471,feature.Area.managed,,2
471,feature.Area.og1.ICH_SX_L,,59
471,feature.Area.og1.total,,59
471,feature.Area.og2.ICH_SX_L,,1
471,feature.Area.og2.total,,1
471,feature.Yield.managed.Total,,596
472,feature.Area.og1.ICH_SX_M,,395
472,feature.Area.og1.total,,395
472,feature.Area.og2.ICH_SX_M,,1
472,feature.Area.og2.total,,1
472,feature.Area.unmanaged,,2
472,feature.Yield.unmanaged.Total,,598
473,feature.Area.managed,,23
473,feature.Area.og1.ICH_SX_M,,414
473,feature.Area.og1.total,,414
473,feature.Area.og2.ICH_SX_M,,25
473,feature.Area.og2.total,,25
473,feature.Yield.managed.Total,,599
474,feature.Area.managed,,23
474,feature.Area.og1.ICH_SX_M,,414
474,feature.Area.og1.total,,414
474,feature.Area.og2.ICH_SX_M,,25
474,feature.Area.og2.total,,25
474,feature.Yield.managed.Total,,599
475,feature.Area.og1.ICH_FD_M,,602
475,feature.Area.og1.total,,602
475,feature.Area.og2.ICH_FD_M,,25
475,feature.Area.og2.total,,25
475,feature.Area.unmanaged,,23
475,feature.Yield.unmanaged.Total,,603
476,feature.Area.managed,,2
476,feature.Area.og1.ICH_FD_M,,378
476,feature.Area.og1.total,,378
476,feature.Area.og2.ICH_FD_M,,1
476,feature.Area.og2.total,,1
476,feature.Yield.managed.Total,,604
477,feature.Area.managed,,2
477,feature.Area.og1.ICH_FD_M,,378
477,feature.Area.og1.total,,378
477,feature.Area.og2.ICH_FD_M,,1
477,feature.Area.og2.total,,1
477,feature.Yield.managed.Total,,604
478,feature.Area.og1.ICH_CW_M,,606
478,feature.Area.og1.total,,606
478,feature.Area.og2.ICH_CW_M,,25
478,feature.Area.og2.total,,25
478,feature.Area.unmanaged,,23
478,feature.Yield.unmanaged.Total,,607
479,feature.Area.managed,,2
479,feature.Area.og1.ICH_CW_M,,431
479,feature.Area.og1.total,,431
479,feature.Area.og2.ICH_CW_M,,1
479,feature.Area.og2.total,,1
479,feature.Yield.managed.Total,,608
480,feature.Area.managed,,2
480,feature.Area.og1.ICH_CW_M,,431
480,feature.Area.og1.total,,431
480,feature.Area.og2.ICH_CW_M,,1
480,feature.Area.og2.total,,1
480,feature.Yield.managed.Total,,608
481,feature.Area.og1.SBS_SX_L,,610
481,feature.Area.og1.total,,610
481,feature.Area.og2.SBS_SX_L,,25
481,feature.Area.og2.total,,25
481,feature.Area.unmanaged,,23
481,feature.Yield.unmanaged.Total,,611
482,feature.Area.managed,,2
482,feature.Area.og1.SBS_SX_L,,159
482,feature.Area.og1.total,,159
482,feature.Area.og2.SBS_SX_L,,1
482,feature.Area.og2.total,,1
482,feature.Yield.managed.Total,,612
483,feature.Area.managed,,2
483,feature.Area.og1.SBS_SX_L,,159
483,feature.Area.og1.total,,159
483,feature.Area.og2.SBS_SX_L,,1
483,feature.Area.og2.total,,1
483,feature.Yield.managed.Total,,612
484,feature.Area.og1.ICH_FD_L,,419
484,feature.Area.og1.total,,419
484,feature.Area.og2.ICH_FD_L,,1
484,feature.Area.og2.total,,1
484,feature.Area.unmanaged,,2
484,feature.Yield.unmanaged.Total,,614
485,feature.Area.managed,,23
485,feature.Area.og1.ICH_FD_L,,615
485,feature.Area.og1.total,,615
485,feature.Area.og2.ICH_FD_L,,25
485,feature.Area.og2.total,,25
485,feature.Yield.managed.Total,,616
486,feature.Area.managed,,23
486,feature.Area.og1.ICH_FD_L,,615
486,feature.Area.og1.total,,615
486,feature.Area.og2.ICH_FD_L,,25
486,feature.Area.og2.total,,25
486,feature.Yield.managed.Total,,616
487,feature.Area.og1.ICH_SX_H,,403
487,feature.Area.og1.total,,403
487,feature.Area.og2.ICH_SX_H,,1
487,feature.Area.og2.total,,1
487,feature.Area.unmanaged,,2
487,feature.Yield.unmanaged.Total,,618
488,feature.Area.managed,,2
488,feature.Area.og1.ICH_SX_H,,403
488,feature.Area.og1.total,,403
488,feature.Area.og2.ICH_SX_H,,1
488,feature.Area.og2.total,,1
488,feature.Yield.managed.Total,,619
489,feature.Area.og1.SBS_SX_M,,376
489,feature.Area.og1.total,,376
489,feature.Area.og2.SBS_SX_M,,1
489,feature.Area.og2.total,,1
489,feature.Area.unmanaged,,2
489,feature.Yield.unmanaged.Total,,499
490,feature.Area.managed,,23
490,feature.Area.og1.SBS_SX_M,,500
490,feature.Area.og1.total,,500
490,feature.Area.og2.SBS_SX_M,,25
490,feature.Area.og2.total,,25
490,feature.Yield.managed.Total,,621
491,feature.Area.managed,,23
491,feature.Area.og1.SBS_SX_M,,500
491,feature.Area.og1.total,,500
491,feature.Area.og2.SBS_SX_M,,25
491,feature.Area.og2.total,,25
491,feature.Yield.managed.Total,,621
492,feature.Area.og1.SBS_SX_M,,500
492,feature.Area.og1.total,,500
492,feature.Area.og2.SBS_SX_M,,25
492,feature.Area.og2.total,,25
492,feature.Area.unmanaged,,23
492,feature.Yield.unmanaged.Total,,623
493,feature.Area.og1.SBS_SX_L,,159
493,feature.Area.og1.total,,159
493,feature.Area.og2.SBS_SX_L,,1
493,feature.Area.og2.total,,1
493,feature.Area.unmanaged,,2
493,feature.Yield.unmanaged.Total,,624
494,feature.Area.og1.ICH_CW_H,,426
494,feature.Area.og1.total,,426
494,feature.Area.og2.ICH_CW_H,,1
494,feature.Area.og2.total,,1
494,feature.Area.unmanaged,,2
494,feature.Yield.unmanaged.Total,,625
495,feature.Area.managed,,2
495,feature.Area.og1.ICH_CW_H,,426
495,feature.Area.og1.total,,426
495,feature.Area.og2.ICH_CW_H,,1
495,feature.Area.og2.total,,1
495,feature.Yield.managed.Total,,626
496,feature.Area.managed,,2
496,feature.Area.og1.ICH_CW_H,,426
496,feature.Area.og1.total,,426
496,feature.Area.og2.ICH_CW_H,,1
496,feature.Area.og2.total,,1
496,feature.Yield.managed.Total,,626
497,feature.Area.og1.SBS_SX_H,,490
497,feature.Area.og1.total,,490
497,feature.Area.og2.SBS_SX_H,,1
497,feature.Area.og2.total,,1
497,feature.Area.unmanaged,,2
497,feature.Yield.unmanaged.Total,,628
498,feature.Area.managed,,2
498,feature.Area.og1.SBS_SX_H,,490
498,feature.Area.og1.total,,490
498,feature.Area.og2.SBS_SX_H,,1
498,feature.Area.og2.total,,1
498,feature.Yield.managed.Total,,629
499,feature.Area.og1.SBS_FDI_L,,112
499,feature.Area.og1.total,,112
499,feature.Area.og2.SBS_FDI_L,,1
499,feature.Area.og2.total,,1
499,feature.Area.unmanaged,,2
499,feature.Yield.unmanaged.Total,,631
500,feature.Area.og1.SBS_SX_H,,490
500,feature.Area.og1.total,,490
500,feature.Area.og2.SBS_SX_H,,1
500,feature.Area.og2.total,,1
500,feature.Area.unmanaged,,2
500,feature.Yield.unmanaged.Total,,632
501,feature.Area.managed,,2
501,feature.Area.og1.SBS_SX_H,,490
501,feature.Area.og1.total,,490
501,feature.Area.og2.SBS_SX_H,,1
501,feature.Area.og2.total,,1
501,feature.Yield.managed.Total,,633
502,feature.Area.og1.ICH_CW_H,,426
502,feature.Area.og1.total,,426
502,feature.Area.og2.ICH_CW_H,,1
502,feature.Area.og2.total,,1
502,feature.Area.unmanaged,,2
502,feature.Yield.unmanaged.Total,,635
503,feature.Area.og1.SBS_FDI_H,,395
503,feature.Area.og1.total,,395
503,feature.Area.og2.SBS_FDI_H,,1
503,feature.Area.og2.total,,1
503,feature.Area.unmanaged,,2
503,feature.Yield.unmanaged.Total,,504
504,feature.Area.managed,,2
504,feature.Area.og1.SBS_FDI_H,,395
504,feature.Area.og1.total,,395
504,feature.Area.og2.SBS_FDI_H,,1
504,feature.Area.og2.total,,1
504,feature.Yield.managed.Total,,505
505,feature.Area.managed,,2
505,feature.Area.og1.SBS_FDI_H,,395
505,feature.Area.og1.total,,395
505,feature.Area.og2.SBS_FDI_H,,1
505,feature.Area.og2.total,,1
505,feature.Yield.managed.Total,,505
506,feature.Area.og1.ICH_FD_H,,445
506,feature.Area.og1.total,,445
506,feature.Area.og2.ICH_FD_H,,1
506,feature.Area.og2.total,,1
506,feature.Area.unmanaged,,2
506,feature.Yield.unmanaged.Total,,468
507,feature.Area.managed,,23
507,feature.Area.og1.ICH_FD_H,,636
507,feature.Area.og1.total,,636
507,feature.Area.og2.ICH_FD_H,,25
507,feature.Area.og2.total,,25
507,feature.Yield.managed.Total,,637
508,feature.Area.managed,,23
508,feature.Area.og1.ICH_FD_H,,636
508,feature.Area.og1.total,,636
508,feature.Area.og2.ICH_FD_H,,25
508,feature.Area.og2.total,,25
508,feature.Yield.managed.Total,,637
509,feature.Area.og1.ICH_SX_H,,403
509,feature.Area.og1.total,,403
509,feature.Area.og2.ICH_SX_H,,1
509,feature.Area.og2.total,,1
509,feature.Area.unmanaged,,2
509,feature.Yield.unmanaged.Total,,404
510,feature.Area.managed,,2
510,feature.Area.og1.ICH_SX_H,,403
510,feature.Area.og1.total,,403
510,feature.Area.og2.ICH_SX_H,,1
510,feature.Area.og2.total,,1
510,feature.Yield.managed.Total,,640
511,feature.Area.og1.ICH_FD_H,,445
511,feature.Area.og1.total,,445
511,feature.Area.og2.ICH_FD_H,,1
511,feature.Area.og2.total,,1
511,feature.Area.unmanaged,,2
511,feature.Yield.unmanaged.Total,,446
512,feature.Area.og1.SBS_FDI_H,,395
512,feature.Area.og1.total,,395
512,feature.Area.og2.SBS_FDI_H,,1
512,feature.Area.og2.total,,1
512,feature.Area.unmanaged,,2
512,feature.Yield.unmanaged.Total,,504
513,feature.Area.og1.ICH_SX_M,,395
513,feature.Area.og1.total,,395
513,feature.Area.og2.ICH_SX_M,,1
513,feature.Area.og2.total,,1
513,feature.Area.unmanaged,,2
513,feature.Yield.unmanaged.Total,,642
514,feature.Area.og1.ICH_SX_L,,59
514,feature.Area.og1.total,,59
514,feature.Area.og2.ICH_SX_L,,1
514,feature.Area.og2.total,,1
514,feature.Area.unmanaged,,2
514,feature.Yield.unmanaged.Total,,643
515,feature.Area.og1.ESSF_SE_M,,333
515,feature.Area.og1.total,,333
515,feature.Area.og2.ESSF_SE_M,,1
515,feature.Area.og2.total,,1
515,feature.Area.unmanaged,,2
515,feature.Yield.unmanaged.Total,,644
516,feature.Area.og1.SBS_FDI_M,,602
516,feature.Area.og1.total,,602
516,feature.Area.og2.SBS_FDI_M,,25
516,feature.Area.og2.total,,25
516,feature.Area.unmanaged,,23
516,feature.Yield.unmanaged.Total,,645
517,feature.Area.managed,,2
517,feature.Area.og1.SBS_FDI_M,,378
517,feature.Area.og1.total,,378
517,feature.Area.og2.SBS_FDI_M,,1
517,feature.Area.og2.total,,1
517,feature.Yield.managed.Total,,646
518,feature.Area.og1.ESSF_PL_M,,329
518,feature.Area.og1.total,,329
518,feature.Area.og2.ESSF_PL_M,,1
518,feature.Area.og2.total,,1
518,feature.Area.unmanaged,,2
518,feature.Yield.unmanaged.Total,,648
519,feature.Area.og1.SBS_FDI_M,,378
519,feature.Area.og1.total,,378
519,feature.Area.og2.SBS_FDI_M,,1
519,feature.Area.og2.total,,1
519,feature.Area.unmanaged,,2
519,feature.Yield.unmanaged.Total,,649
520,feature.Area.managed,,2
520,feature.Area.og1.SBS_FDI_M,,378
520,feature.Area.og1.total,,378
520,feature.Area.og2.SBS_FDI_M,,1
520,feature.Area.og2.total,,1
520,feature.Yield.managed.Total,,650
521,feature.Area.og1.ICH_FD_L,,419
521,feature.Area.og1.total,,419
521,feature.Area.og2.ICH_FD_L,,1
521,feature.Area.og2.total,,1
521,feature.Area.unmanaged,,2
521,feature.Yield.unmanaged.Total,,652
522,feature.Area.og1.ESSF_PLI_L,,337
522,feature.Area.og1.total,,337
522,feature.Area.og2.ESSF_PLI_L,,1
522,feature.Area.og2.total,,1
522,feature.Area.unmanaged,,2
522,feature.Yield.unmanaged.Total,,653
523,feature.Area.managed,,2
523,feature.Area.og1.ESSF_PLI_L,,337
523,feature.Area.og1.total,,337
523,feature.Area.og2.ESSF_PLI_L,,1
523,feature.Area.og2.total,,1
523,feature.Yield.managed.Total,,477
524,feature.Area.og1.ESSF_PLI_L,,337
524,feature.Area.og1.total,,337
524,feature.Area.og2.ESSF_PLI_L,,1
524,feature.Area.og2.total,,1
524,feature.Area.unmanaged,,2
524,feature.Yield.unmanaged.Total,,654
